-- MySQL dump 10.13  Distrib 5.6.24, for Win32 (x86)
--
-- Host: eyewear.lk    Database: eyewear_dev
-- ------------------------------------------------------
-- Server version	5.6.39-83.1

/*!40101 SET @OLD_CHARACTER_SET_CLIENT=@@CHARACTER_SET_CLIENT */;
/*!40101 SET @OLD_CHARACTER_SET_RESULTS=@@CHARACTER_SET_RESULTS */;
/*!40101 SET @OLD_COLLATION_CONNECTION=@@COLLATION_CONNECTION */;
/*!40101 SET NAMES utf8 */;
/*!40103 SET @OLD_TIME_ZONE=@@TIME_ZONE */;
/*!40103 SET TIME_ZONE='+00:00' */;
/*!40014 SET @OLD_UNIQUE_CHECKS=@@UNIQUE_CHECKS, UNIQUE_CHECKS=0 */;
/*!40014 SET @OLD_FOREIGN_KEY_CHECKS=@@FOREIGN_KEY_CHECKS, FOREIGN_KEY_CHECKS=0 */;
/*!40101 SET @OLD_SQL_MODE=@@SQL_MODE, SQL_MODE='NO_AUTO_VALUE_ON_ZERO' */;
/*!40111 SET @OLD_SQL_NOTES=@@SQL_NOTES, SQL_NOTES=0 */;

--
-- Table structure for table `address`
--

DROP TABLE IF EXISTS `address`;
/*!40101 SET @saved_cs_client     = @@character_set_client */;
/*!40101 SET character_set_client = utf8 */;
CREATE TABLE `address` (
  `id` int(11) NOT NULL AUTO_INCREMENT,
  `reference_id` int(11) NOT NULL DEFAULT '0',
  `entity` enum('CUSTOMER','SUPPLIER') NOT NULL DEFAULT 'CUSTOMER',
  `address_type` enum('SHIPPING','POSTAL') NOT NULL DEFAULT 'SHIPPING',
  `profile_name` varchar(100) NOT NULL DEFAULT '',
  `address` varchar(45) NOT NULL DEFAULT '',
  `city` varchar(45) NOT NULL DEFAULT '',
  `state` varchar(45) NOT NULL DEFAULT '',
  `country` varchar(45) NOT NULL DEFAULT '',
  `zip_code` varchar(45) NOT NULL DEFAULT '',
  `contact_number` varchar(30) NOT NULL DEFAULT '',
  `enabled` tinyint(1) NOT NULL DEFAULT '0',
  `created_by` int(11) NOT NULL DEFAULT '0',
  `created_on` datetime NOT NULL,
  `lastupdated_by` int(11) NOT NULL DEFAULT '0',
  `lastupdated_on` datetime NOT NULL,
  PRIMARY KEY (`id`)
) ENGINE=InnoDB AUTO_INCREMENT=8 DEFAULT CHARSET=utf8;
/*!40101 SET character_set_client = @saved_cs_client */;

--
-- Dumping data for table `address`
--

LOCK TABLES `address` WRITE;
/*!40000 ALTER TABLE `address` DISABLE KEYS */;
INSERT INTO `address` VALUES (1,2,'CUSTOMER','SHIPPING','My profile','address','city','state','country','100','1111111',1,2,'2018-05-25 12:26:30',2,'2018-05-25 01:11:59'),(2,3,'CUSTOMER','SHIPPING','Office','180','Colombo 10','WP','LK','01000','2121545878',1,3,'2018-07-31 11:02:44',3,'2018-07-31 11:02:44'),(3,3,'CUSTOMER','SHIPPING','Home','180, Maligakanda Road','Colombo 10','Western','Sri Lanka','11500','0754485488',1,3,'2018-08-02 05:31:28',3,'2018-08-02 05:31:28'),(4,4,'CUSTOMER','SHIPPING','tanoj','no27, watara, ','polgasowita','weston','Sri Lanka','10320','+94771819162',1,4,'2018-08-03 02:42:31',4,'2018-08-03 02:42:31'),(5,4,'CUSTOMER','SHIPPING','tanoj1','3/64B, Siyambalagoda, Polgasowita','polgasowita','weston','Sri Lanka','10320','+94771819162',1,4,'2018-08-03 02:43:35',4,'2018-08-03 02:43:35'),(6,5,'CUSTOMER','SHIPPING','Home','180, Maligakanda Road','Colombo 10','Western','Sri Lanka','11500','0111546849',1,5,'2018-08-06 05:58:14',5,'2018-08-06 05:58:14'),(7,6,'CUSTOMER','SHIPPING','Thomas Rassloff','Scharnweberstr.2','Berlin','germany','Deutschland','10247','+491737634504',1,6,'2018-08-11 08:07:40',6,'2018-08-11 08:07:40');
/*!40000 ALTER TABLE `address` ENABLE KEYS */;
UNLOCK TABLES;

--
-- Table structure for table `application_settings`
--

DROP TABLE IF EXISTS `application_settings`;
/*!40101 SET @saved_cs_client     = @@character_set_client */;
/*!40101 SET character_set_client = utf8 */;
CREATE TABLE `application_settings` (
  `id` int(11) NOT NULL AUTO_INCREMENT,
  `setting_name` varchar(100) NOT NULL,
  `value` varchar(255) NOT NULL,
  `description` text NOT NULL,
  `enabled` tinyint(1) NOT NULL DEFAULT '1',
  `created_by` int(11) NOT NULL,
  `created_on` datetime NOT NULL,
  `lastupdated_by` int(11) NOT NULL,
  `lastupdated_on` datetime NOT NULL,
  PRIMARY KEY (`id`)
) ENGINE=InnoDB DEFAULT CHARSET=utf8;
/*!40101 SET character_set_client = @saved_cs_client */;

--
-- Dumping data for table `application_settings`
--

LOCK TABLES `application_settings` WRITE;
/*!40000 ALTER TABLE `application_settings` DISABLE KEYS */;
/*!40000 ALTER TABLE `application_settings` ENABLE KEYS */;
UNLOCK TABLES;

--
-- Table structure for table `audittrail`
--

DROP TABLE IF EXISTS `audittrail`;
/*!40101 SET @saved_cs_client     = @@character_set_client */;
/*!40101 SET character_set_client = utf8 */;
CREATE TABLE `audittrail` (
  `id` int(11) NOT NULL AUTO_INCREMENT,
  `datetime` datetime NOT NULL,
  `user` varchar(50) NOT NULL,
  `action` int(11) NOT NULL,
  `entity` varchar(250) DEFAULT NULL,
  `note` text NOT NULL,
  PRIMARY KEY (`id`)
) ENGINE=InnoDB AUTO_INCREMENT=24622 DEFAULT CHARSET=latin1;
/*!40101 SET character_set_client = @saved_cs_client */;

--
-- Dumping data for table `audittrail`
--

LOCK TABLES `audittrail` WRITE;
/*!40000 ALTER TABLE `audittrail` DISABLE KEYS */;
INSERT INTO `audittrail` VALUES (17235,'2018-01-17 10:31:12','Guest',0,'Logout',''),(17236,'2018-01-17 10:31:20','Guest',0,'Login Fail',''),(17237,'2018-01-17 10:32:04','Guest',0,'Login Fail',''),(17238,'2018-01-17 10:32:17','Guest',0,'Login Fail',''),(17239,'2018-01-17 10:32:27','Guest',0,'Login Success',''),(17240,'2018-01-17 10:36:57','Guest',8,'Logout',''),(17241,'2018-01-17 10:41:26','Guest',8,'Login Fail',''),(17242,'2018-01-17 10:41:37','Guest',8,'Login Success',''),(17243,'2018-01-17 10:43:25','Guest',8,'Logout',''),(17244,'2018-01-17 10:43:34','Guest',8,'Login Success',''),(17245,'2018-01-17 10:47:44','Guest',8,'Login Success',''),(17246,'2018-01-17 11:10:45','Guest',8,'Logout',''),(17247,'2018-01-17 12:00:25','Guest',8,'Login Success',''),(17248,'2018-01-17 12:45:18','Guest',12,'Login Fail','Username: admin1|IP: 112.134.7.136'),(17249,'2018-01-17 12:45:31','Administrator 1',8,'Login Success','Username: Administrator 1|IP: 112.134.7.136'),(17250,'2018-01-17 12:47:28','Administrator 1',9,'Logout','Username: Administrator 1|IP: 112.134.7.136'),(17251,'2018-01-17 12:47:44','Administrator 1',8,'Login Success','Username: Administrator 1|IP: 112.134.7.136'),(17252,'2018-01-17 12:49:51','Administrator 1',9,'Logout','Username: Administrator 1|IP: 112.134.3.144'),(17253,'2018-01-17 12:49:55','Guest',12,'Login Fail','Username: sdgdsg|IP: 112.134.3.144'),(17254,'2018-01-17 12:50:07','Guest',12,'Login Fail','Username: admin1|IP: 112.134.3.144'),(17255,'2018-01-17 13:23:06','Administrator 1',8,'Login Success','Username: Administrator 1|IP: 112.134.3.144'),(17256,'2018-01-18 04:14:01','Guest',12,'Login Fail','Username: sshjsiu|IP: 112.134.6.204'),(17257,'2018-01-18 08:40:24','Administrator 1',8,'Login Success','Username: Administrator 1|IP: 112.134.6.204'),(17258,'2018-01-18 08:41:13','Guest',12,'Login Fail','Username: dddd|IP: 112.134.6.204'),(17259,'2018-01-18 08:41:30','Administrator 1',8,'Login Success','Username: Administrator 1|IP: 112.134.6.204'),(17260,'2018-01-18 08:46:45','Administrator 1',8,'Login Success','Username: Administrator 1|IP: 112.134.6.204'),(17261,'2018-01-18 08:48:16','Administrator 1',8,'Login Success','Username: Administrator 1|IP: 112.134.6.204'),(17262,'2018-01-18 08:49:06','Administrator 1',9,'Logout','Username: Administrator 1|IP: 112.134.6.204'),(17263,'2018-01-18 08:49:15','Administrator 1',8,'Login Success','Username: Administrator 1|IP: 112.134.6.204'),(17264,'2018-01-18 08:49:19','Administrator 1',2,'Brands',''),(17265,'2018-01-18 08:49:27','Administrator 1',5,'brand','ID: 2'),(17266,'2018-01-18 08:49:29','Administrator 1',2,'Brands',''),(17267,'2018-01-18 08:49:34','Administrator 1',3,'brand','ID: 2'),(17268,'2018-01-18 08:49:36','Administrator 1',2,'Brands',''),(17269,'2018-01-18 08:49:38','Administrator 1',2,'Users',''),(17270,'2018-01-18 08:50:05','Administrator 1',2,'News',''),(17271,'2018-01-18 08:51:56','Administrator 1',1,'Image Upload','File Name: 572329376973515.png'),(17272,'2018-01-18 08:51:59','Administrator 1',1,'News Item','ID: 1'),(17273,'2018-01-18 08:52:02','Administrator 1',2,'News',''),(17274,'2018-01-18 08:52:26','Administrator 1',3,'News','ID: 1'),(17275,'2018-01-18 08:52:29','Administrator 1',2,'News',''),(17276,'2018-01-18 08:52:41','Administrator 1',3,'News','ID: 1'),(17277,'2018-01-18 08:52:44','Administrator 1',2,'News',''),(17278,'2018-01-18 08:52:55','Administrator 1',2,'Branch',''),(17279,'2018-01-18 08:53:09','Administrator 1',2,'Branch',''),(17280,'2018-01-18 09:00:06','Guest',12,'Login Fail','Username: user1|IP: 112.134.6.204'),(17281,'2018-01-18 09:00:21','Administrator 1',8,'Login Success','Username: Administrator 1|IP: 112.134.6.204'),(17282,'2018-01-18 09:00:54','Administrator 1',2,'News',''),(17283,'2018-01-18 09:01:26','Administrator 1',2,'News',''),(17284,'2018-01-18 09:54:04','Administrator 1',8,'Login Success','Username: Administrator 1|IP: 112.134.6.204'),(17285,'2018-01-18 09:54:12','Administrator 1',2,'Brands',''),(17286,'2018-01-18 09:55:34','Administrator 1',2,'News',''),(17287,'2018-01-18 09:57:36','Administrator 1',1,'News Item','ID: 2'),(17288,'2018-01-18 09:57:40','Administrator 1',2,'News',''),(17289,'2018-01-18 09:57:48','Administrator 1',2,'News',''),(17290,'2018-01-18 10:07:34','Administrator 1',2,'Users',''),(17291,'2018-01-18 10:07:43','Administrator 1',2,'News',''),(17292,'2018-01-18 10:07:49','Administrator 1',2,'Users',''),(17293,'2018-01-18 10:08:47','Administrator 1',2,'Users',''),(17294,'2018-01-18 10:11:56','Administrator 1',2,'Users',''),(17295,'2018-01-18 10:15:21','Administrator 1',2,'Users',''),(17296,'2018-01-18 10:15:24','Administrator 1',2,'Branch',''),(17297,'2018-01-18 10:16:38','Administrator 1',1,'Branch','br name'),(17298,'2018-01-18 10:16:41','Administrator 1',2,'Branch',''),(17299,'2018-01-18 10:17:20','Administrator 1',2,'Category',''),(17300,'2018-01-18 10:24:08','Administrator 1',2,'Category',''),(17301,'2018-01-18 10:24:15','Administrator 1',2,'Category',''),(17302,'2018-01-18 10:25:40','Administrator 1',2,'Users',''),(17303,'2018-01-18 10:25:56','Administrator 1',2,'News',''),(17304,'2018-01-18 10:27:57','Administrator 1',2,'Category',''),(17305,'2018-01-18 10:28:00','Administrator 1',2,'Category',''),(17306,'2018-01-18 10:28:17','Administrator 1',2,'Category',''),(17307,'2018-01-18 10:29:18','Administrator 1',2,'Brands',''),(17308,'2018-01-18 10:33:34','Administrator 1',2,'Category',''),(17309,'2018-01-18 11:02:48','Administrator 1',2,'Category',''),(17310,'2018-01-19 03:07:51','Administrator 1',8,'Login Success','Username: Administrator 1|IP: 112.134.7.217'),(17311,'2018-01-19 03:08:00','Administrator 1',8,'Login Success','Username: Administrator 1|IP: 112.134.7.217'),(17312,'2018-01-19 03:08:36','Administrator 1',2,'Brands',''),(17313,'2018-01-19 03:33:31','Administrator 1',2,'Brands',''),(17314,'2018-01-19 03:33:40','Administrator 1',2,'Brands',''),(17315,'2018-01-19 03:34:08','Administrator 1',2,'Users',''),(17316,'2018-01-19 03:34:59','Administrator 1',2,'Brands',''),(17317,'2018-01-19 03:35:09','Administrator 1',2,'Users',''),(17318,'2018-01-19 03:35:40','Administrator 1',2,'Brands',''),(17319,'2018-01-19 03:35:42','Administrator 1',2,'Users',''),(17320,'2018-01-19 03:40:53','Administrator 1',2,'Brands',''),(17321,'2018-01-19 03:40:57','Administrator 1',2,'Users',''),(17322,'2018-01-19 03:41:03','Administrator 1',2,'Brands',''),(17323,'2018-01-19 03:41:44','Administrator 1',2,'Brands',''),(17324,'2018-01-19 04:06:19','Administrator 1',2,'Users',''),(17325,'2018-01-19 04:07:03','Administrator 1',2,'Brands',''),(17326,'2018-01-19 04:07:15','Administrator 1',2,'Users',''),(17327,'2018-01-19 04:07:18','Administrator 1',2,'News',''),(17328,'2018-01-19 04:07:32','Administrator 1',2,'Branch',''),(17329,'2018-01-19 04:07:41','Administrator 1',2,'Brands',''),(17330,'2018-01-19 04:17:11','Administrator 1',2,'Brands',''),(17331,'2018-01-19 04:17:16','Administrator 1',2,'Brands',''),(17332,'2018-01-19 04:17:46','Administrator 1',2,'Brands',''),(17333,'2018-01-19 04:19:10','Administrator 1',2,'Brands',''),(17334,'2018-01-19 04:20:53','Administrator 1',2,'Brands',''),(17335,'2018-01-19 04:22:55','Administrator 1',2,'Brands',''),(17336,'2018-01-19 04:25:45','Administrator 1',9,'Logout','Username: Administrator 1|IP: 112.134.7.217'),(17337,'2018-01-19 04:26:54','Administrator 1',2,'Brands',''),(17338,'2018-01-19 04:27:07','Administrator 1',2,'Brands',''),(17339,'2018-01-19 04:28:45','Administrator 1',2,'Users',''),(17340,'2018-01-19 04:31:32','Administrator 1',2,'Users',''),(17341,'2018-01-19 04:32:15','Guest',12,'Login Fail','Username: testuser|IP: 112.134.7.217'),(17342,'2018-01-19 04:32:29','Administrator 1',8,'Login Success','Username: Administrator 1|IP: 112.134.7.217'),(17343,'2018-01-19 04:32:32','Administrator 1',2,'Users',''),(17344,'2018-01-19 05:29:40','Administrator 1',8,'Login Success','Username: Administrator 1|IP: 112.134.7.217'),(17345,'2018-01-19 05:41:07','Administrator 1',9,'Logout','Username: Administrator 1|IP: 112.134.7.217'),(17346,'2018-01-19 06:11:58','Administrator 1',2,'Brands',''),(17347,'2018-01-19 06:12:03','Administrator 1',2,'Category',''),(17348,'2018-01-19 06:12:07','Administrator 1',2,'Branch',''),(17349,'2018-01-19 06:12:10','Administrator 1',2,'News',''),(17350,'2018-01-19 06:12:12','Administrator 1',2,'Users',''),(17351,'2018-01-19 06:13:28','Administrator 1',2,'Brands',''),(17352,'2018-01-19 07:45:04','Administrator 1',9,'Logout','Username: Administrator 1|IP: 112.134.7.217'),(17353,'2018-01-19 07:49:35','Administrator 1',8,'Login Success','Username: Administrator 1|IP: 112.134.7.217'),(17354,'2018-01-19 07:50:16','Administrator 1',2,'Users',''),(17355,'2018-01-19 07:50:50','Administrator 1',2,'News',''),(17356,'2018-01-19 07:51:09','Administrator 1',8,'Login Success','Username: Administrator 1|IP: 112.134.7.217'),(17357,'2018-01-19 07:51:32','Administrator 1',2,'Brands',''),(17358,'2018-01-19 07:56:34','Administrator 1',2,'Brands',''),(17359,'2018-01-19 07:56:44','Administrator 1',2,'Category',''),(17360,'2018-01-19 07:57:24','Administrator 1',2,'Branch',''),(17361,'2018-01-19 07:57:26','Administrator 1',2,'Category',''),(17362,'2018-01-19 07:58:36','Administrator 1',2,'Category',''),(17363,'2018-01-19 07:59:29','Administrator 1',2,'Category',''),(17364,'2018-01-19 08:11:48','Administrator 1',2,'Category',''),(17365,'2018-01-19 08:12:31','Administrator 1',2,'Branch',''),(17366,'2018-01-19 08:12:35','Administrator 1',2,'Users',''),(17367,'2018-01-19 08:13:20','Administrator 1',2,'Users',''),(17368,'2018-01-19 08:13:30','Administrator 1',2,'News',''),(17369,'2018-01-19 08:13:43','Administrator 1',2,'Brands',''),(17370,'2018-01-19 08:13:57','Administrator 1',2,'Brands',''),(17371,'2018-01-19 08:19:36','Administrator 1',9,'Logout','Username: Administrator 1|IP: 112.134.7.217'),(17372,'2018-01-19 08:21:55','Administrator 1',8,'Login Success','Username: Administrator 1|IP: 112.134.7.217'),(17373,'2018-01-19 08:22:27','Administrator 1',2,'Users',''),(17374,'2018-01-19 08:22:50','Administrator 1',3,'User','Test Administrator - No 1'),(17375,'2018-01-19 08:22:53','Administrator 1',2,'Users',''),(17376,'2018-01-19 09:16:06','Guest',0,'','Password Reset'),(17377,'2018-01-19 09:16:43','Guest',0,'','Password Reset'),(17378,'2018-01-19 09:18:53','Guest',0,'','Password Reset'),(17379,'2018-01-19 09:31:32','Guest',0,'','Password Reset'),(17380,'2018-01-19 09:35:48','Guest',0,'','Password Reset'),(17381,'2018-01-19 09:50:14','Test Administrator - No 1',8,'Login Success','Username: Test Administrator - No 1|IP: 112.135.194.235'),(17382,'2018-01-22 03:23:23','Guest',12,'Login Fail','Username: dasd|IP: 112.134.6.241'),(17383,'2018-01-22 03:36:30','Guest',0,'','Password Reset'),(17384,'2018-01-22 03:36:53','Guest',0,'','Password Reset'),(17385,'2018-01-22 04:12:09','Guest',0,'','Password Reset'),(17386,'2018-01-22 04:27:40','Guest',0,'','Password Reset'),(17387,'2018-01-22 04:32:50','Test Administrator - No 1',8,'Login Success','Username: Test Administrator - No 1|IP: 112.134.6.241'),(17388,'2018-01-22 04:32:57','Test Administrator - No 1',2,'Users',''),(17389,'2018-01-22 06:04:47','Guest',0,'','Password Reset'),(17390,'2018-01-22 06:04:47','Guest',13,'Password Reset Reqest','Username : admin1'),(17391,'2018-01-22 06:22:42','Guest',0,'','Password Reset'),(17392,'2018-01-22 06:22:42','Guest',13,'Password Reset Reqest','Username : admin1'),(17393,'2018-01-22 10:27:52','Guest',13,'Password Update','User ID:1'),(17394,'2018-01-22 10:28:07','Test Administrator - No 1',8,'Login Success','Username: Test Administrator - No 1|IP: 112.134.6.241'),(17395,'2018-01-22 10:28:16','Test Administrator - No 1',9,'Logout','Username: Test Administrator - No 1|IP: 112.134.6.241'),(17396,'2018-01-22 10:28:25','Guest',12,'Login Fail','Username: admin1|IP: 112.134.6.241'),(17397,'2018-01-22 10:28:34','Guest',0,'','Password Reset'),(17398,'2018-01-22 10:28:34','Guest',13,'Password Reset Reqest','Username : admin1'),(17399,'2018-01-22 10:29:05','Guest',13,'Password Update','User ID:1'),(17400,'2018-01-22 10:38:48','Guest',0,'','Password Reset'),(17401,'2018-01-22 10:38:48','Guest',13,'Password Reset Reqest','Username : admin1'),(17402,'2018-01-22 10:51:35','Guest',0,'','Eyewear eCommece System - Password Reset'),(17403,'2018-01-22 10:51:35','Guest',13,'Password Reset Reqest','Username : admin1'),(17404,'2018-01-22 10:52:46','Guest',13,'Password Update','User ID:1'),(17405,'2018-01-22 10:54:00','Test Administrator - No 1',8,'Login Success','Username: Test Administrator - No 1|IP: 112.134.6.241'),(17406,'2018-01-22 10:54:15','Test Administrator - No 1',12,'Login Fail','Username: aaaad|IP: 112.134.6.241'),(17407,'2018-01-22 10:54:47','Test Administrator - No 1',9,'Logout','Username: Test Administrator - No 1|IP: 112.134.6.241'),(17408,'2018-01-22 10:54:58','Guest',12,'Login Fail','Username: admin1|IP: 112.134.6.241'),(17409,'2018-01-22 12:19:30','Guest',13,'Password Update','User ID:1'),(17410,'2018-01-22 13:11:12','Test Administrator - No 1',8,'Login Success','Username: Test Administrator - No 1|IP: 112.134.6.22'),(17411,'2018-01-22 13:35:28','Test Administrator - No 1',2,'Brands',''),(17412,'2018-01-23 05:49:52','Test Administrator - No 1',8,'Login Success','Username: Test Administrator - No 1|IP: 112.134.7.187'),(17413,'2018-01-23 05:50:05','Test Administrator - No 1',2,'Category',''),(17414,'2018-01-23 05:50:09','Test Administrator - No 1',9,'Logout','Username: Test Administrator - No 1|IP: 112.134.7.187'),(17415,'2018-01-23 05:55:07','Guest',12,'Login Fail','Username: hfghf|IP: 112.134.7.187'),(17416,'2018-01-23 06:18:32','Guest',12,'Login Fail','Username: dasda|IP: 112.134.7.102'),(17417,'2018-01-23 06:18:42','Test Administrator - No 1',8,'Login Success','Username: Test Administrator - No 1|IP: 112.134.7.102'),(17418,'2018-01-23 06:18:46','Test Administrator - No 1',9,'Logout','Username: Test Administrator - No 1|IP: 112.134.7.102'),(17419,'2018-01-23 06:19:21','Guest',12,'Login Fail','Username: sdgsg|IP: 112.134.7.102'),(17420,'2018-01-23 06:19:34','Test Administrator - No 1',8,'Login Success','Username: Test Administrator - No 1|IP: 112.134.7.102'),(17421,'2018-01-23 06:19:49','Test Administrator - No 1',2,'Category',''),(17422,'2018-01-23 06:19:54','Test Administrator - No 1',2,'News',''),(17423,'2018-01-23 06:19:56','Guest',0,'','Eyewear eCommece System - Password Reset'),(17424,'2018-01-23 06:19:56','Guest',13,'Password Reset Reqest','Username : admin1'),(17425,'2018-01-23 06:20:02','Test Administrator - No 1',2,'Users',''),(17426,'2018-01-23 06:20:07','Test Administrator - No 1',5,'sed_sys_user','ID: 4'),(17427,'2018-01-23 06:20:09','Test Administrator - No 1',2,'Users',''),(17428,'2018-01-23 06:20:23','Test Administrator - No 1',3,'sed_sys_user','ID: 4'),(17429,'2018-01-23 06:20:27','Test Administrator - No 1',2,'Users',''),(17430,'2018-01-23 08:30:21','Test Administrator - No 1',8,'Login Success','Username: Test Administrator - No 1|IP: 112.134.4.141'),(17431,'2018-01-23 09:34:25','Test Administrator - No 1',8,'Login Success','Username: Test Administrator - No 1|IP: 112.134.4.141'),(17432,'2018-01-23 09:34:38','Test Administrator - No 1',2,'Users',''),(17433,'2018-01-23 12:37:14','Test Administrator - No 1',8,'Login Success','Username: Test Administrator - No 1|IP: 112.134.2.238'),(17434,'2018-01-24 02:54:25','Test Administrator - No 1',8,'Login Success','Username: Test Administrator - No 1|IP: 112.134.4.156'),(17435,'2018-01-24 03:19:23','Test Administrator - No 1',2,'Brands',''),(17436,'2018-01-24 03:47:13','Test Administrator - No 1',2,'Brands',''),(17437,'2018-01-24 06:40:50','Test Administrator - No 1',8,'Login Success','Username: Test Administrator - No 1|IP: 112.134.4.156'),(17438,'2018-01-24 06:41:31','Test Administrator - No 1',1,'Item Field',''),(17439,'2018-01-24 08:53:46','Test Administrator - No 1',8,'Login Success','Username: Test Administrator - No 1|IP: 112.134.4.156'),(17440,'2018-01-24 09:00:15','Test Administrator - No 1',8,'Login Success','Username: Test Administrator - No 1|IP: 112.134.4.156'),(17441,'2018-01-24 09:00:26','Test Administrator - No 1',5,'attribute','ID: 1'),(17442,'2018-01-24 09:00:32','Test Administrator - No 1',3,'attribute','ID: 1'),(17443,'2018-01-24 09:00:59','Test Administrator - No 1',1,'Item Field',''),(17444,'2018-01-24 09:02:40','Test Administrator - No 1',1,'Item Field',''),(17445,'2018-01-24 09:02:52','Test Administrator - No 1',1,'Item Field',''),(17446,'2018-01-24 09:21:34','Test Administrator - No 1',1,'Item Field',''),(17447,'2018-01-24 11:24:41','Test Administrator - No 1',8,'Login Success','Username: Test Administrator - No 1|IP: 112.134.4.156'),(17448,'2018-01-24 12:12:56','Administrator 2',8,'Login Success','Username: Administrator 2|IP: 112.134.3.38'),(17449,'2018-01-24 12:13:17','Administrator 2',3,'Item Field','ID: 2'),(17450,'2018-01-24 12:51:51','Administrator 2',1,'Field Value','Value: A'),(17451,'2018-01-24 12:52:04','Administrator 2',1,'Field Value','Value: B'),(17452,'2018-01-24 12:52:09','Administrator 2',5,'attribute_value','ID: 1'),(17453,'2018-01-24 12:52:15','Administrator 2',3,'attribute_value','ID: 1'),(17454,'2018-01-24 12:52:25','Administrator 2',1,'Field Value','Value: AA'),(17455,'2018-01-24 16:34:57','Administrator 3',8,'Login Success','Username: Administrator 3|IP: 175.157.55.172'),(17456,'2018-01-24 16:35:30','Administrator 3',5,'attribute_value','ID: 2'),(17457,'2018-01-24 16:35:38','Administrator 3',3,'attribute_value','ID: 2'),(17458,'2018-01-24 16:36:06','Administrator 3',9,'Logout','Username: Administrator 3|IP: 175.157.55.172'),(17459,'2018-01-25 03:27:34','Administrator 2',8,'Login Success','Username: Administrator 2|IP: 112.134.3.250'),(17460,'2018-01-25 03:28:21','Administrator 2',1,'Field Value','Value: 1.25'),(17461,'2018-01-25 03:28:41','Administrator 2',1,'Field Value','Value: 4.55'),(17462,'2018-01-25 03:29:03','Administrator 2',1,'Field Value','Value: 4.552'),(17463,'2018-01-25 03:29:11','Administrator 2',5,'attribute_value','ID: 4'),(17464,'2018-01-25 03:29:24','Administrator 2',3,'attribute_value','ID: 4'),(17465,'2018-01-25 03:37:08','Test Administrator - No 1',8,'Login Success','Username: Test Administrator - No 1|IP: 112.134.3.250'),(17466,'2018-01-25 03:38:16','Test Administrator - No 1',1,'Field Value','Value: 0554'),(17467,'2018-01-25 03:38:48','Test Administrator - No 1',1,'Field Value','Value: 0.0'),(17468,'2018-01-25 03:39:01','Test Administrator - No 1',5,'attribute_value','ID: 1'),(17469,'2018-01-25 04:27:08','Administrator 2',5,'attribute_value','ID: 2'),(17470,'2018-01-25 06:18:51','Test Administrator - No 1',8,'Login Success','Username: Test Administrator - No 1|IP: 112.134.3.250'),(17471,'2018-01-25 11:15:51','Test Administrator - No 1',8,'Login Success','Username: Test Administrator - No 1|IP: 112.134.3.250'),(17472,'2018-01-25 11:51:35','Test Administrator - No 1',2,'Users',''),(17473,'2018-01-25 11:57:38','Test Administrator - No 1',2,'Branch',''),(17474,'2018-01-26 07:49:00','Test Administrator - No 1',8,'Login Success','Username: Test Administrator - No 1|IP: 112.134.3.94'),(17475,'2018-01-26 07:56:47','Test Administrator - No 1',2,'Colors',''),(17476,'2018-01-26 07:57:23','Test Administrator - No 1',1,'Colors','Color 01'),(17477,'2018-01-26 07:57:30','Test Administrator - No 1',2,'Colors',''),(17478,'2018-01-26 07:57:56','Test Administrator - No 1',2,'Colors',''),(17479,'2018-01-26 07:58:05','Test Administrator - No 1',3,'Colors','Color 01'),(17480,'2018-01-26 07:58:07','Test Administrator - No 1',2,'Colors',''),(17481,'2018-01-26 07:58:15','Test Administrator - No 1',3,'Colors','Color 01'),(17482,'2018-01-26 07:58:17','Test Administrator - No 1',2,'Colors',''),(17483,'2018-01-26 07:58:22','Test Administrator - No 1',5,'colors','ID: 1'),(17484,'2018-01-26 07:58:23','Test Administrator - No 1',2,'Colors',''),(17485,'2018-01-26 07:58:29','Test Administrator - No 1',3,'colors','ID: 1'),(17486,'2018-01-26 07:58:30','Test Administrator - No 1',2,'Colors',''),(17487,'2018-01-26 07:59:39','Test Administrator - No 1',2,'Colors',''),(17488,'2018-01-26 07:59:47','Test Administrator - No 1',2,'Colors',''),(17489,'2018-01-26 08:05:13','Test Administrator - No 1',2,'Colors',''),(17490,'2018-01-26 08:06:29','Test Administrator - No 1',2,'Colors',''),(17491,'2018-01-26 08:06:45','Test Administrator - No 1',2,'Colors',''),(17492,'2018-01-26 08:06:45','Test Administrator - No 1',2,'Colors',''),(17493,'2018-01-26 08:06:45','Test Administrator - No 1',2,'Colors',''),(17494,'2018-01-26 08:06:45','Test Administrator - No 1',2,'Colors',''),(17495,'2018-01-26 08:06:45','Test Administrator - No 1',2,'Colors',''),(17496,'2018-01-26 08:06:46','Test Administrator - No 1',2,'Colors',''),(17497,'2018-01-26 08:06:46','Test Administrator - No 1',2,'Colors',''),(17498,'2018-01-26 08:06:46','Test Administrator - No 1',2,'Colors',''),(17499,'2018-01-26 08:06:46','Test Administrator - No 1',2,'Colors',''),(17500,'2018-01-26 08:06:46','Test Administrator - No 1',2,'Colors',''),(17501,'2018-01-26 08:06:47','Test Administrator - No 1',2,'Colors',''),(17502,'2018-01-26 08:06:47','Test Administrator - No 1',2,'Colors',''),(17503,'2018-01-26 08:06:47','Test Administrator - No 1',2,'Colors',''),(17504,'2018-01-26 08:06:47','Test Administrator - No 1',2,'Colors',''),(17505,'2018-01-28 15:39:12','Guest',12,'Login Fail','Username: ddasda|IP: 123.231.104.204'),(17506,'2018-01-28 15:39:29','Administrator 2',8,'Login Success','Username: Administrator 2|IP: 123.231.104.204'),(17507,'2018-01-28 15:39:36','Administrator 2',2,'Users',''),(17508,'2018-01-28 15:40:00','Administrator 2',3,'attribute_value','ID: 1'),(17509,'2018-01-28 15:40:06','Administrator 2',5,'attribute_value','ID: 1'),(17510,'2018-01-28 15:49:00','Administrator 2',9,'Logout','Username: Administrator 2|IP: 123.231.104.204'),(17511,'2018-01-29 10:31:35','Administrator 2',8,'Login Success','Username: Administrator 2|IP: 112.134.6.197'),(17512,'2018-01-29 10:31:45','Administrator 2',2,'Master Data',''),(17513,'2018-01-29 10:32:04','Administrator 2',1,'Item Field',''),(17514,'2018-01-29 10:32:06','Administrator 2',2,'Master Data',''),(17515,'2018-01-29 10:32:19','Administrator 2',3,'Item Field','ID: 1'),(17516,'2018-01-29 10:32:21','Administrator 2',2,'Master Data',''),(17517,'2018-01-29 10:32:24','Administrator 2',5,'model_field','ID: 1'),(17518,'2018-01-29 10:32:26','Administrator 2',2,'Master Data',''),(17519,'2018-01-29 10:32:30','Administrator 2',3,'model_field','ID: 1'),(17520,'2018-01-29 10:32:32','Administrator 2',2,'Master Data',''),(17521,'2018-01-29 10:32:59','Administrator 2',1,'Item Field',''),(17522,'2018-01-29 10:33:14','Administrator 2',3,'Item Field','ID: 4'),(17523,'2018-01-29 10:33:19','Administrator 2',5,'field','ID: 4'),(17524,'2018-01-29 10:33:25','Administrator 2',3,'field','ID: 4'),(17525,'2018-01-29 10:33:42','Administrator 2',1,'Field Value','Value: 12'),(17526,'2018-01-29 10:34:51','Administrator 2',1,'Field Value','Value: 10'),(17527,'2018-01-29 10:39:05','Administrator 2',1,'Field Value','Value: 15'),(17528,'2018-01-30 05:03:16','Test Administrator - No 1',8,'Login Success','Username: Test Administrator - No 1|IP: 112.134.3.121'),(17529,'2018-01-30 09:24:08','Administrator 2',8,'Login Success','Username: Administrator 2|IP: 112.134.3.121'),(17530,'2018-01-30 11:27:52','Test Administrator - No 1',8,'Login Success','Username: Test Administrator - No 1|IP: 112.134.3.121'),(17531,'2018-01-30 11:29:37','Administrator 2',8,'Login Success','Username: Administrator 2|IP: 112.134.3.121'),(17532,'2018-01-30 11:31:06','Administrator 2',1,'Field',''),(17533,'2018-01-30 11:31:37','Administrator 2',3,'Field','ID: 1'),(17534,'2018-01-30 11:33:03','Administrator 2',5,'field','ID: 1'),(17535,'2018-01-30 11:33:07','Administrator 2',3,'field','ID: 1'),(17536,'2018-01-30 11:33:19','Administrator 2',1,'Field',''),(17537,'2018-01-30 11:34:28','Administrator 2',1,'Field',''),(17538,'2018-01-30 11:34:35','Administrator 2',5,'field','ID: 1'),(17539,'2018-01-30 11:34:42','Administrator 2',3,'field','ID: 1'),(17540,'2018-01-30 11:35:05','Administrator 2',3,'Field','ID: 1'),(17541,'2018-01-30 11:35:32','Administrator 2',1,'Sub Field',''),(17542,'2018-01-30 11:36:03','Administrator 2',3,'Sub Field','ID: 1'),(17543,'2018-01-30 11:36:13','Administrator 2',3,'Sub Field','ID: 1'),(17544,'2018-01-30 11:36:36','Administrator 2',1,'Sub Field',''),(17545,'2018-01-30 11:36:46','Administrator 2',3,'Sub Field','ID: 2'),(17546,'2018-01-30 11:36:53','Administrator 2',5,'sub_field','ID: 2'),(17547,'2018-02-13 06:26:26','Guest',12,'Login Fail','Username: admin|IP: 112.134.6.171'),(17548,'2018-02-13 06:26:38','Guest',12,'Login Fail','Username: admin|IP: 112.134.6.171'),(17549,'2018-02-13 06:26:52','Guest',12,'Login Fail','Username: admin|IP: 112.134.6.171'),(17550,'2018-02-13 06:27:03','Test Administrator - No 1',8,'Login Success','Username: Test Administrator - No 1|IP: 112.134.6.171'),(17551,'2018-02-13 06:41:14','Test Administrator - No 1',8,'Login Success','Username: Test Administrator - No 1|IP: 123.231.125.168'),(17552,'2018-02-13 07:01:20','Test Administrator - No 1',2,'Brands',''),(17553,'2018-02-13 07:05:56','Test Administrator - No 1',2,'Colors',''),(17554,'2018-02-13 07:08:45','Test Administrator - No 1',2,'Brands',''),(17555,'2018-02-13 07:08:58','Test Administrator - No 1',2,'Category',''),(17556,'2018-02-13 07:09:14','Test Administrator - No 1',2,'Category',''),(17557,'2018-02-13 07:09:23','Test Administrator - No 1',2,'Users',''),(17558,'2018-03-14 03:27:17','Test Administrator - No 1',8,'Login Success','Username: Test Administrator - No 1|IP: 112.134.2.223'),(17559,'2018-03-14 03:28:27','Test Administrator - No 1',2,'Users',''),(17560,'2018-03-14 03:28:37','Test Administrator - No 1',2,'Brands',''),(17561,'2018-03-14 03:28:43','Test Administrator - No 1',2,'Colors',''),(17562,'2018-03-15 03:29:40','Guest',12,'Login Fail','Username: user1|IP: 112.134.4.15'),(17563,'2018-03-15 03:29:54','Test Administrator - No 1',8,'Login Success','Username: Test Administrator - No 1|IP: 112.134.4.15'),(17564,'2018-03-15 03:30:07','Test Administrator - No 1',2,'Master Data',''),(17565,'2018-03-15 03:35:57','Test Administrator - No 1',2,'Category',''),(17566,'2018-03-15 03:46:42','Test Administrator - No 1',2,'Master Data',''),(17567,'2018-03-15 03:50:30','Test Administrator - No 1',2,'Master Data',''),(17568,'2018-03-15 03:50:41','Test Administrator - No 1',2,'Master Data',''),(17569,'2018-03-15 04:31:04','Test Administrator - No 1',8,'Login Success','Username: Test Administrator - No 1|IP: 112.134.4.15'),(17570,'2018-03-15 04:31:29','Test Administrator - No 1',2,'Master Data',''),(17571,'2018-03-15 04:35:28','Test Administrator - No 1',1,'Field',''),(17572,'2018-03-15 04:36:19','Test Administrator - No 1',2,'Master Data',''),(17573,'2018-03-15 04:46:52','Test Administrator - No 1',2,'Master Data',''),(17574,'2018-03-15 04:47:01','Test Administrator - No 1',2,'Master Data',''),(17575,'2018-03-15 05:48:03','Test Administrator - No 1',8,'Login Success','Username: Test Administrator - No 1|IP: 112.134.4.15'),(17576,'2018-03-15 05:48:11','Test Administrator - No 1',2,'Master Data',''),(17577,'2018-03-15 11:26:04','Administrator 2',8,'Login Success','Username: Administrator 2|IP: 112.134.6.254'),(17578,'2018-03-15 11:26:43','Administrator 2',2,'Master Data',''),(17579,'2018-03-15 11:27:05','Administrator 2',1,'Model Field',''),(17580,'2018-03-15 11:27:07','Administrator 2',2,'Master Data',''),(17581,'2018-03-15 11:28:08','Administrator 2',2,'Model Field Values',''),(17582,'2018-03-15 11:28:18','Administrator 2',1,'Model Field Value','Value: 1000'),(17583,'2018-03-15 11:28:20','Administrator 2',2,'Model Field Values',''),(17584,'2018-03-15 11:39:26','Administrator 2',2,'Model Field Values',''),(17585,'2018-03-15 11:39:42','Administrator 2',5,'model_field_value','ID: 1'),(17586,'2018-03-15 11:39:44','Administrator 2',2,'Model Field Values',''),(17587,'2018-03-15 11:39:48','Administrator 2',3,'model_field_value','ID: 1'),(17588,'2018-03-15 11:39:50','Administrator 2',2,'Model Field Values',''),(17589,'2018-03-15 11:39:53','Administrator 2',5,'model_field_value','ID: 1'),(17590,'2018-03-15 11:39:54','Administrator 2',2,'Model Field Values',''),(17591,'2018-03-15 11:40:06','Administrator 2',3,'model_field_value','ID: 1'),(17592,'2018-03-15 11:40:08','Administrator 2',2,'Model Field Values',''),(17593,'2018-03-15 11:40:16','Administrator 2',1,'Model Field Value','Value: 100'),(17594,'2018-03-15 11:40:19','Administrator 2',2,'Model Field Values',''),(17595,'2018-03-15 11:40:36','Administrator 2',1,'Model Field Value','Value: 15'),(17596,'2018-03-15 11:40:39','Administrator 2',2,'Model Field Values',''),(17597,'2018-03-15 11:42:03','Administrator 2',2,'Master Data',''),(17598,'2018-03-15 11:42:22','Administrator 2',3,'Model Field','ID: 2'),(17599,'2018-03-15 11:42:24','Administrator 2',2,'Master Data',''),(17600,'2018-03-15 11:42:30','Administrator 2',3,'Model Field','ID: 2'),(17601,'2018-03-15 11:42:32','Administrator 2',2,'Master Data',''),(17602,'2018-03-15 11:42:54','Administrator 2',5,'model_field','ID: 2'),(17603,'2018-03-15 11:42:56','Administrator 2',2,'Master Data',''),(17604,'2018-03-15 11:43:17','Administrator 2',3,'model_field','ID: 2'),(17605,'2018-03-15 11:43:19','Administrator 2',2,'Master Data',''),(17606,'2018-03-15 11:43:35','Administrator 2',3,'Model Field','ID: 2'),(17607,'2018-03-15 11:43:37','Administrator 2',2,'Master Data',''),(17608,'2018-03-15 11:43:51','Administrator 2',3,'Model Field','ID: 2'),(17609,'2018-03-15 11:43:53','Administrator 2',2,'Master Data',''),(17610,'2018-03-15 11:43:58','Administrator 2',2,'Model Field Values',''),(17611,'2018-03-15 11:44:02','Administrator 2',2,'Master Data',''),(17612,'2018-03-15 11:44:11','Administrator 2',2,'Model Field Values',''),(17613,'2018-03-15 11:44:15','Administrator 2',2,'Master Data',''),(17614,'2018-03-15 11:44:57','Administrator 2',2,'Master Data',''),(17615,'2018-03-15 11:45:31','Administrator 2',2,'Master Data',''),(17616,'2018-03-15 11:45:57','Administrator 2',2,'Master Data',''),(17617,'2018-03-15 11:46:08','Administrator 2',2,'Master Data',''),(17618,'2018-03-15 11:46:23','Administrator 2',2,'Master Data',''),(17619,'2018-03-15 11:46:33','Administrator 2',2,'Brands',''),(17620,'2018-03-15 11:46:40','Administrator 2',2,'Category',''),(17621,'2018-03-15 11:46:49','Administrator 2',2,'Branch',''),(17622,'2018-03-15 11:46:55','Administrator 2',2,'Colors',''),(17623,'2018-03-15 11:47:02','Administrator 2',2,'Users',''),(17624,'2018-03-15 11:47:06','Administrator 2',2,'Master Data',''),(17625,'2018-03-15 11:47:11','Administrator 2',2,'Master Data',''),(17626,'2018-03-15 11:47:32','Administrator 2',2,'Master Data',''),(17627,'2018-03-15 11:48:01','Administrator 2',2,'Model Field Values',''),(17628,'2018-03-15 11:48:06','Administrator 2',2,'Master Data',''),(17629,'2018-03-15 11:48:11','Administrator 2',2,'Model Field Values',''),(17630,'2018-03-15 11:48:14','Administrator 2',2,'Master Data',''),(17631,'2018-03-15 11:48:16','Administrator 2',2,'Model Field Values',''),(17632,'2018-03-15 11:50:05','Test Administrator - No 1',8,'Login Success','Username: Test Administrator - No 1|IP: 112.134.6.254'),(17633,'2018-03-15 11:50:15','Test Administrator - No 1',2,'Master Data',''),(17634,'2018-03-15 11:50:27','Test Administrator - No 1',2,'Master Data',''),(17635,'2018-03-15 11:50:44','Test Administrator - No 1',2,'Master Data',''),(17636,'2018-03-15 11:50:51','Test Administrator - No 1',2,'Model Field Values',''),(17637,'2018-03-15 11:52:13','Administrator 2',2,'Master Data',''),(17638,'2018-03-15 11:52:51','Administrator 2',2,'Master Data',''),(17639,'2018-03-15 11:53:35','Administrator 2',1,'Model Field',''),(17640,'2018-03-15 11:53:37','Administrator 2',2,'Master Data',''),(17641,'2018-03-15 11:53:48','Administrator 2',2,'Model Field Values',''),(17642,'2018-03-15 11:58:39','Administrator 2',2,'Master Data',''),(17643,'2018-03-15 11:59:52','Administrator 2',2,'Master Data',''),(17644,'2018-03-15 12:17:01','Administrator 2',2,'Master Data',''),(17645,'2018-03-15 12:17:07','Administrator 2',2,'Model Field Values',''),(17646,'2018-03-15 12:17:50','Administrator 2',2,'Model Field Values',''),(17647,'2018-03-15 12:17:58','Administrator 2',2,'Master Data',''),(17648,'2018-03-15 12:18:02','Administrator 2',2,'Model Field Values',''),(17649,'2018-03-15 12:18:04','Administrator 2',2,'Master Data',''),(17650,'2018-03-15 12:18:30','Test Administrator - No 1',2,'Model Field Values',''),(17651,'2018-03-15 12:18:33','Test Administrator - No 1',2,'Master Data',''),(17652,'2018-03-15 12:18:35','Test Administrator - No 1',2,'Master Data',''),(17653,'2018-03-15 12:19:08','Test Administrator - No 1',2,'Master Data',''),(17654,'2018-03-15 12:19:15','Test Administrator - No 1',2,'Model Field Values',''),(17655,'2018-03-15 12:19:24','Test Administrator - No 1',2,'Master Data',''),(17656,'2018-03-15 12:19:42','Test Administrator - No 1',2,'Brands',''),(17657,'2018-03-19 08:13:58','Administrator 2',8,'Login Success','Username: Administrator 2|IP: 112.134.5.192'),(17658,'2018-03-19 08:14:04','Administrator 2',2,'Master Data',''),(17659,'2018-03-19 08:14:17','Administrator 2',2,'Model Field Values',''),(17660,'2018-03-19 08:26:24','Administrator 2',2,'Master Data',''),(17661,'2018-03-19 08:26:29','Administrator 2',2,'Model Field Values',''),(17662,'2018-03-19 08:26:56','Administrator 2',2,'Master Data',''),(17663,'2018-03-19 13:09:30','Guest',12,'Login Fail','Username: admin2|IP: 112.134.4.130'),(17664,'2018-03-19 13:09:53','Administrator 2',8,'Login Success','Username: Administrator 2|IP: 112.134.4.130'),(17665,'2018-03-19 13:12:03','Administrator 2',2,'Master Data',''),(17666,'2018-03-19 13:13:21','Administrator 2',2,'Category',''),(17667,'2018-03-19 13:13:52','Administrator 2',2,'Category',''),(17668,'2018-03-19 13:15:45','Administrator 2',1,'Category','Parent Category'),(17669,'2018-03-19 13:17:21','Administrator 2',2,'Master Data',''),(17670,'2018-03-19 13:17:26','Administrator 2',2,'Category',''),(17671,'2018-03-19 13:17:43','Administrator 2',1,'Category','Sub Category 1'),(17672,'2018-03-19 13:17:45','Administrator 2',2,'Category',''),(17673,'2018-03-19 13:18:05','Administrator 2',1,'Category','Sub Category 2'),(17674,'2018-03-19 13:18:07','Administrator 2',2,'Category',''),(17675,'2018-03-19 13:18:14','Administrator 2',2,'Master Data',''),(17676,'2018-03-19 13:18:48','Administrator 2',1,'Product','Value: Test Product'),(17677,'2018-03-19 13:18:51','Administrator 2',2,'Master Data',''),(17678,'2018-03-19 13:19:55','Administrator 2',1,'Product','Value: Test product 2'),(17679,'2018-03-19 13:19:57','Administrator 2',2,'Master Data',''),(17680,'2018-03-19 13:40:40','Administrator 2',2,'Master Data',''),(17681,'2018-03-20 04:44:24','Administrator 2',8,'Login Success','Username: Administrator 2|IP: 112.134.4.99'),(17682,'2018-03-20 04:45:16','Administrator 2',2,'Master Data',''),(17683,'2018-03-20 04:45:22','Administrator 2',5,'product','ID: 1'),(17684,'2018-03-20 04:45:25','Administrator 2',2,'Master Data',''),(17685,'2018-03-20 04:45:30','Administrator 2',3,'product','ID: 1'),(17686,'2018-03-20 04:45:32','Administrator 2',2,'Master Data',''),(17687,'2018-03-20 04:56:06','Administrator 2',2,'Master Data',''),(17688,'2018-03-20 06:04:42','Administrator 2',2,'Master Data',''),(17689,'2018-03-20 06:24:11','Administrator 2',2,'Master Data',''),(17690,'2018-03-20 06:24:31','Administrator 2',1,'Product','Value: Test XXXX'),(17691,'2018-03-20 06:24:33','Administrator 2',2,'Master Data',''),(17692,'2018-03-20 06:24:46','Administrator 2',1,'Product','Value: Test XXXX Y'),(17693,'2018-03-20 06:24:48','Administrator 2',2,'Master Data',''),(17694,'2018-03-20 06:25:17','Administrator 2',2,'Brands',''),(17695,'2018-03-20 06:25:26','Administrator 2',2,'Category',''),(17696,'2018-03-20 06:45:43','Administrator 2',2,'Master Data',''),(17697,'2018-03-20 06:54:07','Administrator 2',2,'Master Data',''),(17698,'2018-03-20 06:54:16','Administrator 2',2,'Master Data',''),(17699,'2018-03-20 06:54:59','Administrator 2',2,'Master Data',''),(17700,'2018-03-20 06:56:21','Administrator 2',2,'Master Data',''),(17701,'2018-03-20 13:22:01','Administrator 2',8,'Login Success','Username: Administrator 2|IP: 112.134.4.99'),(17702,'2018-03-20 13:22:06','Administrator 2',2,'Master Data',''),(17703,'2018-03-21 08:06:53','Administrator 2',8,'Login Success','Username: Administrator 2|IP: 112.134.4.157'),(17704,'2018-03-21 08:06:58','Administrator 2',2,'Master Data',''),(17705,'2018-03-21 08:07:06','Administrator 2',2,'Master Data',''),(17706,'2018-03-21 08:11:03','Administrator 2',2,'Master Data',''),(17707,'2018-03-21 08:29:02','Administrator 2',2,'Master Data',''),(17708,'2018-03-22 04:39:33','Administrator 2',8,'Login Success','Username: Administrator 2|IP: 112.134.4.103'),(17709,'2018-03-22 04:39:38','Administrator 2',2,'Master Data',''),(17710,'2018-03-22 04:39:44','Administrator 2',5,'metadata_product','ID: 3'),(17711,'2018-03-22 04:39:46','Administrator 2',2,'Master Data',''),(17712,'2018-03-22 04:39:51','Administrator 2',3,'metadata_product','ID: 3'),(17713,'2018-03-22 04:40:09','Administrator 2',2,'Master Data',''),(17714,'2018-03-22 04:40:13','Administrator 2',2,'Master Data',''),(17715,'2018-03-22 04:41:00','Administrator 2',1,'Product','Value: Test X'),(17716,'2018-03-22 04:41:04','Administrator 2',2,'Master Data',''),(17717,'2018-03-22 12:32:02','Administrator 2',8,'Login Success','Username: Administrator 2|IP: 112.134.5.164'),(17718,'2018-03-22 12:32:29','Administrator 2',1,'Field',''),(17719,'2018-03-22 12:42:41','Administrator 2',3,'Field','ID: 1'),(17720,'2018-03-22 12:43:10','Administrator 2',3,'Field','ID: 2'),(17721,'2018-03-22 12:43:22','Administrator 2',5,'field','ID: 2'),(17722,'2018-03-22 12:43:30','Administrator 2',3,'field','ID: 2'),(17723,'2018-03-22 12:45:35','Administrator 2',3,'Field','ID: 2'),(17724,'2018-03-23 04:41:46','Administrator 2',8,'Login Success','Username: Administrator 2|IP: 112.134.4.141'),(17725,'2018-03-23 04:42:04','Administrator 2',2,'Master Data',''),(17726,'2018-03-23 10:02:52','Administrator 2',8,'Login Success','Username: Administrator 2|IP: 112.134.4.141'),(17727,'2018-03-23 10:02:57','Administrator 2',2,'Master Data',''),(17728,'2018-03-23 10:10:34','Administrator 2',2,'Master Data',''),(17729,'2018-03-23 11:33:39','Administrator 2',2,'Master Data',''),(17730,'2018-03-23 11:33:49','Administrator 2',2,'Master Data',''),(17731,'2018-03-23 11:34:30','Administrator 2',2,'Master Data',''),(17732,'2018-03-23 11:35:28','Administrator 2',5,'field','ID: 1'),(17733,'2018-03-23 11:35:35','Administrator 2',3,'field','ID: 1'),(17734,'2018-03-23 11:35:56','Administrator 2',5,'field','ID: 1'),(17735,'2018-03-23 11:37:18','Administrator 2',5,'product_field','ID: 1'),(17736,'2018-03-23 11:37:25','Administrator 2',3,'product_field','ID: 1'),(17737,'2018-03-23 11:39:06','Administrator 2',5,'product_field','ID: 1'),(17738,'2018-03-23 11:39:13','Administrator 2',3,'product_field','ID: 1'),(17739,'2018-03-23 11:40:21','Administrator 2',5,'product_field','ID: 1'),(17740,'2018-03-23 11:40:31','Administrator 2',3,'product_field','ID: 1'),(17741,'2018-03-23 11:41:10','Administrator 2',2,'Master Data',''),(17742,'2018-03-23 11:41:24','Administrator 2',2,'Master Data',''),(17743,'2018-03-23 11:42:41','Administrator 2',2,'Master Data',''),(17744,'2018-03-23 11:43:47','Administrator 2',2,'Master Data',''),(17745,'2018-03-23 11:49:55','Administrator 2',2,'Master Data',''),(17746,'2018-03-23 11:50:00','Administrator 2',2,'Master Data',''),(17747,'2018-03-23 11:50:04','Administrator 2',2,'Master Data',''),(17748,'2018-03-23 11:57:35','Administrator 2',2,'Master Data',''),(17749,'2018-03-23 12:01:12','Administrator 2',2,'Master Data',''),(17750,'2018-03-23 12:01:31','Administrator 2',2,'Master Data',''),(17751,'2018-03-23 12:01:34','Administrator 2',2,'Model Field Values',''),(17752,'2018-03-23 12:01:38','Administrator 2',2,'Master Data',''),(17753,'2018-03-23 12:01:43','Administrator 2',2,'Master Data',''),(17754,'2018-03-23 12:02:23','Administrator 2',2,'Master Data',''),(17755,'2018-03-23 12:05:55','Administrator 2',8,'Login Success','Username: Administrator 2|IP: 112.134.4.141'),(17756,'2018-03-23 12:06:02','Administrator 2',2,'Master Data',''),(17757,'2018-03-23 12:06:17','Administrator 2',1,'Product','Value: Test Product 3'),(17758,'2018-03-23 12:06:21','Administrator 2',2,'Master Data',''),(17759,'2018-03-23 12:07:57','Administrator 2',5,'product_field','ID: 1'),(17760,'2018-03-23 12:08:08','Administrator 2',3,'product_field','ID: 1'),(17761,'2018-03-23 12:08:14','Administrator 2',5,'product_field','ID: 1'),(17762,'2018-03-23 12:08:21','Administrator 2',2,'Master Data',''),(17763,'2018-03-23 12:08:29','Administrator 2',2,'Master Data',''),(17764,'2018-03-23 12:08:59','Administrator 2',2,'Master Data',''),(17765,'2018-03-23 12:09:16','Administrator 2',2,'Master Data',''),(17766,'2018-03-23 12:10:23','Administrator 2',2,'Master Data',''),(17767,'2018-03-23 12:16:04','Administrator 2',3,'Field','ID: 3'),(17768,'2018-03-23 12:16:15','Administrator 2',3,'Field','ID: 4'),(17769,'2018-03-23 12:16:42','Administrator 2',1,'Field',''),(17770,'2018-03-23 12:16:52','Administrator 2',5,'field','ID: 6'),(17771,'2018-03-23 12:17:03','Administrator 2',2,'Users',''),(17772,'2018-03-23 12:17:07','Administrator 2',2,'Master Data',''),(17773,'2018-03-23 12:17:29','Administrator 2',1,'Product','Value: My Product'),(17774,'2018-03-23 12:17:31','Administrator 2',2,'Master Data',''),(17775,'2018-03-23 12:19:13','Administrator 2',5,'product_field','ID: 2'),(17776,'2018-03-23 12:19:31','Administrator 2',3,'product_field','ID: 2'),(17777,'2018-03-23 12:20:12','Administrator 2',5,'product_field','ID: 2'),(17778,'2018-03-23 12:26:59','Administrator 2',5,'product_field','ID: 5'),(17779,'2018-03-25 07:02:48','Administrator 2',8,'Login Success','Username: Administrator 2|IP: 123.231.121.87'),(17780,'2018-03-25 07:03:02','Administrator 2',2,'Master Data',''),(17781,'2018-03-26 05:47:02','Administrator 2',8,'Login Success','Username: Administrator 2|IP: 112.134.6.135'),(17782,'2018-03-26 05:47:15','Administrator 2',1,'Field Value','Value: '),(17783,'2018-03-26 05:47:31','Administrator 2',1,'Field Value','Value: TTT'),(17784,'2018-03-26 05:47:39','Administrator 2',5,'field_value','ID: 1'),(17785,'2018-03-26 05:47:47','Administrator 2',3,'field_value','ID: 1'),(17786,'2018-03-26 05:47:52','Administrator 2',5,'field_value','ID: 1'),(17787,'2018-03-26 05:48:02','Administrator 2',3,'field_value','ID: 1'),(17788,'2018-03-26 11:26:35','Administrator 2',8,'Login Success','Username: Administrator 2|IP: 112.134.6.166'),(17789,'2018-03-26 11:28:02','Administrator 2',2,'Master Data',''),(17790,'2018-03-26 11:28:19','Administrator 2',1,'Model','Name: Test Model'),(17791,'2018-03-26 11:28:21','Administrator 2',2,'Master Data',''),(17792,'2018-03-26 11:28:25','Administrator 2',5,'model','ID: 1'),(17793,'2018-03-26 11:28:27','Administrator 2',2,'Master Data',''),(17794,'2018-03-26 11:28:35','Administrator 2',3,'model','ID: 1'),(17795,'2018-03-26 11:28:37','Administrator 2',2,'Master Data',''),(17796,'2018-03-26 11:28:45','Administrator 2',3,'Model','Name: Test Model'),(17797,'2018-03-26 11:28:46','Administrator 2',2,'Master Data',''),(17798,'2018-03-26 12:24:15','Administrator 2',2,'Master Data',''),(17799,'2018-03-26 12:44:22','Administrator 2',2,'Master Data',''),(17800,'2018-03-27 03:21:10','Administrator 2',8,'Login Success','Username: Administrator 2|IP: 112.134.7.197'),(17801,'2018-03-27 03:34:09','Administrator 2',2,'Master Data',''),(17802,'2018-03-27 04:16:47','Administrator 2',8,'Login Success','Username: Administrator 2|IP: 112.134.7.197'),(17803,'2018-03-27 04:17:10','Administrator 2',2,'Master Data',''),(17804,'2018-03-27 04:17:33','Administrator 2',1,'Model','Name: Shammie 1'),(17805,'2018-03-27 04:17:36','Administrator 2',2,'Master Data',''),(17806,'2018-03-27 04:55:30','Administrator 2',2,'Master Data',''),(17807,'2018-03-27 05:05:47','Administrator 2',2,'Master Data',''),(17808,'2018-03-27 06:08:04','Administrator 2',2,'Master Data',''),(17809,'2018-03-27 06:08:10','Administrator 2',2,'Master Data',''),(17810,'2018-03-27 06:08:14','Administrator 2',2,'Master Data',''),(17811,'2018-03-27 06:08:21','Administrator 2',2,'News',''),(17812,'2018-03-27 06:08:27','Administrator 2',2,'Brands',''),(17813,'2018-03-27 06:08:32','Administrator 2',2,'Users',''),(17814,'2018-03-27 06:40:50','Administrator 2',2,'Users',''),(17815,'2018-03-27 06:40:55','Administrator 2',2,'Master Data',''),(17816,'2018-03-27 09:47:02','Guest',12,'Login Fail','Username: admin2|IP: 112.134.5.156'),(17817,'2018-03-27 09:47:13','Administrator 2',8,'Login Success','Username: Administrator 2|IP: 112.134.5.156'),(17818,'2018-03-27 09:47:24','Administrator 2',2,'Master Data',''),(17819,'2018-03-27 09:49:07','Administrator 2',2,'Master Data',''),(17820,'2018-03-27 09:49:18','Administrator 2',1,'Field Value','Value: XXXX'),(17821,'2018-03-27 09:49:26','Administrator 2',1,'Field Value','Value: UUU'),(17822,'2018-03-27 09:49:33','Administrator 2',5,'field_value','ID: 2'),(17823,'2018-03-27 09:49:42','Administrator 2',2,'Master Data',''),(17824,'2018-03-27 11:21:41','Administrator 2',8,'Login Success','Username: Administrator 2|IP: 112.134.5.156'),(17825,'2018-03-27 11:28:58','Administrator 2',2,'Master Data',''),(17826,'2018-03-27 11:29:38','Administrator 2',2,'Master Data',''),(17827,'2018-03-27 11:30:42','Administrator 2',2,'Master Data',''),(17828,'2018-03-27 11:30:57','Administrator 2',3,'Model','Name: Shammie 1'),(17829,'2018-03-27 11:31:00','Administrator 2',2,'Master Data',''),(17830,'2018-03-27 11:31:52','Administrator 2',2,'Master Data',''),(17831,'2018-03-27 11:31:59','Administrator 2',2,'Master Data',''),(17832,'2018-03-27 11:32:18','Administrator 2',2,'Master Data',''),(17833,'2018-03-27 11:32:32','Administrator 2',2,'Master Data',''),(17834,'2018-03-27 11:32:40','Administrator 2',3,'Model','Name: Shammie 1'),(17835,'2018-03-27 11:32:42','Administrator 2',2,'Master Data',''),(17836,'2018-03-27 11:32:51','Administrator 2',2,'Master Data',''),(17837,'2018-03-27 11:32:59','Administrator 2',2,'Master Data',''),(17838,'2018-03-27 11:37:12','Administrator 2',2,'Master Data',''),(17839,'2018-03-27 11:37:16','Administrator 2',2,'Master Data',''),(17840,'2018-03-27 11:37:26','Administrator 2',2,'Master Data',''),(17841,'2018-03-27 11:38:10','Administrator 2',1,'Product','Value: Shammie Product 1'),(17842,'2018-03-27 11:38:12','Administrator 2',2,'Master Data',''),(17843,'2018-03-27 11:38:25','Administrator 2',2,'Master Data',''),(17844,'2018-03-27 11:38:49','Administrator 2',8,'Login Success','Username: Administrator 2|IP: 112.134.5.156'),(17845,'2018-03-27 11:38:54','Administrator 2',1,'Field',''),(17846,'2018-03-27 11:39:00','Administrator 2',2,'Master Data',''),(17847,'2018-03-27 11:39:12','Administrator 2',1,'Field',''),(17848,'2018-03-27 11:39:38','Administrator 2',1,'Field',''),(17849,'2018-03-27 11:39:48','Administrator 2',2,'Master Data',''),(17850,'2018-03-27 11:40:14','Administrator 2',1,'Field',''),(17851,'2018-03-27 11:40:28','Administrator 2',2,'Master Data',''),(17852,'2018-03-27 11:40:32','Administrator 2',1,'Field Value','Value: Male'),(17853,'2018-03-27 11:40:52','Administrator 2',1,'Field Value','Value: Female'),(17854,'2018-03-27 11:41:04','Administrator 2',1,'Field Value','Value: Don\'t know'),(17855,'2018-03-27 11:41:24','Administrator 2',1,'Field',''),(17856,'2018-03-27 11:41:31','Administrator 2',2,'Master Data',''),(17857,'2018-03-27 11:42:24','Administrator 2',2,'Master Data',''),(17858,'2018-03-27 11:42:30','Administrator 2',2,'Master Data',''),(17859,'2018-03-27 11:43:10','Administrator 2',2,'Master Data',''),(17860,'2018-03-27 11:43:23','Administrator 2',2,'Master Data',''),(17861,'2018-03-27 11:43:40','Administrator 2',1,'Model','Name: Shammie 2'),(17862,'2018-03-27 11:43:43','Administrator 2',2,'Master Data',''),(17863,'2018-03-27 11:45:39','Administrator 2',8,'Login Success','Username: Administrator 2|IP: 112.134.5.156'),(17864,'2018-03-27 11:45:47','Administrator 2',2,'Master Data',''),(17865,'2018-03-27 11:45:59','Administrator 2',2,'Master Data',''),(17866,'2018-03-27 11:46:05','Administrator 2',2,'Master Data',''),(17867,'2018-03-27 11:46:15','Administrator 2',2,'Master Data',''),(17868,'2018-03-27 12:01:40','Administrator 2',8,'Login Success','Username: Administrator 2|IP: 112.134.5.156'),(17869,'2018-03-27 12:01:48','Administrator 2',2,'Master Data',''),(17870,'2018-03-27 12:02:16','Administrator 2',2,'Master Data',''),(17871,'2018-03-27 12:04:52','Administrator 2',8,'Login Success','Username: Administrator 2|IP: 112.134.5.156'),(17872,'2018-03-27 12:05:01','Administrator 2',2,'Master Data',''),(17873,'2018-03-27 12:05:11','Administrator 2',2,'Master Data',''),(17874,'2018-03-27 12:05:30','Administrator 2',2,'Master Data',''),(17875,'2018-03-27 12:05:39','Administrator 2',2,'Master Data',''),(17876,'2018-03-28 02:57:56','Administrator 2',8,'Login Success','Username: Administrator 2|IP: 112.134.7.216'),(17877,'2018-03-28 02:58:11','Administrator 2',2,'Master Data',''),(17878,'2018-03-28 03:00:27','Administrator 2',2,'Master Data',''),(17879,'2018-03-28 12:24:20','Administrator 2',8,'Login Success','Username: Administrator 2|IP: 112.134.2.120'),(17880,'2018-03-29 02:54:02','Administrator 2',8,'Login Success','Username: Administrator 2|IP: 112.134.6.2'),(17881,'2018-03-29 02:55:02','Administrator 2',2,'Items',''),(17882,'2018-03-29 02:55:11','Administrator 2',2,'Items',''),(17883,'2018-03-29 02:57:26','Administrator 2',2,'Items',''),(17884,'2018-03-29 02:57:40','Administrator 2',2,'Master Data',''),(17885,'2018-03-29 02:57:51','Administrator 2',2,'Items',''),(17886,'2018-03-29 02:57:58','Administrator 2',2,'Items',''),(17887,'2018-03-29 02:58:05','Administrator 2',2,'Master Data',''),(17888,'2018-03-29 03:00:25','Administrator 2',8,'Login Success','Username: Administrator 2|IP: 112.134.6.2'),(17889,'2018-03-29 03:00:31','Administrator 2',2,'Items',''),(17890,'2018-03-29 03:05:22','Administrator 2',2,'Items',''),(17891,'2018-03-29 03:05:34','Administrator 2',2,'Master Data',''),(17892,'2018-03-29 03:05:38','Administrator 2',2,'Master Data',''),(17893,'2018-03-29 03:05:42','Administrator 2',2,'Items',''),(17894,'2018-03-29 03:12:07','Administrator 2',2,'Items',''),(17895,'2018-03-29 03:12:10','Administrator 2',2,'Master Data',''),(17896,'2018-03-29 03:12:40','Administrator 2',1,'Field',''),(17897,'2018-03-29 03:13:00','Administrator 2',1,'Field',''),(17898,'2018-03-29 03:13:21','Administrator 2',1,'Field',''),(17899,'2018-03-29 03:13:32','Administrator 2',3,'Field','ID: 1'),(17900,'2018-03-29 03:13:58','Administrator 2',1,'Field',''),(17901,'2018-03-29 03:14:24','Administrator 2',1,'Field',''),(17902,'2018-03-29 03:14:40','Administrator 2',1,'Field',''),(17903,'2018-03-29 03:14:53','Administrator 2',1,'Field',''),(17904,'2018-03-29 03:15:09','Administrator 2',1,'Field',''),(17905,'2018-03-29 03:15:20','Administrator 2',1,'Field Value','Value: 10'),(17906,'2018-03-29 03:15:29','Administrator 2',1,'Field Value','Value: 20'),(17907,'2018-03-29 03:15:36','Administrator 2',1,'Field Value','Value: 30'),(17908,'2018-03-29 03:15:49','Administrator 2',1,'Field Value','Value: 40'),(17909,'2018-03-29 03:15:56','Administrator 2',1,'Field Value','Value: 50'),(17910,'2018-03-29 03:16:13','Administrator 2',2,'Master Data',''),(17911,'2018-03-29 03:16:28','Administrator 2',1,'Product','Value: My Product'),(17912,'2018-03-29 03:16:30','Administrator 2',2,'Master Data',''),(17913,'2018-03-29 03:16:52','Administrator 2',2,'Master Data',''),(17914,'2018-03-29 03:16:57','Administrator 2',2,'Master Data',''),(17915,'2018-03-29 03:17:12','Administrator 2',1,'Model','Name: My Model'),(17916,'2018-03-29 03:17:14','Administrator 2',2,'Master Data',''),(17917,'2018-03-29 03:17:18','Administrator 2',2,'Items',''),(17918,'2018-03-29 03:17:23','Administrator 2',2,'Add Item',''),(17919,'2018-03-29 03:22:33','Administrator 2',2,'Master Data',''),(17920,'2018-03-29 03:22:37','Administrator 2',2,'Items',''),(17921,'2018-03-29 03:22:43','Administrator 2',2,'Items',''),(17922,'2018-03-29 03:22:44','Administrator 2',2,'Master Data',''),(17923,'2018-03-29 03:22:46','Administrator 2',2,'Master Data',''),(17924,'2018-03-29 03:22:50','Administrator 2',2,'Master Data',''),(17925,'2018-03-29 03:23:08','Administrator 2',2,'Master Data',''),(17926,'2018-03-29 03:23:15','Administrator 2',2,'Items',''),(17927,'2018-03-29 03:23:19','Administrator 2',2,'Add Item',''),(17928,'2018-03-29 03:24:05','Administrator 2',2,'Add Item',''),(17929,'2018-03-29 03:31:11','Administrator 2',2,'Add Item',''),(17930,'2018-03-29 03:31:15','Administrator 2',2,'Add Item',''),(17931,'2018-03-29 03:36:18','Administrator 2',2,'Add Item',''),(17932,'2018-03-29 03:42:45','Administrator 2',2,'Items',''),(17933,'2018-03-29 03:42:46','Administrator 2',2,'Master Data',''),(17934,'2018-03-29 03:42:52','Administrator 2',2,'Brands',''),(17935,'2018-03-29 03:43:00','Administrator 2',2,'News',''),(17936,'2018-03-29 03:52:43','Administrator 2',2,'News',''),(17937,'2018-03-29 03:52:50','Administrator 2',2,'Items',''),(17938,'2018-03-29 03:52:57','Administrator 2',2,'Add Item',''),(17939,'2018-03-29 03:53:03','Administrator 2',2,'Add Item',''),(17940,'2018-03-29 03:59:43','Administrator 2',2,'Add Item',''),(17941,'2018-03-29 04:00:01','Administrator 2',2,'Items',''),(17942,'2018-03-29 04:16:47','Administrator 2',2,'Items',''),(17943,'2018-03-29 04:16:52','Administrator 2',2,'Add Item',''),(17944,'2018-03-29 04:18:39','Administrator 2',2,'Add Item',''),(17945,'2018-03-29 04:46:22','Administrator 2',2,'Add Item',''),(17946,'2018-03-29 04:46:41','Administrator 2',2,'Add Item',''),(17947,'2018-03-29 06:52:47','Administrator 2',8,'Login Success','Username: Administrator 2|IP: 112.134.6.159'),(17948,'2018-03-29 06:53:08','Administrator 2',2,'Items',''),(17949,'2018-03-29 06:53:12','Administrator 2',2,'Add Item',''),(17950,'2018-03-29 06:53:34','Administrator 2',2,'Add Item Next',''),(17951,'2018-03-29 07:10:10','Administrator 2',8,'Login Success','Username: Administrator 2|IP: 112.134.6.159'),(17952,'2018-03-29 07:10:24','Administrator 2',2,'Items',''),(17953,'2018-03-29 07:10:30','Administrator 2',2,'Add Item',''),(17954,'2018-03-29 07:10:38','Administrator 2',2,'Add Item',''),(17955,'2018-03-29 07:10:57','Administrator 2',2,'Items',''),(17956,'2018-03-29 07:11:00','Administrator 2',2,'Add Item Next',''),(17957,'2018-03-29 07:11:56','Administrator 2',2,'Add Item',''),(17958,'2018-03-29 07:12:20','Administrator 2',2,'Items',''),(17959,'2018-03-29 07:12:27','Administrator 2',2,'Add Item',''),(17960,'2018-03-29 07:12:47','Administrator 2',2,'Add Item',''),(17961,'2018-03-29 07:13:20','Administrator 2',2,'Add Item Next',''),(17962,'2018-03-29 10:57:04','Guest',12,'Login Fail','Username: admin2|IP: 112.134.6.159'),(17963,'2018-03-29 10:57:16','Guest',12,'Login Fail','Username: admin2|IP: 112.134.6.159'),(17964,'2018-03-29 10:57:25','Guest',12,'Login Fail','Username: test1|IP: 112.134.6.159'),(17965,'2018-03-29 10:57:37','Test Administrator - No 1',8,'Login Success','Username: Test Administrator - No 1|IP: 112.134.6.159'),(17966,'2018-03-29 10:57:46','Test Administrator - No 1',2,'News',''),(17967,'2018-03-29 12:39:49','Administrator 2',8,'Login Success','Username: Administrator 2|IP: 112.134.2.197'),(17968,'2018-03-29 12:40:21','Administrator 2',2,'Items',''),(17969,'2018-03-29 12:43:50','Administrator 2',2,'Add Item',''),(17970,'2018-03-29 12:55:59','Administrator 2',2,'Add Item',''),(17971,'2018-03-30 05:45:05','Administrator 2',8,'Login Success','Username: Administrator 2|IP: 112.134.2.196'),(17972,'2018-03-30 05:45:59','Administrator 2',2,'Items',''),(17973,'2018-03-30 05:46:05','Administrator 2',2,'Add Item',''),(17974,'2018-03-30 05:46:36','Administrator 2',2,'Add Item Next',''),(17975,'2018-03-30 05:46:51','Administrator 2',2,'Add Item',''),(17976,'2018-03-30 05:46:53','Administrator 2',2,'Items',''),(17977,'2018-03-30 06:39:18','Administrator 2',2,'Items',''),(17978,'2018-03-30 07:41:12','Administrator 2',2,'Items',''),(17979,'2018-03-30 08:28:39','Administrator 2',8,'Login Success','Username: Administrator 2|IP: 112.134.2.196'),(17980,'2018-03-30 08:28:57','Administrator 2',2,'Items',''),(17981,'2018-03-30 08:29:03','Administrator 2',2,'Add Item',''),(17982,'2018-03-30 08:31:28','Administrator 2',2,'Add Item Next',''),(17983,'2018-03-30 08:32:37','Administrator 2',1,'Image Upload','File Name: 667945914408689.jpg'),(17984,'2018-03-30 08:32:47','Administrator 2',1,'Add Item','ID : 1'),(17985,'2018-03-30 08:32:47','Administrator 2',2,'Items',''),(17986,'2018-04-03 04:39:13','Administrator 2',8,'Login Success','Username: Administrator 2|IP: 112.134.7.88'),(17987,'2018-04-03 04:39:27','Administrator 2',2,'Items',''),(17988,'2018-04-03 04:39:38','Administrator 2',2,'Add Item',''),(17989,'2018-04-03 04:40:15','Administrator 2',1,'Edit Item','ID : 1'),(17990,'2018-04-03 04:40:16','Administrator 2',2,'Items',''),(17991,'2018-04-03 04:40:20','Administrator 2',2,'Add Item',''),(17992,'2018-04-03 04:40:51','Administrator 2',1,'Edit Item','ID : 1'),(17993,'2018-04-03 04:40:52','Administrator 2',2,'Items',''),(17994,'2018-04-03 04:55:26','Administrator 2',2,'Add Item',''),(17995,'2018-04-03 04:55:30','Administrator 2',1,'Edit Item','ID : 1'),(17996,'2018-04-03 04:55:30','Administrator 2',2,'Items',''),(17997,'2018-04-03 05:07:50','Administrator 2',2,'Add Item',''),(17998,'2018-04-03 05:07:54','Administrator 2',2,'Items',''),(17999,'2018-04-03 05:08:14','Administrator 2',2,'Add Item',''),(18000,'2018-04-03 05:08:18','Administrator 2',2,'Items',''),(18001,'2018-04-03 05:08:20','Administrator 2',2,'Add Item',''),(18002,'2018-04-03 05:36:22','Administrator 2',8,'Login Success','Username: Administrator 2|IP: 112.134.7.88'),(18003,'2018-04-03 05:36:22','Administrator 2',2,'Items',''),(18004,'2018-04-03 05:36:26','Administrator 2',2,'Add Item',''),(18005,'2018-04-03 05:36:45','Administrator 2',1,'Edit Item','ID : 1'),(18006,'2018-04-03 05:36:46','Administrator 2',2,'Items',''),(18007,'2018-04-03 05:36:53','Administrator 2',2,'Add Item',''),(18008,'2018-04-03 06:33:00','Administrator 2',2,'Items',''),(18009,'2018-04-03 06:33:08','Administrator 2',2,'Items',''),(18010,'2018-04-03 06:33:09','Administrator 2',2,'Items',''),(18011,'2018-04-03 06:33:18','Administrator 2',2,'Add Item',''),(18012,'2018-04-03 06:35:40','Administrator 2',1,'Edit Item','ID : 1'),(18013,'2018-04-03 06:35:41','Administrator 2',2,'Items',''),(18014,'2018-04-03 06:36:12','Administrator 2',2,'Add Item',''),(18015,'2018-04-03 06:36:24','Administrator 2',2,'Items',''),(18016,'2018-04-03 06:36:47','Administrator 2',2,'Add Item',''),(18017,'2018-04-03 06:36:49','Administrator 2',2,'Items',''),(18018,'2018-04-03 06:36:53','Administrator 2',2,'Add Item',''),(18019,'2018-04-03 06:36:57','Administrator 2',2,'Items',''),(18020,'2018-04-03 06:37:02','Administrator 2',2,'Items',''),(18021,'2018-04-03 06:37:21','Administrator 2',2,'Items',''),(18022,'2018-04-03 06:38:13','Administrator 2',2,'Items',''),(18023,'2018-04-03 06:38:23','Administrator 2',2,'Add Item',''),(18024,'2018-04-03 06:38:29','Administrator 2',2,'Items',''),(18025,'2018-04-03 06:38:32','Administrator 2',2,'Add Item',''),(18026,'2018-04-03 06:39:19','Administrator 2',2,'Items',''),(18027,'2018-04-03 06:39:34','Administrator 2',2,'Add Item',''),(18028,'2018-04-03 06:39:51','Administrator 2',2,'Items',''),(18029,'2018-04-03 06:39:55','Administrator 2',2,'Add Item',''),(18030,'2018-04-03 06:41:20','Administrator 2',2,'Items',''),(18031,'2018-04-03 07:04:51','Administrator 2',2,'Add Item',''),(18032,'2018-04-03 07:04:55','Administrator 2',2,'Items',''),(18033,'2018-04-03 07:04:58','Administrator 2',2,'Items',''),(18034,'2018-04-03 07:05:07','Administrator 2',2,'Items',''),(18035,'2018-04-03 07:05:12','Administrator 2',2,'Items',''),(18036,'2018-04-03 07:05:16','Administrator 2',2,'Add Item',''),(18037,'2018-04-03 07:06:32','Administrator 2',2,'Items',''),(18038,'2018-04-03 07:06:40','Administrator 2',2,'Items',''),(18039,'2018-04-03 07:08:38','Administrator 2',2,'Items',''),(18040,'2018-04-03 07:08:58','Administrator 2',2,'Items',''),(18041,'2018-04-03 07:11:43','Administrator 2',2,'Items',''),(18042,'2018-04-03 07:11:51','Administrator 2',5,'item','ID: 1'),(18043,'2018-04-03 07:11:53','Administrator 2',2,'Items',''),(18044,'2018-04-03 07:11:57','Administrator 2',3,'item','ID: 1'),(18045,'2018-04-03 07:12:00','Administrator 2',2,'Items',''),(18046,'2018-04-03 07:26:25','Administrator 2',2,'Add Item',''),(18047,'2018-04-03 07:26:28','Administrator 2',2,'Items',''),(18048,'2018-04-03 08:05:03','Administrator 2',2,'Master Data',''),(18049,'2018-04-03 12:35:18','Guest',12,'Login Fail','Username: demo2|IP: 112.134.7.88'),(18050,'2018-04-03 12:35:31','Guest',12,'Login Fail','Username: admin2|IP: 112.134.7.88'),(18051,'2018-04-03 12:35:41','Guest',12,'Login Fail','Username: admin2|IP: 112.134.7.88'),(18052,'2018-04-03 12:35:53','Administrator 2',8,'Login Success','Username: Administrator 2|IP: 112.134.7.88'),(18053,'2018-04-03 12:36:00','Administrator 2',2,'Items',''),(18054,'2018-04-03 12:37:05','Administrator 2',2,'Items',''),(18055,'2018-04-03 12:37:09','Administrator 2',2,'Items',''),(18056,'2018-04-03 12:37:21','Administrator 2',2,'Items',''),(18057,'2018-04-03 12:37:33','Administrator 2',2,'Category',''),(18058,'2018-04-03 12:37:46','Administrator 2',1,'Category','Parent 1'),(18059,'2018-04-03 12:37:48','Administrator 2',2,'Category',''),(18060,'2018-04-03 12:37:59','Administrator 2',1,'Category','Parent 2'),(18061,'2018-04-03 12:38:01','Administrator 2',2,'Category',''),(18062,'2018-04-03 12:38:11','Administrator 2',1,'Category','Parent 3'),(18063,'2018-04-03 12:38:13','Administrator 2',2,'Category',''),(18064,'2018-04-03 12:38:25','Administrator 2',1,'Category','Sub 1'),(18065,'2018-04-03 12:38:28','Administrator 2',2,'Category',''),(18066,'2018-04-03 12:38:41','Administrator 2',1,'Category','Sub2'),(18067,'2018-04-03 12:38:43','Administrator 2',2,'Category',''),(18068,'2018-04-03 12:38:54','Administrator 2',1,'Category','Sub 3'),(18069,'2018-04-03 12:38:55','Administrator 2',2,'Category',''),(18070,'2018-04-03 12:39:07','Administrator 2',1,'Category','Sub 4'),(18071,'2018-04-03 12:39:09','Administrator 2',2,'Category',''),(18072,'2018-04-03 12:39:23','Administrator 2',1,'Category','Sub 5'),(18073,'2018-04-03 12:39:26','Administrator 2',2,'Category',''),(18074,'2018-04-03 12:39:39','Administrator 2',1,'Category','Sub 6'),(18075,'2018-04-03 12:39:41','Administrator 2',2,'Category',''),(18076,'2018-04-03 12:39:54','Administrator 2',2,'Items',''),(18077,'2018-04-03 12:39:56','Administrator 2',2,'Items',''),(18078,'2018-04-03 12:45:07','Administrator 2',2,'Items',''),(18079,'2018-04-04 07:34:11','Administrator 2',8,'Login Success','Username: Administrator 2|IP: 112.134.7.136'),(18080,'2018-04-04 07:34:17','Administrator 2',2,'Items',''),(18081,'2018-04-04 07:34:22','Administrator 2',2,'Items',''),(18082,'2018-04-04 07:36:28','Administrator 2',2,'Items',''),(18083,'2018-04-04 07:36:31','Administrator 2',2,'Items',''),(18084,'2018-04-04 12:30:30','Administrator 2',8,'Login Success','Username: Administrator 2|IP: 112.134.7.136'),(18085,'2018-04-04 12:30:45','Administrator 2',2,'Items',''),(18086,'2018-04-04 12:30:50','Administrator 2',2,'Items',''),(18087,'2018-04-04 12:43:46','Administrator 2',2,'Items',''),(18088,'2018-04-05 03:13:51','Administrator 2',8,'Login Success','Username: Administrator 2|IP: 112.134.6.69'),(18089,'2018-04-05 03:14:02','Administrator 2',2,'Items',''),(18090,'2018-04-05 03:15:14','Administrator 2',2,'Items',''),(18091,'2018-04-05 03:15:24','Administrator 2',2,'Master Data',''),(18092,'2018-04-05 03:15:29','Administrator 2',2,'Master Data',''),(18093,'2018-04-05 03:37:27','Administrator 2',8,'Login Success','Username: Administrator 2|IP: 112.134.6.69'),(18094,'2018-04-05 03:37:37','Administrator 2',2,'Items',''),(18095,'2018-04-05 03:37:41','Administrator 2',2,'Items',''),(18096,'2018-04-05 03:37:44','Administrator 2',2,'Items',''),(18097,'2018-04-05 03:38:15','Administrator 2',2,'Items',''),(18098,'2018-04-05 03:38:27','Administrator 2',2,'Branch',''),(18099,'2018-04-05 03:38:36','Administrator 2',1,'Field',''),(18100,'2018-04-05 03:38:55','Administrator 2',1,'Field',''),(18101,'2018-04-05 03:39:18','Administrator 2',1,'Field',''),(18102,'2018-04-05 03:39:24','Administrator 2',1,'Branch','Online Store'),(18103,'2018-04-05 03:39:27','Administrator 2',2,'Branch',''),(18104,'2018-04-05 03:39:42','Administrator 2',3,'Field','ID: 3'),(18105,'2018-04-05 03:40:08','Administrator 2',1,'Field',''),(18106,'2018-04-05 03:41:39','Administrator 2',1,'Field',''),(18107,'2018-04-05 03:41:57','Administrator 2',1,'Field',''),(18108,'2018-04-05 03:42:11','Administrator 2',1,'Field Value','Value: No'),(18109,'2018-04-05 03:42:19','Administrator 2',1,'Field Value','Value: All'),(18110,'2018-04-05 03:42:29','Administrator 2',1,'Field Value','Value: GO'),(18111,'2018-04-05 03:42:39','Administrator 2',1,'Field Value','Value: C05'),(18112,'2018-04-05 03:42:53','Administrator 2',1,'Field Value','Value: C07'),(18113,'2018-04-05 03:43:17','Administrator 2',1,'Field Value','Value: 507'),(18114,'2018-04-05 03:43:29','Administrator 2',1,'Field Value','Value: 535'),(18115,'2018-04-05 03:43:39','Administrator 2',1,'Field Value','Value: 538'),(18116,'2018-04-05 03:43:48','Administrator 2',1,'Field Value','Value: BK'),(18117,'2018-04-05 03:43:56','Administrator 2',1,'Field Value','Value: BR'),(18118,'2018-04-05 03:44:07','Administrator 2',1,'Field Value','Value: Pu'),(18119,'2018-04-05 03:44:24','Administrator 2',1,'Field Value','Value: Plastic'),(18120,'2018-04-05 03:44:32','Administrator 2',1,'Field Value','Value: Metal'),(18121,'2018-04-05 03:44:57','Administrator 2',1,'Field Value','Value: Sun Glass'),(18122,'2018-04-05 03:45:08','Administrator 2',1,'Field Value','Value: Full Frame'),(18123,'2018-04-05 03:45:36','Administrator 2',1,'Field Value','Value: ESPRIT'),(18124,'2018-04-05 03:45:55','Administrator 2',1,'Field Value','Value: PERRE CARDIN'),(18125,'2018-04-05 03:46:05','Administrator 2',3,'Field Value','Value: PIERRE CARDIN'),(18126,'2018-04-05 03:46:27','Administrator 2',2,'Master Data',''),(18127,'2018-04-05 03:47:08','Administrator 2',1,'Product','Value: Sun Glass'),(18128,'2018-04-05 03:47:11','Administrator 2',2,'Master Data',''),(18129,'2018-04-05 03:47:40','Administrator 2',2,'Master Data',''),(18130,'2018-04-05 03:47:47','Administrator 2',2,'Master Data',''),(18131,'2018-04-05 03:49:55','Administrator 2',2,'Items',''),(18132,'2018-04-05 03:50:04','Administrator 2',2,'Master Data',''),(18133,'2018-04-05 03:55:05','Administrator 2',5,'field','ID: 2'),(18134,'2018-04-05 03:55:17','Administrator 2',2,'Master Data',''),(18135,'2018-04-05 03:56:31','Administrator 2',1,'Model','Name: P211201'),(18136,'2018-04-05 03:56:32','Administrator 2',2,'Master Data',''),(18137,'2018-04-05 03:57:29','Administrator 2',1,'Model','Name: ET17892'),(18138,'2018-04-05 03:57:31','Administrator 2',2,'Master Data',''),(18139,'2018-04-05 03:57:40','Administrator 2',2,'Items',''),(18140,'2018-04-05 03:57:52','Administrator 2',2,'Add Item',''),(18141,'2018-04-05 03:59:22','Administrator 2',2,'Items',''),(18142,'2018-04-05 03:59:27','Administrator 2',2,'Master Data',''),(18143,'2018-04-05 04:00:26','Administrator 2',2,'Master Data',''),(18144,'2018-04-05 04:00:40','Administrator 2',2,'Master Data',''),(18145,'2018-04-05 04:01:44','Administrator 2',2,'Master Data',''),(18146,'2018-04-05 04:02:34','Administrator 2',2,'Master Data',''),(18147,'2018-04-05 04:02:37','Administrator 2',2,'Items',''),(18148,'2018-04-05 04:02:42','Administrator 2',2,'Add Item',''),(18149,'2018-04-05 04:04:41','Administrator 2',2,'Items',''),(18150,'2018-04-05 04:04:46','Administrator 2',2,'Master Data',''),(18151,'2018-04-05 05:02:19','Administrator 2',2,'Items',''),(18152,'2018-04-05 05:02:32','Administrator 2',2,'Master Data',''),(18153,'2018-04-05 05:03:45','Administrator 2',2,'Master Data',''),(18154,'2018-04-05 05:04:15','Administrator 2',2,'Master Data',''),(18155,'2018-04-05 05:04:17','Administrator 2',2,'Items',''),(18156,'2018-04-05 05:04:21','Administrator 2',2,'Add Item',''),(18157,'2018-04-05 05:05:46','Administrator 2',2,'Items',''),(18158,'2018-04-05 05:05:54','Administrator 2',2,'Master Data',''),(18159,'2018-04-05 05:06:15','Administrator 2',1,'Field Value','Value: Half Frame'),(18160,'2018-04-05 05:06:23','Administrator 2',2,'Items',''),(18161,'2018-04-05 05:06:27','Administrator 2',2,'Add Item',''),(18162,'2018-04-05 05:07:17','Administrator 2',2,'Add Item Next',''),(18163,'2018-04-05 05:07:20','Administrator 2',1,'Add Item','ID : 1'),(18164,'2018-04-05 05:07:20','Administrator 2',2,'Items',''),(18165,'2018-04-05 05:07:30','Administrator 2',2,'Add Item',''),(18166,'2018-04-05 05:08:36','Administrator 2',2,'Add Item Next',''),(18167,'2018-04-05 05:08:38','Administrator 2',1,'Add Item','ID : 2'),(18168,'2018-04-05 05:08:39','Administrator 2',2,'Items',''),(18169,'2018-04-05 05:08:44','Administrator 2',2,'Items',''),(18170,'2018-04-05 05:08:47','Administrator 2',2,'Items',''),(18171,'2018-04-05 05:10:36','Administrator 2',1,'Grn','ID : 1'),(18172,'2018-04-05 05:10:37','Administrator 2',2,'Items',''),(18173,'2018-04-05 05:10:45','Administrator 2',5,'grn','ID: 1'),(18174,'2018-04-05 05:10:47','Administrator 2',2,'Items',''),(18175,'2018-04-05 05:10:50','Administrator 2',3,'grn','ID: 1'),(18176,'2018-04-05 05:10:52','Administrator 2',2,'Items',''),(18177,'2018-04-05 05:11:27','Administrator 2',2,'Items',''),(18178,'2018-04-05 05:11:51','Administrator 2',2,'Master Data',''),(18179,'2018-04-05 05:12:15','Administrator 2',2,'Items',''),(18180,'2018-04-05 05:13:00','Administrator 2',2,'Master Data',''),(18181,'2018-04-05 05:13:08','Administrator 2',2,'Master Data',''),(18182,'2018-04-05 05:13:35','Administrator 2',2,'Master Data',''),(18183,'2018-04-05 05:13:48','Administrator 2',2,'Master Data',''),(18184,'2018-04-05 05:14:07','Administrator 2',2,'Master Data',''),(18185,'2018-04-05 05:14:22','Administrator 2',2,'Master Data',''),(18186,'2018-04-05 05:14:35','Administrator 2',2,'Master Data',''),(18187,'2018-04-05 05:15:18','Administrator 2',1,'Model','Name: P209'),(18188,'2018-04-05 05:15:20','Administrator 2',2,'Master Data',''),(18189,'2018-04-05 05:23:22','Administrator 2',1,'Model','Name: ET17447'),(18190,'2018-04-05 05:23:24','Administrator 2',2,'Master Data',''),(18191,'2018-04-05 05:23:44','Administrator 2',2,'Master Data',''),(18192,'2018-04-05 05:24:58','Administrator 2',2,'Master Data',''),(18193,'2018-04-05 05:25:46','Administrator 2',2,'Master Data',''),(18194,'2018-04-05 05:25:52','Administrator 2',2,'Items',''),(18195,'2018-04-05 05:26:05','Administrator 2',2,'Add Item',''),(18196,'2018-04-05 05:27:41','Administrator 2',2,'Items',''),(18197,'2018-04-05 05:27:50','Administrator 2',2,'Master Data',''),(18198,'2018-04-05 05:28:34','Administrator 2',2,'Master Data',''),(18199,'2018-04-05 05:29:22','Administrator 2',2,'Master Data',''),(18200,'2018-04-05 05:29:26','Administrator 2',2,'Master Data',''),(18201,'2018-04-05 05:29:28','Administrator 2',2,'Items',''),(18202,'2018-04-05 05:29:34','Administrator 2',2,'Add Item',''),(18203,'2018-04-05 05:30:15','Administrator 2',2,'Add Item Next',''),(18204,'2018-04-05 05:30:18','Administrator 2',1,'Add Item','ID : 3'),(18205,'2018-04-05 05:30:18','Administrator 2',2,'Items',''),(18206,'2018-04-05 05:30:26','Administrator 2',2,'Add Item',''),(18207,'2018-04-05 05:30:38','Administrator 2',2,'Items',''),(18208,'2018-04-05 05:31:02','Administrator 2',2,'Add Item',''),(18209,'2018-04-05 05:32:10','Administrator 2',2,'Items',''),(18210,'2018-04-05 05:32:15','Administrator 2',2,'Master Data',''),(18211,'2018-04-05 05:32:45','Administrator 2',2,'Master Data',''),(18212,'2018-04-05 05:32:48','Administrator 2',2,'Items',''),(18213,'2018-04-05 05:32:52','Administrator 2',2,'Add Item',''),(18214,'2018-04-05 05:33:06','Administrator 2',2,'Items',''),(18215,'2018-04-05 05:33:19','Administrator 2',2,'Add Item',''),(18216,'2018-04-05 05:34:42','Administrator 2',2,'Add Item Next',''),(18217,'2018-04-05 05:34:45','Administrator 2',1,'Add Item','ID : 4'),(18218,'2018-04-05 05:34:45','Administrator 2',2,'Items',''),(18219,'2018-04-05 06:07:17','Administrator 2',8,'Login Success','Username: Administrator 2|IP: 112.134.6.69'),(18220,'2018-04-05 06:07:27','Administrator 2',2,'Items',''),(18221,'2018-04-05 06:07:30','Administrator 2',2,'Items',''),(18222,'2018-04-05 06:07:52','Administrator 2',2,'Items',''),(18223,'2018-04-05 06:08:05','Administrator 2',2,'Items',''),(18224,'2018-04-05 06:08:19','Administrator 2',2,'Add Item',''),(18225,'2018-04-05 06:08:30','Administrator 2',2,'Items',''),(18226,'2018-04-05 06:08:55','Administrator 2',2,'Master Data',''),(18227,'2018-04-05 06:09:05','Administrator 2',2,'Items',''),(18228,'2018-04-05 06:09:13','Administrator 2',2,'Items',''),(18229,'2018-04-05 06:09:29','Administrator 2',2,'Items',''),(18230,'2018-04-05 06:09:39','Administrator 2',2,'Add Item',''),(18231,'2018-04-05 06:09:56','Administrator 2',2,'Add Item',''),(18232,'2018-04-05 06:10:27','Administrator 2',1,'Edit Item','ID : 2'),(18233,'2018-04-05 06:10:28','Administrator 2',2,'Items',''),(18234,'2018-04-05 06:10:38','Administrator 2',5,'item','ID: 2'),(18235,'2018-04-05 06:10:41','Administrator 2',2,'Items',''),(18236,'2018-04-05 06:11:07','Administrator 2',2,'Items',''),(18237,'2018-04-05 06:11:25','Administrator 2',3,'item','ID: 2'),(18238,'2018-04-05 06:11:26','Administrator 2',2,'Items',''),(18239,'2018-04-05 06:11:36','Administrator 2',2,'Brands',''),(18240,'2018-04-05 06:11:59','Administrator 2',2,'Brands',''),(18241,'2018-04-05 06:12:09','Administrator 2',2,'Items',''),(18242,'2018-04-05 06:12:38','Administrator 2',2,'Items',''),(18243,'2018-04-05 06:12:46','Administrator 2',5,'grn','ID: 1'),(18244,'2018-04-05 06:12:48','Administrator 2',2,'Items',''),(18245,'2018-04-05 06:13:23','Administrator 2',2,'Items',''),(18246,'2018-04-05 06:13:29','Administrator 2',2,'Items',''),(18247,'2018-04-05 06:13:52','Administrator 2',2,'Add Item',''),(18248,'2018-04-05 06:14:44','Administrator 2',2,'Items',''),(18249,'2018-04-05 06:17:58','Administrator 2',2,'Items',''),(18250,'2018-04-05 06:18:04','Administrator 2',3,'grn','ID: 1'),(18251,'2018-04-05 06:18:13','Administrator 2',2,'Items',''),(18252,'2018-04-05 06:18:16','Administrator 2',2,'Items',''),(18253,'2018-04-05 06:18:38','Administrator 2',2,'Items',''),(18254,'2018-04-05 06:18:43','Administrator 2',2,'Items',''),(18255,'2018-04-05 06:20:52','Administrator 2',11,'Item','1000'),(18256,'2018-04-05 06:21:00','Administrator 2',11,'Item','2000'),(18257,'2018-04-05 06:21:08','Administrator 2',11,'Item','2000'),(18258,'2018-04-05 06:21:55','Administrator 2',11,'Item','1000'),(18259,'2018-04-05 06:22:01','Administrator 2',11,'Item','1000'),(18260,'2018-04-05 06:22:07','Administrator 2',11,'Item','1000'),(18261,'2018-04-05 06:22:13','Administrator 2',11,'Item','200'),(18262,'2018-04-05 06:24:57','Administrator 2',11,'Item','1000'),(18263,'2018-04-05 06:30:10','Administrator 2',11,'Item',''),(18264,'2018-04-05 06:30:19','Administrator 2',2,'Items',''),(18265,'2018-04-05 06:32:33','Administrator 2',2,'Items',''),(18266,'2018-04-05 06:32:56','Administrator 2',2,'Items',''),(18267,'2018-04-05 06:33:01','Administrator 2',2,'Items',''),(18268,'2018-04-05 06:33:39','Administrator 2',2,'Items',''),(18269,'2018-04-05 06:34:18','Administrator 2',11,'Item','1000'),(18270,'2018-04-05 06:35:37','Administrator 2',11,'Item','1000'),(18271,'2018-04-05 06:35:48','Administrator 2',11,'Item','100'),(18272,'2018-04-05 06:43:14','Administrator 2',2,'Items',''),(18273,'2018-04-05 06:45:10','Administrator 2',5,'grn','ID: 1'),(18274,'2018-04-05 06:45:12','Administrator 2',2,'Items',''),(18275,'2018-04-05 06:45:26','Administrator 2',2,'Items',''),(18276,'2018-04-05 06:46:09','Administrator 2',2,'Items',''),(18277,'2018-04-05 06:46:17','Administrator 2',2,'Items',''),(18278,'2018-04-05 07:07:21','Administrator 2',2,'Add Item',''),(18279,'2018-04-05 07:07:54','Administrator 2',2,'Items',''),(18280,'2018-04-05 07:08:08','Administrator 2',2,'Master Data',''),(18281,'2018-04-05 07:12:08','Administrator 2',2,'Master Data',''),(18282,'2018-04-05 07:12:13','Administrator 2',2,'Master Data',''),(18283,'2018-04-05 07:12:16','Administrator 2',2,'Items',''),(18284,'2018-04-05 07:12:26','Administrator 2',2,'Add Item',''),(18285,'2018-04-05 07:15:11','Administrator 2',2,'Items',''),(18286,'2018-04-05 07:15:18','Administrator 2',2,'Items',''),(18287,'2018-04-05 07:16:00','Administrator 2',2,'Items',''),(18288,'2018-04-05 07:16:06','Administrator 2',2,'Items',''),(18289,'2018-04-05 07:16:11','Administrator 2',2,'Items',''),(18290,'2018-04-05 07:26:25','Administrator 2',2,'Items',''),(18291,'2018-04-05 08:04:59','Administrator 2',2,'Items',''),(18292,'2018-04-06 06:15:40','Administrator 2',8,'Login Success','Username: Administrator 2|IP: 112.134.3.152'),(18293,'2018-04-06 06:15:49','Administrator 2',2,'Items',''),(18294,'2018-04-06 06:15:54','Administrator 2',2,'Items',''),(18295,'2018-04-06 06:16:20','Administrator 2',11,'Item','5812'),(18296,'2018-04-06 06:16:26','Administrator 2',11,'Item','5800'),(18297,'2018-04-06 06:33:36','Administrator 2',2,'Items',''),(18298,'2018-04-06 06:34:09','Administrator 2',2,'Items',''),(18299,'2018-04-06 07:10:10','Administrator 2',2,'Users',''),(18300,'2018-04-06 07:12:20','Administrator 2',1,'User','ID: 5'),(18301,'2018-04-06 07:12:22','Administrator 2',2,'Users',''),(18302,'2018-04-06 07:16:12','Administrator 2',9,'Logout','Username: Administrator 2|IP: 112.134.3.152'),(18303,'2018-04-06 07:16:26','Guest',12,'Login Fail','Username: sulichana|IP: 112.134.3.152'),(18304,'2018-04-06 07:16:41','Sulochana',8,'Login Success','Username: Sulochana|IP: 112.134.3.152'),(18305,'2018-04-06 07:17:00','Sulochana',9,'Logout','Username: Sulochana|IP: 112.134.3.152'),(18306,'2018-04-06 07:17:13','Sulochana',8,'Login Success','Username: Sulochana|IP: 112.134.3.152'),(18307,'2018-04-06 07:19:49','Sulochana',8,'Login Success','Username: Sulochana|IP: 112.134.3.152'),(18308,'2018-04-06 07:22:39','Sulochana',9,'Logout','Username: Sulochana|IP: 112.134.3.152'),(18309,'2018-04-06 07:22:56','Sulochana',8,'Login Success','Username: Sulochana|IP: 112.134.3.152'),(18310,'2018-04-06 07:23:03','Sulochana',9,'Logout','Username: Sulochana|IP: 112.134.3.152'),(18311,'2018-04-06 07:34:20','Administrator 2',8,'Login Success','Username: Administrator 2|IP: 112.134.7.67'),(18312,'2018-04-06 07:34:30','Administrator 2',2,'Items',''),(18313,'2018-04-06 07:34:33','Administrator 2',2,'GRN','ID : 1'),(18314,'2018-04-06 07:34:37','Administrator 2',2,'Items',''),(18315,'2018-04-06 09:59:43','Administrator 2',8,'Login Success','Username: Administrator 2|IP: 112.134.7.67'),(18316,'2018-04-06 09:59:56','Administrator 2',2,'Items',''),(18317,'2018-04-06 10:00:00','Administrator 2',2,'GRN','ID : 1'),(18318,'2018-04-06 10:00:14','Administrator 2',2,'Items',''),(18319,'2018-04-06 10:00:19','Administrator 2',2,'Items',''),(18320,'2018-04-06 10:00:21','Administrator 2',2,'Item',''),(18321,'2018-04-06 10:00:25','Administrator 2',2,'Items',''),(18322,'2018-04-06 10:00:28','Administrator 2',2,'Item',''),(18323,'2018-04-06 10:00:33','Administrator 2',2,'Items',''),(18324,'2018-04-06 10:00:45','Administrator 2',2,'Item Images',''),(18325,'2018-04-06 10:00:51','Administrator 2',2,'Items',''),(18326,'2018-04-06 10:01:22','Administrator 2',2,'Items',''),(18327,'2018-04-06 10:01:31','Administrator 2',2,'Items',''),(18328,'2018-04-06 10:21:27','Administrator 2',2,'Items',''),(18329,'2018-04-06 10:21:33','Administrator 2',2,'GRN','ID : 1'),(18330,'2018-04-06 10:21:43','Administrator 2',2,'Items',''),(18331,'2018-04-06 10:21:50','Administrator 2',2,'Items',''),(18332,'2018-04-06 10:22:01','Administrator 2',2,'Category',''),(18333,'2018-04-06 10:22:33','Administrator 2',2,'Items',''),(18334,'2018-04-06 10:23:03','Administrator 2',2,'Items',''),(18335,'2018-04-06 10:23:05','Administrator 2',2,'Items',''),(18336,'2018-04-06 10:24:45','Administrator 2',1,'Grn','ID : 2'),(18337,'2018-04-06 10:24:45','Administrator 2',2,'Items',''),(18338,'2018-04-06 10:24:50','Administrator 2',2,'GRN','ID : 2'),(18339,'2018-04-06 11:02:27','Administrator 2',2,'Items',''),(18340,'2018-04-06 11:02:32','Administrator 2',2,'Items',''),(18341,'2018-04-06 11:02:36','Administrator 2',2,'Add Item',''),(18342,'2018-04-06 11:02:44','Administrator 2',1,'Edit Item','ID : 2'),(18343,'2018-04-06 11:02:44','Administrator 2',2,'Items',''),(18344,'2018-04-06 11:02:48','Administrator 2',2,'Add Item',''),(18345,'2018-04-06 11:02:52','Administrator 2',1,'Edit Item','ID : 2'),(18346,'2018-04-06 11:02:53','Administrator 2',2,'Items',''),(18347,'2018-04-06 11:02:59','Administrator 2',2,'Add Item',''),(18348,'2018-04-06 11:03:05','Administrator 2',2,'Items',''),(18349,'2018-04-06 11:03:11','Administrator 2',2,'Add Item',''),(18350,'2018-04-06 11:03:15','Administrator 2',2,'Items',''),(18351,'2018-04-06 11:03:31','Administrator 2',2,'Items',''),(18352,'2018-04-06 11:03:37','Administrator 2',2,'Items',''),(18353,'2018-04-06 11:03:40','Administrator 2',2,'GRN','ID : 2'),(18354,'2018-04-06 11:03:45','Administrator 2',2,'Items',''),(18355,'2018-04-06 11:03:48','Administrator 2',2,'Items',''),(18356,'2018-04-06 11:03:51','Administrator 2',2,'Item',''),(18357,'2018-04-06 11:03:53','Administrator 2',2,'Items',''),(18358,'2018-04-06 11:03:55','Administrator 2',2,'Item Images',''),(18359,'2018-04-06 11:03:58','Administrator 2',2,'Items',''),(18360,'2018-04-06 11:07:13','Administrator 2',2,'Items',''),(18361,'2018-04-06 11:07:21','Administrator 2',3,'grn','ID: 1'),(18362,'2018-04-06 11:07:23','Administrator 2',2,'Items',''),(18363,'2018-04-06 11:07:26','Administrator 2',8,'Login Success','Username: Administrator 2|IP: 112.134.6.158'),(18364,'2018-04-06 11:07:33','Administrator 2',2,'GRN','ID : 2'),(18365,'2018-04-06 11:07:37','Administrator 2',2,'Items',''),(18366,'2018-04-06 11:07:43','Administrator 2',2,'Items',''),(18367,'2018-04-06 11:07:49','Administrator 2',2,'Item',''),(18368,'2018-04-06 11:07:50','Administrator 2',2,'Items',''),(18369,'2018-04-06 11:07:52','Administrator 2',2,'Items',''),(18370,'2018-04-06 11:07:54','Administrator 2',2,'GRN','ID : 2'),(18371,'2018-04-06 11:07:54','Administrator 2',2,'Item Images',''),(18372,'2018-04-06 11:07:57','Administrator 2',2,'Items',''),(18373,'2018-04-06 11:08:03','Administrator 2',2,'Add Item',''),(18374,'2018-04-06 11:08:07','Administrator 2',2,'Items',''),(18375,'2018-04-06 11:08:13','Administrator 2',5,'item','ID: 4'),(18376,'2018-04-06 11:08:15','Administrator 2',2,'Items',''),(18377,'2018-04-06 11:08:18','Administrator 2',3,'item','ID: 4'),(18378,'2018-04-06 11:08:20','Administrator 2',2,'Items',''),(18379,'2018-04-06 11:09:14','Administrator 2',2,'Items',''),(18380,'2018-04-06 11:09:19','Administrator 2',2,'GRN','ID : 1'),(18381,'2018-04-06 11:09:42','Administrator 2',2,'Items',''),(18382,'2018-04-06 11:09:50','Administrator 2',2,'Items',''),(18383,'2018-04-06 11:09:55','Administrator 2',2,'Item Images',''),(18384,'2018-04-06 11:10:05','Administrator 2',2,'Items',''),(18385,'2018-04-06 11:10:10','Administrator 2',2,'Item',''),(18386,'2018-04-06 11:10:14','Administrator 2',2,'Items',''),(18387,'2018-04-06 11:10:17','Administrator 2',2,'Item',''),(18388,'2018-04-06 11:10:20','Administrator 2',2,'Items',''),(18389,'2018-04-06 11:10:23','Administrator 2',2,'Item',''),(18390,'2018-04-06 11:10:29','Administrator 2',2,'Items',''),(18391,'2018-04-06 11:10:33','Administrator 2',2,'Item',''),(18392,'2018-04-06 11:10:37','Administrator 2',2,'Items',''),(18393,'2018-04-06 11:10:44','Administrator 2',2,'Item',''),(18394,'2018-04-06 11:10:47','Administrator 2',2,'Items',''),(18395,'2018-04-06 11:11:15','Administrator 2',2,'Add Item',''),(18396,'2018-04-06 11:11:33','Administrator 2',2,'Items',''),(18397,'2018-04-06 11:11:39','Administrator 2',2,'Items',''),(18398,'2018-04-06 11:11:41','Administrator 2',2,'Items',''),(18399,'2018-04-06 11:12:09','Administrator 2',2,'Items',''),(18400,'2018-04-06 11:12:38','Administrator 2',11,'Item','1000'),(18401,'2018-04-06 11:18:09','Administrator 2',11,'Item','1000'),(18402,'2018-04-06 11:21:42','Administrator 2',1,'Grn','ID : 3'),(18403,'2018-04-06 11:21:42','Administrator 2',2,'Items',''),(18404,'2018-04-06 11:21:50','Administrator 2',2,'GRN','ID : 3'),(18405,'2018-04-06 11:22:10','Administrator 2',2,'Items',''),(18406,'2018-04-06 11:32:30','Administrator 2',2,'Items',''),(18407,'2018-04-06 11:32:32','Administrator 2',2,'Items',''),(18408,'2018-04-06 11:33:09','Administrator 2',2,'Items',''),(18409,'2018-04-06 11:33:44','Administrator 2',2,'Items',''),(18410,'2018-04-06 11:33:48','Administrator 2',2,'Items',''),(18411,'2018-04-06 11:35:03','Administrator 2',2,'Items',''),(18412,'2018-04-06 11:42:51','Administrator 2',2,'Items',''),(18413,'2018-04-06 11:43:34','Test Administrator - No 1',8,'Login Success','Username: Test Administrator - No 1|IP: 112.134.6.158'),(18414,'2018-04-06 11:44:29','Test Administrator - No 1',2,'Suppliers',''),(18415,'2018-04-06 11:45:09','Test Administrator - No 1',3,'Supplier','Supplier 1'),(18416,'2018-04-06 11:45:12','Test Administrator - No 1',2,'Suppliers',''),(18417,'2018-04-06 11:46:03','Test Administrator - No 1',1,'Supplier','Supplier 03'),(18418,'2018-04-06 11:46:06','Test Administrator - No 1',2,'Suppliers',''),(18419,'2018-04-06 11:47:39','Administrator 2',2,'Items',''),(18420,'2018-04-06 11:48:34','Administrator 2',11,'Item',''),(18421,'2018-04-06 11:48:46','Administrator 2',2,'Items',''),(18422,'2018-04-06 11:48:50','Administrator 2',2,'Items',''),(18423,'2018-04-06 11:48:53','Administrator 2',2,'Item',''),(18424,'2018-04-06 12:03:45','Test Administrator - No 1',2,'Suppliers',''),(18425,'2018-04-06 12:09:20','Administrator 2',2,'Items',''),(18426,'2018-04-06 12:09:47','Administrator 2',2,'Suppliers',''),(18427,'2018-04-06 12:09:57','Administrator 2',3,'Supplier','Supplier 1'),(18428,'2018-04-06 12:10:00','Administrator 2',2,'Suppliers',''),(18429,'2018-04-06 12:13:27','Administrator 2',2,'Items',''),(18430,'2018-04-06 12:13:30','Administrator 2',2,'Items',''),(18431,'2018-04-06 12:13:35','Administrator 2',2,'Add Item',''),(18432,'2018-04-06 12:13:41','Administrator 2',2,'Items',''),(18433,'2018-04-06 12:14:16','Administrator 2',2,'Items',''),(18434,'2018-04-06 12:14:21','Administrator 2',2,'Add Item',''),(18435,'2018-04-06 12:14:52','Administrator 2',2,'Add Item',''),(18436,'2018-04-06 21:52:06','Administrator 2',8,'Login Success','Username: Administrator 2|IP: 123.231.104.58'),(18437,'2018-04-06 21:52:14','Administrator 2',2,'Items',''),(18438,'2018-04-06 21:52:15','Administrator 2',9,'Logout','Username: Administrator 2|IP: 123.231.104.58'),(18439,'2018-04-06 21:52:32','Administrator 2',8,'Login Success','Username: Administrator 2|IP: 123.231.104.58'),(18440,'2018-04-06 21:52:38','Administrator 2',2,'Items',''),(18441,'2018-04-06 21:52:50','Administrator 2',2,'GRN','ID : 3'),(18442,'2018-04-06 21:52:55','Administrator 2',2,'Items',''),(18443,'2018-04-06 21:52:58','Administrator 2',2,'Items',''),(18444,'2018-04-06 21:56:15','Administrator 2',2,'Items',''),(18445,'2018-04-06 21:56:25','Administrator 2',9,'Logout','Username: Administrator 2|IP: 123.231.104.58'),(18446,'2018-04-07 02:29:17','Guest',12,'Login Fail','Username: sulochana|IP: 175.157.131.203'),(18447,'2018-04-07 02:29:18','Guest',12,'Login Fail','Username: sulochana|IP: 175.157.131.203'),(18448,'2018-04-07 02:31:05','Sulochana',8,'Login Success','Username: Sulochana|IP: 175.157.131.203'),(18449,'2018-04-07 02:31:07','Sulochana',8,'Login Success','Username: Sulochana|IP: 175.157.131.203'),(18450,'2018-04-07 02:31:09','Sulochana',8,'Login Success','Username: Sulochana|IP: 175.157.131.203'),(18451,'2018-04-07 02:31:11','Sulochana',8,'Login Success','Username: Sulochana|IP: 175.157.131.203'),(18452,'2018-04-09 03:58:34','Guest',12,'Login Fail','Username: admin2|IP: 112.134.2.140'),(18453,'2018-04-09 03:58:46','Administrator 2',8,'Login Success','Username: Administrator 2|IP: 112.134.2.140'),(18454,'2018-04-09 03:59:05','Administrator 2',2,'Items',''),(18455,'2018-04-09 04:00:26','Administrator 2',2,'Items',''),(18456,'2018-04-09 04:02:20','Administrator 2',1,'Grn','ID : 4'),(18457,'2018-04-09 04:02:21','Administrator 2',2,'Items',''),(18458,'2018-04-09 04:02:30','Administrator 2',2,'GRN','ID : 4'),(18459,'2018-04-09 04:02:50','Administrator 2',2,'Items',''),(18460,'2018-04-09 04:04:23','Administrator 2',2,'Items',''),(18461,'2018-04-09 04:04:25','Administrator 2',2,'Item',''),(18462,'2018-04-09 04:07:03','Sulochana',8,'Login Success','Username: Sulochana|IP: 111.223.147.31'),(18463,'2018-04-09 04:07:27','Administrator 2',2,'Items',''),(18464,'2018-04-09 04:07:38','Sulochana',2,'Items',''),(18465,'2018-04-09 04:07:55','Sulochana',2,'Items',''),(18466,'2018-04-09 04:08:07','Sulochana',2,'News',''),(18467,'2018-04-09 04:08:26','Sulochana',2,'Items',''),(18468,'2018-04-09 04:27:41','Sulochana',2,'Item',''),(18469,'2018-04-09 04:27:47','Sulochana',2,'Items',''),(18470,'2018-04-09 04:28:30','Sulochana',2,'Users',''),(18471,'2018-04-09 04:29:26','Sulochana',2,'Items',''),(18472,'2018-04-09 04:29:40','Sulochana',2,'Items',''),(18473,'2018-04-09 04:29:45','Sulochana',2,'Item Images',''),(18474,'2018-04-09 04:29:56','Sulochana',2,'Items',''),(18475,'2018-04-09 04:30:03','Sulochana',2,'Add Item',''),(18476,'2018-04-09 06:20:22','Sulochana',2,'Items',''),(18477,'2018-04-09 06:24:28','Sulochana',2,'Add Item',''),(18478,'2018-04-09 07:41:43','Sulochana',2,'Items',''),(18479,'2018-04-09 08:37:40','Administrator 2',8,'Login Success','Username: Administrator 2|IP: 112.134.2.140'),(18480,'2018-04-09 08:37:52','Administrator 2',2,'Items',''),(18481,'2018-04-09 08:37:54','Administrator 2',2,'Item',''),(18482,'2018-04-09 08:38:03','Administrator 2',2,'Items',''),(18483,'2018-04-09 08:38:06','Administrator 2',2,'Item',''),(18484,'2018-04-09 08:38:12','Administrator 2',2,'Items',''),(18485,'2018-04-09 08:38:16','Administrator 2',2,'Item',''),(18486,'2018-04-09 08:38:21','Administrator 2',2,'Items',''),(18487,'2018-04-09 09:39:05','Administrator 2',8,'Login Success','Username: Administrator 2|IP: 112.134.7.202'),(18488,'2018-04-09 09:39:19','Administrator 2',2,'Product Type',''),(18489,'2018-04-09 09:39:29','Administrator 2',5,'product_type','ID: 4'),(18490,'2018-04-09 09:39:31','Administrator 2',2,'Product Type',''),(18491,'2018-04-09 09:39:36','Administrator 2',3,'product_type','ID: 4'),(18492,'2018-04-09 09:39:38','Administrator 2',2,'Product Type',''),(18493,'2018-04-09 11:28:02','Administrator 2',8,'Login Success','Username: Administrator 2|IP: 112.134.3.236'),(18494,'2018-04-09 13:03:46','Administrator 2',8,'Login Success','Username: Administrator 2|IP: 112.134.3.236'),(18495,'2018-04-09 13:03:52','Administrator 2',2,'Items',''),(18496,'2018-04-09 13:03:55','Administrator 2',2,'Item Images',''),(18497,'2018-04-09 13:04:06','Administrator 2',1,'Image Upload','File Name: 308937883236436.jpg'),(18498,'2018-04-09 13:05:30','Administrator 2',1,'Image Upload','File Name: 252826500372969.jpg'),(18499,'2018-04-09 13:05:38','Administrator 2',1,'Image Upload','File Name: 379646685909918.jpg'),(18500,'2018-04-09 13:05:44','Administrator 2',3,'Item Images','Item ID : 2'),(18501,'2018-04-09 13:05:45','Administrator 2',2,'Item Images',''),(18502,'2018-04-09 13:05:53','Administrator 2',3,'Item Images','Item ID : 2'),(18503,'2018-04-09 13:05:54','Administrator 2',2,'Item Images',''),(18504,'2018-04-09 13:34:33','Administrator 2',2,'Item Images',''),(18505,'2018-04-09 13:34:41','Administrator 2',3,'Item Images','Item ID : 2'),(18506,'2018-04-09 13:34:41','Administrator 2',2,'Item Images',''),(18507,'2018-04-09 13:34:49','Administrator 2',3,'Item Images','Item ID : 2'),(18508,'2018-04-09 13:34:50','Administrator 2',2,'Item Images',''),(18509,'2018-04-09 13:41:50','Administrator 2',3,'Item Images','Item ID : 2'),(18510,'2018-04-09 13:41:50','Administrator 2',2,'Item Images',''),(18511,'2018-04-09 13:45:43','Administrator 2',2,'Item Images',''),(18512,'2018-04-09 13:47:07','Administrator 2',2,'Item Images',''),(18513,'2018-04-09 13:48:49','Administrator 2',2,'Item Images',''),(18514,'2018-04-09 13:54:13','Administrator 2',2,'Item Images',''),(18515,'2018-04-10 00:17:34','Administrator 2',8,'Login Success','Username: Administrator 2|IP: 123.231.107.166'),(18516,'2018-04-10 00:17:52','Administrator 2',2,'Items',''),(18517,'2018-04-10 00:17:56','Administrator 2',2,'Item',''),(18518,'2018-04-10 00:18:09','Administrator 2',2,'Items',''),(18519,'2018-04-10 00:18:12','Administrator 2',2,'Item Images',''),(18520,'2018-04-10 00:18:16','Administrator 2',2,'Items',''),(18521,'2018-04-10 00:18:18','Administrator 2',2,'Item Images',''),(18522,'2018-04-10 00:18:35','Administrator 2',3,'Item Images','Item ID : 2'),(18523,'2018-04-10 00:18:36','Administrator 2',2,'Item Images',''),(18524,'2018-04-10 00:19:34','Administrator 2',9,'Logout','Username: Administrator 2|IP: 123.231.107.166'),(18525,'2018-04-10 04:54:15','Administrator 2',8,'Login Success','Username: Administrator 2|IP: 112.134.5.251'),(18526,'2018-04-10 04:54:22','Administrator 2',2,'Items',''),(18527,'2018-04-10 04:54:28','Administrator 2',2,'Item',''),(18528,'2018-04-10 04:54:36','Administrator 2',2,'Items',''),(18529,'2018-04-10 04:54:46','Administrator 2',2,'Item',''),(18530,'2018-04-10 04:56:08','Administrator 2',2,'Item',''),(18531,'2018-04-10 04:56:19','Administrator 2',2,'Items',''),(18532,'2018-04-10 04:56:21','Administrator 2',2,'Item',''),(18533,'2018-04-10 04:56:36','Administrator 2',2,'Item',''),(18534,'2018-04-10 04:58:38','Administrator 2',2,'Items',''),(18535,'2018-04-10 05:02:19','Administrator 2',2,'Items',''),(18536,'2018-04-10 05:02:43','Administrator 2',2,'Items',''),(18537,'2018-04-10 05:02:46','Administrator 2',2,'GRN','ID : 3'),(18538,'2018-04-10 05:18:51','Administrator 2',2,'Items',''),(18539,'2018-04-10 05:20:17','Administrator 2',2,'Items',''),(18540,'2018-04-10 05:20:21','Administrator 2',2,'Item',''),(18541,'2018-04-10 05:20:25','Administrator 2',2,'Items',''),(18542,'2018-04-10 05:20:28','Administrator 2',2,'Item',''),(18543,'2018-04-10 05:20:31','Administrator 2',2,'Items',''),(18544,'2018-04-10 05:20:33','Administrator 2',2,'Item',''),(18545,'2018-04-10 05:20:41','Administrator 2',2,'Items',''),(18546,'2018-04-10 05:44:39','Administrator 2',2,'Items',''),(18547,'2018-04-10 06:52:19','Administrator 2',2,'Items',''),(18548,'2018-04-10 06:53:35','Administrator 2',2,'Items',''),(18549,'2018-04-10 07:05:33','Administrator 2',2,'Items',''),(18550,'2018-04-10 07:05:37','Administrator 2',2,'Items',''),(18551,'2018-04-10 07:05:42','Administrator 2',2,'Items',''),(18552,'2018-04-10 08:29:40','Administrator 2',8,'Login Success','Username: Administrator 2|IP: 112.134.7.107'),(18553,'2018-04-10 08:29:47','Administrator 2',2,'Items',''),(18554,'2018-04-10 08:29:50','Administrator 2',2,'Item',''),(18555,'2018-04-10 08:30:35','Administrator 2',2,'Items',''),(18556,'2018-04-10 08:30:39','Administrator 2',2,'Item',''),(18557,'2018-04-10 08:31:07','Administrator 2',2,'Items',''),(18558,'2018-04-10 08:31:11','Administrator 2',2,'Item',''),(18559,'2018-04-10 08:31:19','Administrator 2',2,'Items',''),(18560,'2018-04-10 08:31:23','Administrator 2',2,'Item',''),(18561,'2018-04-10 08:32:12','Administrator 2',2,'Items',''),(18562,'2018-04-10 08:32:16','Administrator 2',2,'Item Images',''),(18563,'2018-04-10 08:32:28','Administrator 2',1,'Image Upload','File Name: 393576545344396.jpg'),(18564,'2018-04-10 08:32:35','Administrator 2',3,'Item Images','Item ID : 4'),(18565,'2018-04-10 08:32:36','Administrator 2',2,'Item Images',''),(18566,'2018-04-10 08:32:42','Administrator 2',2,'Item Images',''),(18567,'2018-04-10 08:32:46','Administrator 2',2,'Items',''),(18568,'2018-04-10 08:32:49','Administrator 2',2,'Item',''),(18569,'2018-04-10 08:33:23','Administrator 2',2,'Items',''),(18570,'2018-04-10 08:33:29','Administrator 2',2,'Add Item',''),(18571,'2018-04-10 08:33:40','Administrator 2',1,'Edit Item','ID : 4'),(18572,'2018-04-10 08:33:41','Administrator 2',2,'Items',''),(18573,'2018-04-10 08:33:46','Administrator 2',2,'Item',''),(18574,'2018-04-10 08:34:08','Administrator 2',2,'Items',''),(18575,'2018-04-10 08:34:17','Administrator 2',2,'Add Item',''),(18576,'2018-04-10 08:35:06','Administrator 2',2,'Items',''),(18577,'2018-04-10 08:35:28','Administrator 2',2,'Suppliers',''),(18578,'2018-04-10 08:52:19','Administrator 2',2,'Items',''),(18579,'2018-04-10 08:52:25','Administrator 2',2,'GRN','ID : 3'),(18580,'2018-04-10 09:03:10','Administrator 2',2,'Items',''),(18581,'2018-04-10 09:03:16','Administrator 2',2,'GRN','ID : 1'),(18582,'2018-04-10 09:04:39','Administrator 2',2,'Items',''),(18583,'2018-04-10 09:04:57','Administrator 2',2,'Suppliers',''),(18584,'2018-04-10 09:05:09','Administrator 2',2,'Master Data',''),(18585,'2018-04-10 09:05:27','Administrator 2',2,'Suppliers',''),(18586,'2018-04-10 09:49:22','Administrator 2',2,'GRN','ID : 1'),(18587,'2018-04-10 10:28:51','Administrator 2',2,'GRN','ID : 1'),(18588,'2018-04-10 10:46:02','Administrator 2',2,'Items',''),(18589,'2018-04-10 10:46:08','Administrator 2',2,'Items',''),(18590,'2018-04-10 10:46:30','Administrator 2',2,'Master Data',''),(18591,'2018-04-10 11:01:46','Administrator 2',8,'Login Success','Username: Administrator 2|IP: 112.134.5.109'),(18592,'2018-04-10 11:01:54','Administrator 2',2,'Suppliers',''),(18593,'2018-04-10 11:02:13','Administrator 2',1,'Supplier','Supplier 04'),(18594,'2018-04-10 11:02:16','Administrator 2',2,'Suppliers',''),(18595,'2018-04-10 11:02:54','Administrator 2',1,'Supplier','Supplier 05'),(18596,'2018-04-10 11:03:00','Administrator 2',2,'Suppliers',''),(18597,'2018-04-10 11:08:48','Administrator 2',2,'Master Data',''),(18598,'2018-04-10 11:08:52','Administrator 2',2,'Items',''),(18599,'2018-04-10 11:09:14','Administrator 2',2,'Product Type',''),(18600,'2018-04-10 11:09:19','Administrator 2',2,'Suppliers',''),(18601,'2018-04-10 11:09:25','Administrator 2',2,'Category',''),(18602,'2018-04-10 11:09:35','Administrator 2',2,'Brands',''),(18603,'2018-04-10 11:09:43','Administrator 2',2,'Master Data',''),(18604,'2018-04-10 11:38:17','Administrator 2',2,'Items',''),(18605,'2018-04-10 12:10:03','Administrator 2',2,'Items',''),(18606,'2018-04-10 12:13:35','Administrator 2',2,'Items',''),(18607,'2018-04-10 12:13:43','Administrator 2',2,'Items',''),(18608,'2018-04-10 12:13:47','Administrator 2',2,'GRN',''),(18609,'2018-04-10 12:14:05','Administrator 2',2,'GRN','ID : 4'),(18610,'2018-04-10 12:14:08','Administrator 2',2,'GRN',''),(18611,'2018-04-10 12:14:20','Administrator 2',2,'GRN',''),(18612,'2018-04-10 12:30:50','Administrator 2',2,'GRN',''),(18613,'2018-04-10 12:31:00','Administrator 2',2,'Items',''),(18614,'2018-04-10 12:31:04','Administrator 2',2,'Items',''),(18615,'2018-04-10 12:33:56','Administrator 2',2,'GRN',''),(18616,'2018-04-10 12:33:59','Administrator 2',2,'Items',''),(18617,'2018-04-10 12:34:02','Administrator 2',2,'GRN',''),(18618,'2018-04-10 12:34:59','Administrator 2',2,'GRN','ID : 4'),(18619,'2018-04-10 12:35:05','Administrator 2',2,'GRN',''),(18620,'2018-04-11 03:51:17','Administrator 2',8,'Login Success','Username: Administrator 2|IP: 112.134.4.46'),(18621,'2018-04-11 03:51:28','Administrator 2',2,'GRN',''),(18622,'2018-04-11 04:34:08','Administrator 2',2,'GRN',''),(18623,'2018-04-11 04:34:27','Administrator 2',2,'GRN',''),(18624,'2018-04-11 05:18:55','Administrator 2',2,'Items',''),(18625,'2018-04-11 05:20:12','Administrator 2',2,'GRN',''),(18626,'2018-04-11 07:57:58','Administrator 2',8,'Login Success','Username: Administrator 2|IP: 112.134.4.200'),(18627,'2018-04-11 07:58:25','Administrator 2',2,'Master Data',''),(18628,'2018-04-11 07:58:42','Administrator 2',3,'Model','Name: ET17447'),(18629,'2018-04-11 07:58:45','Administrator 2',2,'Master Data',''),(18630,'2018-04-11 07:59:13','Administrator 2',3,'Model','Name: ET17447'),(18631,'2018-04-11 07:59:16','Administrator 2',2,'Master Data',''),(18632,'2018-04-11 07:59:35','Administrator 2',2,'Master Data',''),(18633,'2018-04-11 08:10:27','Administrator 2',2,'GRN',''),(18634,'2018-04-11 08:10:29','Administrator 2',2,'Master Data',''),(18635,'2018-04-11 08:10:32','Administrator 2',2,'Items',''),(18636,'2018-04-11 08:10:40','Administrator 2',2,'Master Data',''),(18637,'2018-04-11 08:11:20','Administrator 2',3,'Model','Name: ET17447'),(18638,'2018-04-11 08:11:23','Administrator 2',2,'Master Data',''),(18639,'2018-04-11 08:12:08','Administrator 2',2,'Master Data',''),(18640,'2018-04-11 08:12:28','Administrator 2',3,'Model','Name: ET17892'),(18641,'2018-04-11 08:12:30','Administrator 2',2,'Master Data',''),(18642,'2018-04-11 08:12:36','Administrator 2',2,'Master Data',''),(18643,'2018-04-11 11:02:57','Administrator 2',8,'Login Success','Username: Administrator 2|IP: 112.134.7.241'),(18644,'2018-04-11 11:03:07','Administrator 2',2,'Master Data',''),(18645,'2018-04-11 11:03:57','Administrator 2',2,'Category',''),(18646,'2018-04-11 11:09:34','Administrator 2',8,'Login Success','Username: Administrator 2|IP: 112.134.7.241'),(18647,'2018-04-11 11:53:08','Administrator 2',2,'Category',''),(18648,'2018-04-19 03:52:53','Administrator 2',8,'Login Success','Username: Administrator 2|IP: 112.134.4.38'),(18649,'2018-04-19 03:53:08','Administrator 2',2,'Items',''),(18650,'2018-04-19 03:53:13','Administrator 2',2,'Item Images',''),(18651,'2018-04-19 05:19:00','Administrator 2',2,'Master Data',''),(18652,'2018-04-19 05:19:05','Administrator 2',2,'Item Images',''),(18653,'2018-04-19 05:19:22','Administrator 2',1,'Image Upload','File Name: b348d8ae468bf7256bd20ca9ddff6ff5.jpg'),(18654,'2018-04-19 05:19:27','Administrator 2',1,'Image Upload','File Name: 107f112e79df1f9b26143216798eb2f3.jpg'),(18655,'2018-04-19 05:19:35','Administrator 2',3,'Item Images','Item ID : 4'),(18656,'2018-04-19 05:19:36','Administrator 2',2,'Item Images',''),(18657,'2018-04-19 05:20:13','Administrator 2',3,'Item Images','Item ID : 4'),(18658,'2018-04-19 05:20:14','Administrator 2',2,'Item Images',''),(18659,'2018-04-19 08:01:11','Administrator 2',8,'Login Success','Username: Administrator 2|IP: 112.134.4.38'),(18660,'2018-04-20 06:04:19','Administrator 2',8,'Login Success','Username: Administrator 2|IP: 112.134.6.109'),(18661,'2018-04-20 06:04:27','Administrator 2',2,'Items',''),(18662,'2018-04-20 06:04:32','Administrator 2',2,'Item Images',''),(18663,'2018-04-20 06:07:00','Administrator 2',2,'Items',''),(18664,'2018-04-20 06:07:14','Administrator 2',2,'Add Item',''),(18665,'2018-04-20 06:08:08','Administrator 2',2,'Add Item Next',''),(18666,'2018-04-20 06:09:29','Administrator 2',2,'Add Item',''),(18667,'2018-04-20 06:10:01','Administrator 2',2,'Add Item Next',''),(18668,'2018-04-20 06:10:21','Administrator 2',2,'Add Item',''),(18669,'2018-04-20 06:10:26','Administrator 2',2,'Items',''),(18670,'2018-04-20 06:10:41','Administrator 2',2,'Master Data',''),(18671,'2018-04-20 06:11:22','Administrator 2',1,'Model','Name: Shammie 1'),(18672,'2018-04-20 06:11:25','Administrator 2',2,'Master Data',''),(18673,'2018-04-20 06:11:29','Administrator 2',2,'Item Images',''),(18674,'2018-04-20 06:13:15','Guest',12,'Login Fail','Username: admin2|IP: 112.134.6.109'),(18675,'2018-04-20 06:13:23','Administrator 2',8,'Login Success','Username: Administrator 2|IP: 112.134.6.109'),(18676,'2018-04-20 06:13:31','Administrator 2',2,'Master Data',''),(18677,'2018-04-20 06:15:54','Administrator 2',2,'Master Data',''),(18678,'2018-04-20 06:15:57','Administrator 2',2,'Item Images',''),(18679,'2018-04-20 06:20:35','Administrator 2',2,'Item Images',''),(18680,'2018-04-20 06:20:50','Administrator 2',1,'Image Upload','File Name: 209370896748382.jpg'),(18681,'2018-04-20 06:21:03','Administrator 2',3,'Item Images','Item ID : 4'),(18682,'2018-04-20 06:21:03','Administrator 2',2,'Item Images',''),(18683,'2018-04-20 06:22:19','Administrator 2',3,'Item Images','Item ID : 4'),(18684,'2018-04-20 06:22:19','Administrator 2',2,'Item Images',''),(18685,'2018-04-20 06:22:46','Administrator 2',1,'Image Upload','File Name: 199920228691770.jpg'),(18686,'2018-04-20 06:22:53','Administrator 2',3,'Item Images','Item ID : 4'),(18687,'2018-04-20 06:22:53','Administrator 2',2,'Item Images',''),(18688,'2018-04-20 06:23:13','Administrator 2',3,'Item Images','Item ID : 4'),(18689,'2018-04-20 06:23:13','Administrator 2',2,'Item Images',''),(18690,'2018-04-20 06:23:20','Administrator 2',3,'Item Images','Item ID : 4'),(18691,'2018-04-20 06:23:21','Administrator 2',2,'Item Images',''),(18692,'2018-04-20 06:37:00','Administrator 2',2,'Item Images',''),(18693,'2018-04-20 06:58:40','Administrator 2',2,'Item Images',''),(18694,'2018-04-20 06:59:03','Administrator 2',2,'Master Data',''),(18695,'2018-04-20 06:59:07','Administrator 2',2,'Master Data',''),(18696,'2018-04-20 06:59:14','Administrator 2',2,'Master Data',''),(18697,'2018-04-20 06:59:20','Administrator 2',2,'Item Images',''),(18698,'2018-04-20 06:59:37','Administrator 2',2,'Master Data',''),(18699,'2018-04-20 07:04:18','Administrator 2',8,'Login Success','Username: Administrator 2|IP: 112.134.6.109'),(18700,'2018-04-20 07:04:41','Administrator 2',2,'Master Data',''),(18701,'2018-04-20 07:04:44','Administrator 2',2,'Item Images',''),(18702,'2018-04-20 07:04:56','Administrator 2',1,'Image Upload','File Name: 209780910442690.jpg'),(18703,'2018-04-20 07:06:32','Administrator 2',1,'Image Upload','File Name: 782948503076375.jpg'),(18704,'2018-04-20 07:11:06','Administrator 2',2,'Master Data',''),(18705,'2018-04-20 07:14:24','Administrator 2',3,'Model','Name: Shammie 1'),(18706,'2018-04-20 07:14:27','Administrator 2',2,'Master Data',''),(18707,'2018-04-20 08:11:31','Administrator 2',2,'Master Data',''),(18708,'2018-04-20 10:22:03','Administrator 2',8,'Login Success','Username: Administrator 2|IP: 112.134.6.109'),(18709,'2018-04-20 10:22:33','Administrator 2',1,'Field',''),(18710,'2018-04-20 10:23:00','Administrator 2',1,'Field Value','Value: Red'),(18711,'2018-04-20 10:23:12','Administrator 2',1,'Field Value','Value: Purple'),(18712,'2018-04-20 10:23:31','Administrator 2',2,'Master Data',''),(18713,'2018-04-20 10:46:40','Administrator 2',2,'Master Data',''),(18714,'2018-04-20 11:05:44','Administrator 2',2,'Master Data',''),(18715,'2018-04-20 12:07:55','Administrator 2',8,'Login Success','Username: Administrator 2|IP: 112.134.6.109'),(18716,'2018-04-20 12:08:18','Administrator 2',2,'Items',''),(18717,'2018-04-20 12:08:28','Administrator 2',2,'Master Data',''),(18718,'2018-04-20 12:08:32','Administrator 2',2,'Item Images',''),(18719,'2018-04-20 12:08:54','Administrator 2',1,'Image Upload','File Name: 133346624497182.jpg'),(18720,'2018-04-20 12:08:56','Administrator 2',1,'Image Upload','File Name: 870406455128580.jpg'),(18721,'2018-04-20 12:09:04','Administrator 2',3,'Item Images','Item ID : 5'),(18722,'2018-04-20 12:09:04','Administrator 2',2,'Item Images',''),(18723,'2018-04-20 12:20:01','Administrator 2',1,'Image Upload','File Name: 261867960093025.jpg'),(18724,'2018-04-20 12:20:13','Administrator 2',3,'Item Images','Item ID : 5'),(18725,'2018-04-20 12:20:14','Administrator 2',2,'Item Images',''),(18726,'2018-04-20 12:36:02','Administrator 2',2,'Item Images',''),(18727,'2018-04-20 12:36:24','Administrator 2',2,'Item Images',''),(18728,'2018-04-20 12:36:29','Administrator 2',2,'Item Images',''),(18729,'2018-04-20 12:36:33','Administrator 2',2,'Master Data',''),(18730,'2018-04-20 12:37:12','Administrator 2',1,'Model','Name: Shammie 2'),(18731,'2018-04-20 12:37:15','Administrator 2',2,'Master Data',''),(18732,'2018-04-20 12:37:20','Administrator 2',2,'Item Images',''),(18733,'2018-04-20 12:38:27','Administrator 2',1,'Image Upload','File Name: 185445535585787.jpg'),(18734,'2018-04-20 12:38:35','Administrator 2',3,'Item Images','Item ID : 6'),(18735,'2018-04-20 12:38:35','Administrator 2',2,'Item Images',''),(18736,'2018-04-20 12:38:52','Administrator 2',3,'Item Images','Item ID : 6'),(18737,'2018-04-20 12:38:52','Administrator 2',2,'Item Images',''),(18738,'2018-04-20 12:38:57','Administrator 2',2,'Item Images',''),(18739,'2018-04-20 12:39:01','Administrator 2',2,'Item Images',''),(18740,'2018-04-20 12:39:06','Administrator 2',2,'Master Data',''),(18741,'2018-04-20 12:39:55','Administrator 2',1,'Model','Name: Shammie 2'),(18742,'2018-04-20 12:39:57','Administrator 2',2,'Master Data',''),(18743,'2018-04-20 12:40:06','Administrator 2',2,'Item Images',''),(18744,'2018-04-20 12:40:20','Administrator 2',1,'Image Upload','File Name: 792746148165158.jpg'),(18745,'2018-04-20 12:40:42','Administrator 2',3,'Item Images','Item ID : 7'),(18746,'2018-04-20 12:40:42','Administrator 2',2,'Item Images',''),(18747,'2018-04-20 13:45:13','Administrator 2',2,'Item Images',''),(18748,'2018-04-20 13:45:17','Administrator 2',2,'Master Data',''),(18749,'2018-04-24 11:33:46','Guest',11,'Model','Product ID:1'),(18750,'2018-04-24 11:33:50','Guest',2,'Model','Model ID:7'),(18751,'2018-04-24 11:39:44','Administrator 2',8,'Login Success','Username: Administrator 2|IP: 112.134.4.103'),(18752,'2018-04-24 11:40:12','Administrator 2',2,'Master Data',''),(18753,'2018-04-24 11:40:26','Administrator 2',2,'Item Images',''),(18754,'2018-04-24 11:41:56','Administrator 2',1,'Image Upload','File Name: 845841526344839.jpg'),(18755,'2018-04-24 11:41:58','Administrator 2',1,'Image Upload','File Name: 135352808852868.jpg'),(18756,'2018-04-24 11:42:15','Administrator 2',3,'Item Images','Item ID : 2'),(18757,'2018-04-24 11:42:16','Administrator 2',2,'Item Images',''),(18758,'2018-04-24 11:42:24','Administrator 2',11,'Model','Product ID:1'),(18759,'2018-04-24 11:42:39','Administrator 2',2,'Model','Model ID:2'),(18760,'2018-04-24 11:44:20','Administrator 2',1,'Image Upload','File Name: 157582858168364.jpg'),(18761,'2018-04-24 11:46:12','Administrator 2',3,'Item Images','Item ID : 2'),(18762,'2018-04-24 11:46:12','Administrator 2',2,'Item Images',''),(18763,'2018-04-24 11:46:20','Administrator 2',2,'Model','Model ID:2'),(18764,'2018-04-24 11:47:48','Administrator 2',1,'Image Upload','File Name: 105928078495268.jpg'),(18765,'2018-04-24 11:49:50','Administrator 2',1,'Image Upload','File Name: 181199520990796.jpg'),(18766,'2018-04-24 11:50:10','Administrator 2',3,'Item Images','Item ID : 2'),(18767,'2018-04-24 11:50:11','Administrator 2',2,'Item Images',''),(18768,'2018-04-24 11:50:22','Administrator 2',2,'Model','Model ID:2'),(18769,'2018-04-24 11:51:54','Administrator 2',1,'Image Upload','File Name: 218288156509816.jpg'),(18770,'2018-04-24 11:54:11','Administrator 2',1,'Image Upload','File Name: 315607161272546.jpg'),(18771,'2018-04-24 11:54:35','Administrator 2',3,'Item Images','Item ID : 2'),(18772,'2018-04-24 11:54:36','Administrator 2',2,'Item Images',''),(18773,'2018-04-24 11:55:41','Administrator 2',2,'Model','Model ID:2'),(18774,'2018-04-24 12:02:07','Administrator 2',1,'Image Upload','File Name: 173996029084917.jpg'),(18775,'2018-04-24 12:02:38','Administrator 2',3,'Item Images','Item ID : 2'),(18776,'2018-04-24 12:02:39','Administrator 2',2,'Item Images',''),(18777,'2018-04-24 12:02:49','Administrator 2',2,'Model','Model ID:2'),(18778,'2018-04-24 16:44:52','Guest',11,'Model','Product ID:1'),(18779,'2018-04-24 16:45:01','Guest',2,'Model','Model ID:7'),(18780,'2018-04-24 16:45:06','Guest',11,'Model','Product ID:1'),(18781,'2018-04-24 16:45:16','Guest',11,'Model','Product ID:1'),(18782,'2018-04-24 16:45:29','Guest',11,'Model','Product ID:1'),(18783,'2018-04-24 16:45:33','Guest',11,'Model','Product ID:1'),(18784,'2018-04-24 16:45:47','Guest',2,'Model','Model ID:2'),(18785,'2018-04-25 03:34:30','Guest',11,'Model','Product ID:1'),(18786,'2018-04-25 03:34:37','Guest',11,'Model','Product ID:1'),(18787,'2018-04-25 03:34:47','Guest',11,'Model','Product ID:1'),(18788,'2018-04-25 03:34:53','Guest',11,'Model','Product ID:1'),(18789,'2018-04-25 03:35:06','Guest',11,'Model','Product ID:1'),(18790,'2018-04-25 03:35:19','Guest',11,'Model','Product ID:1'),(18791,'2018-04-25 03:35:50','Guest',11,'Model','Product ID:1'),(18792,'2018-04-25 03:43:10','Guest',11,'Model','Product ID:1'),(18793,'2018-04-25 03:43:39','Guest',2,'Model','Model ID:7'),(18794,'2018-04-25 04:42:00','Guest',11,'Model','Product ID:1'),(18795,'2018-04-25 04:42:08','Guest',2,'Model','Model ID:2'),(18796,'2018-04-25 04:52:08','Guest',2,'Model','Model ID:2'),(18797,'2018-04-25 04:53:08','Guest',2,'Model','Model ID:2'),(18798,'2018-04-25 04:55:28','Guest',11,'Model','Product ID:1'),(18799,'2018-04-25 04:57:00','Guest',11,'Model','Product ID:1'),(18800,'2018-04-25 04:57:37','Guest',11,'Model','Product ID:1'),(18801,'2018-04-25 04:57:42','Guest',11,'Model','Product ID:1'),(18802,'2018-04-25 04:59:16','Guest',11,'Model','Product ID:1'),(18803,'2018-04-25 04:59:25','Guest',11,'Model','Product ID:1'),(18804,'2018-04-25 04:59:28','Guest',11,'Model','Product ID:3'),(18805,'2018-04-25 04:59:30','Guest',11,'Model','Product ID:4'),(18806,'2018-04-25 04:59:50','Guest',2,'Model','Model ID:6'),(18807,'2018-04-25 05:08:52','Guest',11,'Model','Product ID:4'),(18808,'2018-04-25 05:09:00','Guest',11,'Model','Product ID:4'),(18809,'2018-04-25 05:09:55','Guest',11,'Model','Product ID:1'),(18810,'2018-04-25 05:11:14','Guest',11,'Model','Product ID:1'),(18811,'2018-04-25 05:11:24','Guest',2,'Model','Model ID:1'),(18812,'2018-04-25 05:13:03','Guest',2,'Model','Model ID:1'),(18813,'2018-04-25 05:13:47','Guest',2,'Model','Model ID:1'),(18814,'2018-04-25 05:14:16','Guest',2,'Model','Model ID:6'),(18815,'2018-04-25 05:14:28','Guest',2,'Model','Model ID:1'),(18816,'2018-04-25 07:19:31','Guest',2,'Model','Model ID:7'),(18817,'2018-04-26 11:05:57','Guest',11,'Model','Product ID:1'),(18818,'2018-04-26 11:06:14','Guest',11,'Model','Product ID:1'),(18819,'2018-04-26 11:06:17','Guest',11,'Model','Product ID:1'),(18820,'2018-04-26 11:06:22','Guest',11,'Model','Product ID:1'),(18821,'2018-04-26 11:06:56','Guest',2,'Model','Model ID:7'),(18822,'2018-04-26 11:07:18','Guest',2,'Model','Model ID:5'),(18823,'2018-04-26 11:07:43','Administrator 2',8,'Login Success','Username: Administrator 2|IP: 112.134.2.216'),(18824,'2018-04-26 11:07:48','Guest',2,'Model','Model ID:6'),(18825,'2018-04-26 11:08:01','Administrator 2',2,'Master Data',''),(18826,'2018-04-26 11:08:17','Guest',11,'Model','Product ID:1'),(18827,'2018-04-26 11:08:32','Administrator 2',5,'model','ID: 1'),(18828,'2018-04-26 11:08:34','Administrator 2',2,'Master Data',''),(18829,'2018-04-26 11:08:38','Administrator 2',5,'model','ID: 3'),(18830,'2018-04-26 11:08:40','Administrator 2',2,'Master Data',''),(18831,'2018-04-26 11:08:41','Guest',11,'Model','Product ID:1'),(18832,'2018-04-26 11:08:44','Administrator 2',5,'model','ID: 2'),(18833,'2018-04-26 11:08:46','Administrator 2',2,'Master Data',''),(18834,'2018-04-26 11:08:49','Administrator 2',5,'model','ID: 4'),(18835,'2018-04-26 11:08:51','Administrator 2',2,'Master Data',''),(18836,'2018-04-26 11:08:52','Guest',11,'Model','Product ID:1'),(18837,'2018-04-26 11:09:05','Guest',2,'Model','Model ID:5'),(18838,'2018-04-26 11:09:10','Guest',11,'Model','Product ID:1'),(18839,'2018-04-26 11:09:11','Guest',11,'Model','Product ID:1'),(18840,'2018-04-26 11:09:18','Administrator 2',11,'Model','Product ID:1'),(18841,'2018-04-26 11:09:27','Administrator 2',2,'Model','Model ID:7'),(18842,'2018-04-26 11:10:26','Guest',11,'Model','Product ID:1'),(18843,'2018-04-26 11:16:21','Administrator 2',8,'Login Success','Username: Administrator 2|IP: 112.134.2.216'),(18844,'2018-04-26 11:19:00','Administrator 2',11,'Model','Product ID:1'),(18845,'2018-04-26 11:19:35','Administrator 2',2,'Model','Model ID:5'),(18846,'2018-04-26 11:23:17','Administrator 2',2,'Items',''),(18847,'2018-04-26 11:26:05','Administrator 2',2,'Master Data',''),(18848,'2018-04-27 05:00:09','Guest',2,'Model','Model ID:7'),(18849,'2018-04-27 05:02:53','Guest',2,'Model','Model ID:7'),(18850,'2018-04-27 05:58:53','Guest',2,'Model','Model ID:7'),(18851,'2018-04-27 06:43:22','Administrator 2',8,'Login Success','Username: Administrator 2|IP: 112.134.2.61'),(18852,'2018-04-27 06:43:34','Administrator 2',2,'Master Data',''),(18853,'2018-04-27 06:43:43','Administrator 2',2,'Master Data',''),(18854,'2018-04-27 06:43:54','Administrator 2',1,'Model Field','Model ID : 5,Field ID : 3'),(18855,'2018-04-27 06:44:07','Administrator 2',5,'model_field','ID: 1'),(18856,'2018-04-27 06:44:13','Administrator 2',3,'model_field','ID: 1'),(18857,'2018-04-27 06:44:19','Administrator 2',3,'Select Model Field Values',''),(18858,'2018-04-27 06:44:31','Administrator 2',3,'Select Model Field Values',''),(18859,'2018-04-27 06:46:08','Administrator 2',2,'Master Data',''),(18860,'2018-04-27 06:46:21','Administrator 2',1,'Model Field','Model ID : 7,Field ID : 5'),(18861,'2018-04-27 06:46:28','Administrator 2',3,'Select Model Field Values',''),(18862,'2018-04-27 06:46:42','Administrator 2',2,'Master Data',''),(18863,'2018-04-27 06:46:52','Administrator 2',2,'Master Data',''),(18864,'2018-04-27 06:56:04','Administrator 2',5,'product_field','ID: 3'),(18865,'2018-04-27 06:56:13','Administrator 2',5,'product_field','ID: 5'),(18866,'2018-04-27 07:51:14','Administrator 2',11,'Model','Product ID:2'),(18867,'2018-04-27 07:51:17','Administrator 2',11,'Model','Product ID:1'),(18868,'2018-04-27 07:51:20','Administrator 2',2,'Model','Model ID:5'),(18869,'2018-04-27 07:52:54','Administrator 2',2,'Model','Model ID:5'),(18870,'2018-04-27 08:00:46','Administrator 2',2,'Model','Model ID:5'),(18871,'2018-04-27 08:15:33','Administrator 2',11,'Model','Product ID:1'),(18872,'2018-04-27 08:15:36','Administrator 2',2,'Model','Model ID:5'),(18873,'2018-04-27 08:18:51','Administrator 2',2,'Model','Model ID:7'),(18874,'2018-04-27 09:15:48','Administrator 2',2,'Master Data',''),(18875,'2018-04-27 09:16:00','Administrator 2',2,'Master Data',''),(18876,'2018-04-27 09:16:12','Administrator 2',2,'Master Data',''),(18877,'2018-04-27 09:17:39','Administrator 2',2,'Master Data',''),(18878,'2018-04-27 09:18:04','Administrator 2',2,'Master Data',''),(18879,'2018-04-27 09:19:32','Administrator 2',2,'Master Data',''),(18880,'2018-04-27 09:19:42','Administrator 2',2,'Master Data',''),(18881,'2018-04-27 09:19:47','Administrator 2',2,'Master Data',''),(18882,'2018-04-27 09:20:09','Administrator 2',2,'Master Data',''),(18883,'2018-04-27 09:23:43','Administrator 2',2,'Model','Model ID:5'),(18884,'2018-04-27 09:23:56','Administrator 2',11,'Model','Product ID:1'),(18885,'2018-04-27 09:24:02','Administrator 2',2,'Model','Model ID:5'),(18886,'2018-04-27 09:24:44','Administrator 2',2,'Master Data',''),(18887,'2018-04-27 09:24:55','Administrator 2',5,'model','ID: 5'),(18888,'2018-04-27 09:24:57','Administrator 2',2,'Master Data',''),(18889,'2018-04-27 09:25:01','Administrator 2',5,'model','ID: 7'),(18890,'2018-04-27 09:25:03','Administrator 2',2,'Master Data',''),(18891,'2018-04-27 09:25:08','Administrator 2',5,'model','ID: 6'),(18892,'2018-04-27 09:25:12','Administrator 2',3,'model','ID: 6'),(18893,'2018-04-27 09:25:14','Administrator 2',2,'Master Data',''),(18894,'2018-04-27 09:25:19','Administrator 2',5,'model','ID: 6'),(18895,'2018-04-27 09:25:21','Administrator 2',2,'Master Data',''),(18896,'2018-04-27 09:25:26','Administrator 2',3,'model','ID: 4'),(18897,'2018-04-27 09:25:28','Administrator 2',2,'Master Data',''),(18898,'2018-04-27 09:25:31','Administrator 2',3,'model','ID: 2'),(18899,'2018-04-27 09:25:32','Administrator 2',2,'Master Data',''),(18900,'2018-04-27 09:25:35','Administrator 2',3,'model','ID: 3'),(18901,'2018-04-27 09:25:37','Administrator 2',2,'Master Data',''),(18902,'2018-04-27 09:25:40','Administrator 2',3,'model','ID: 1'),(18903,'2018-04-27 09:25:42','Administrator 2',2,'Master Data',''),(18904,'2018-04-27 09:25:51','Administrator 2',11,'Model','Product ID:1'),(18905,'2018-04-27 09:26:39','Administrator 2',3,'model','ID: 5'),(18906,'2018-04-27 09:26:41','Administrator 2',2,'Master Data',''),(18907,'2018-04-27 09:26:45','Administrator 2',3,'model','ID: 7'),(18908,'2018-04-27 09:26:46','Administrator 2',2,'Master Data',''),(18909,'2018-04-27 09:26:53','Administrator 2',3,'Model','Name: Test 1'),(18910,'2018-04-27 09:26:55','Administrator 2',2,'Master Data',''),(18911,'2018-04-27 09:27:11','Administrator 2',3,'Model','Name: Test 2'),(18912,'2018-04-27 09:27:14','Administrator 2',2,'Master Data',''),(18913,'2018-04-27 09:32:02','Administrator 2',2,'Master Data',''),(18914,'2018-04-27 09:32:09','Administrator 2',2,'Master Data',''),(18915,'2018-04-27 09:33:37','Guest',11,'Model','Product ID:1'),(18916,'2018-04-27 09:34:21','Administrator 2',8,'Login Success','Username: Administrator 2|IP: 112.134.2.61'),(18917,'2018-04-27 09:34:34','Administrator 2',2,'Master Data',''),(18918,'2018-04-27 09:34:46','Administrator 2',2,'Item Images',''),(18919,'2018-04-27 09:35:42','Administrator 2',2,'Master Data',''),(18920,'2018-04-27 09:35:49','Administrator 2',2,'Item Images',''),(18921,'2018-04-27 09:36:04','Administrator 2',2,'Model','Model ID:4'),(18922,'2018-04-27 09:36:10','Administrator 2',11,'Model','Product ID:1'),(18923,'2018-04-27 09:36:13','Administrator 2',2,'Model','Model ID:4'),(18924,'2018-04-27 09:36:20','Administrator 2',11,'Model','Product ID:1'),(18925,'2018-04-27 09:36:24','Administrator 2',2,'Model','Model ID:7'),(18926,'2018-04-27 09:36:32','Administrator 2',11,'Model','Product ID:1'),(18927,'2018-04-27 09:36:34','Administrator 2',2,'Model','Model ID:5'),(18928,'2018-04-27 09:37:17','Administrator 2',2,'Master Data',''),(18929,'2018-04-27 09:37:18','Administrator 2',2,'Model','Model ID:3'),(18930,'2018-04-27 09:39:40','Administrator 2',11,'Model','Product ID:1'),(18931,'2018-04-27 09:39:45','Administrator 2',2,'Model','Model ID:1'),(18932,'2018-04-27 09:39:47','Administrator 2',11,'Model','Product ID:1'),(18933,'2018-04-27 09:39:49','Administrator 2',2,'Model','Model ID:4'),(18934,'2018-04-27 09:39:53','Administrator 2',11,'Model','Product ID:1'),(18935,'2018-04-27 09:39:55','Administrator 2',2,'Model','Model ID:2'),(18936,'2018-04-27 09:39:59','Administrator 2',11,'Model','Product ID:1'),(18937,'2018-04-27 09:55:32','Guest',11,'Model','Product ID:1'),(18938,'2018-04-27 09:55:44','Guest',2,'Model','Model ID:1'),(18939,'2018-04-27 09:56:08','Guest',11,'Model','Product ID:1'),(18940,'2018-04-27 09:56:14','Guest',2,'Model','Model ID:3'),(18941,'2018-04-27 09:56:58','Guest',11,'Model','Product ID:1'),(18942,'2018-04-27 09:57:01','Guest',2,'Model','Model ID:4'),(18943,'2018-04-27 09:57:06','Guest',11,'Model','Product ID:1'),(18944,'2018-04-27 09:57:09','Guest',2,'Model','Model ID:2'),(18945,'2018-04-27 11:06:00','Administrator 2',2,'Model','Model ID:5'),(18946,'2018-04-27 11:06:33','Administrator 2',11,'Model','Product ID:1'),(18947,'2018-04-27 11:07:42','Administrator 2',2,'Model','Model ID:5'),(18948,'2018-04-27 11:07:47','Administrator 2',11,'Model','Product ID:1'),(18949,'2018-04-27 11:07:48','Administrator 2',2,'Model','Model ID:7'),(18950,'2018-04-27 11:07:52','Administrator 2',11,'Model','Product ID:1'),(18951,'2018-04-27 11:08:07','Administrator 2',2,'Item Images',''),(18952,'2018-04-27 11:09:11','Administrator 2',2,'Model','Model ID:7'),(18953,'2018-04-27 11:09:12','Administrator 2',2,'Model','Model ID:5'),(18954,'2018-04-27 11:09:36','Administrator 2',2,'Model','Model ID:5'),(18955,'2018-04-27 11:09:39','Administrator 2',11,'Model','Product ID:1'),(18956,'2018-04-27 11:12:09','Administrator 2',2,'Master Data',''),(18957,'2018-04-27 11:12:24','Administrator 2',2,'Item Images',''),(18958,'2018-04-27 11:14:01','Administrator 2',1,'Image Upload','File Name: 276869917872700.jpg'),(18959,'2018-04-27 11:14:17','Administrator 2',3,'Item Images','Item ID : 4'),(18960,'2018-04-27 11:14:17','Administrator 2',2,'Item Images',''),(18961,'2018-04-27 11:14:21','Administrator 2',11,'Model','Product ID:1'),(18962,'2018-04-27 11:14:28','Administrator 2',2,'Model','Model ID:4'),(18963,'2018-04-27 11:14:34','Administrator 2',11,'Model','Product ID:1'),(18964,'2018-04-27 11:14:38','Administrator 2',2,'Model','Model ID:7'),(18965,'2018-04-27 11:14:40','Administrator 2',11,'Model','Product ID:1'),(18966,'2018-04-27 11:17:50','Administrator 2',1,'Image Upload','File Name: 271148354854636.jpg'),(18967,'2018-04-27 11:18:04','Administrator 2',3,'Item Images','Item ID : 4'),(18968,'2018-04-27 11:18:04','Administrator 2',2,'Item Images',''),(18969,'2018-04-27 11:18:09','Administrator 2',11,'Model','Product ID:1'),(18970,'2018-04-27 11:18:15','Administrator 2',2,'Model','Model ID:4'),(18971,'2018-04-27 11:18:28','Administrator 2',11,'Model','Product ID:1'),(18972,'2018-04-27 11:18:32','Administrator 2',2,'Item Images',''),(18973,'2018-04-27 11:18:36','Administrator 2',2,'Item Images',''),(18974,'2018-04-27 11:18:38','Administrator 2',2,'Master Data',''),(18975,'2018-04-27 11:18:43','Administrator 2',2,'Item Images',''),(18976,'2018-04-27 11:21:07','Administrator 2',1,'Image Upload','File Name: 290106788533598.jpg'),(18977,'2018-04-27 11:21:14','Administrator 2',11,'Model','Product ID:1'),(18978,'2018-04-27 11:21:21','Administrator 2',3,'Item Images','Item ID : 2'),(18979,'2018-04-27 11:21:21','Administrator 2',2,'Item Images',''),(18980,'2018-04-27 11:21:25','Administrator 2',11,'Model','Product ID:1'),(18981,'2018-04-27 11:22:32','Administrator 2',2,'Model','Model ID:4'),(18982,'2018-04-27 11:22:33','Administrator 2',2,'Model','Model ID:4'),(18983,'2018-04-27 11:22:55','Administrator 2',11,'Model','Product ID:1'),(18984,'2018-04-27 11:22:57','Administrator 2',2,'Model','Model ID:2'),(18985,'2018-04-27 11:24:36','Administrator 2',1,'Image Upload','File Name: 274141951317053.jpg'),(18986,'2018-04-27 11:24:46','Administrator 2',3,'Item Images','Item ID : 2'),(18987,'2018-04-27 11:24:47','Administrator 2',2,'Item Images',''),(18988,'2018-04-27 11:24:50','Administrator 2',2,'Model','Model ID:2'),(18989,'2018-04-27 11:25:06','Administrator 2',11,'Model','Product ID:1'),(18990,'2018-04-27 11:25:20','Administrator 2',2,'Item Images',''),(18991,'2018-04-27 11:25:25','Administrator 2',2,'Item Images',''),(18992,'2018-04-27 11:25:28','Administrator 2',2,'Master Data',''),(18993,'2018-04-27 11:25:32','Administrator 2',2,'Item Images',''),(18994,'2018-04-27 11:25:36','Administrator 2',2,'Master Data',''),(18995,'2018-04-27 11:25:45','Administrator 2',2,'Item Images',''),(18996,'2018-04-27 11:25:48','Administrator 2',2,'Master Data',''),(18997,'2018-04-27 11:25:54','Administrator 2',2,'Item Images',''),(18998,'2018-04-27 11:31:29','Administrator 2',1,'Image Upload','File Name: 265781144832173.jpg'),(18999,'2018-04-27 11:38:59','Administrator 2',11,'Model','Product ID:1'),(19000,'2018-04-27 11:39:27','Administrator 2',1,'Image Upload','File Name: 761059101361175.jpg'),(19001,'2018-04-27 11:42:34','Administrator 2',1,'Image Upload','File Name: 663015640714282.jpg'),(19002,'2018-04-27 11:42:42','Administrator 2',3,'Item Images','Item ID : 3'),(19003,'2018-04-27 11:42:43','Administrator 2',2,'Item Images',''),(19004,'2018-04-27 11:42:47','Administrator 2',11,'Model','Product ID:1'),(19005,'2018-04-27 11:42:57','Administrator 2',2,'Model','Model ID:1'),(19006,'2018-04-27 11:43:00','Administrator 2',11,'Model','Product ID:1'),(19007,'2018-04-27 11:43:03','Administrator 2',2,'Item Images',''),(19008,'2018-04-27 11:43:06','Administrator 2',2,'Master Data',''),(19009,'2018-04-27 11:43:15','Administrator 2',2,'Master Data',''),(19010,'2018-04-27 11:43:17','Administrator 2',2,'Item Images',''),(19011,'2018-04-27 11:44:41','Administrator 2',1,'Image Upload','File Name: 225889447289597.jpg'),(19012,'2018-04-27 11:46:32','Administrator 2',1,'Image Upload','File Name: 132166457228718.jpg'),(19013,'2018-04-27 11:48:42','Administrator 2',3,'Item Images','Item ID : 1'),(19014,'2018-04-27 11:48:43','Administrator 2',2,'Item Images',''),(19015,'2018-04-27 11:48:56','Administrator 2',11,'Model','Product ID:1'),(19016,'2018-04-27 11:48:59','Administrator 2',2,'Model','Model ID:1'),(19017,'2018-04-27 11:49:12','Administrator 2',11,'Model','Product ID:1'),(19018,'2018-04-27 11:49:14','Administrator 2',2,'Model','Model ID:3'),(19019,'2018-04-27 11:49:27','Administrator 2',11,'Model','Product ID:1'),(19020,'2018-04-27 11:49:29','Administrator 2',2,'Model','Model ID:4'),(19021,'2018-04-27 11:49:31','Administrator 2',2,'Model','Model ID:4'),(19022,'2018-04-27 11:49:37','Administrator 2',11,'Model','Product ID:1'),(19023,'2018-04-27 11:49:39','Administrator 2',2,'Model','Model ID:2'),(19024,'2018-04-27 11:49:47','Administrator 2',11,'Model','Product ID:1'),(19025,'2018-04-27 11:49:49','Administrator 2',2,'Model','Model ID:5'),(19026,'2018-04-27 11:50:00','Administrator 2',11,'Model','Product ID:1'),(19027,'2018-04-27 11:50:03','Administrator 2',2,'Model','Model ID:5'),(19028,'2018-04-27 11:50:05','Administrator 2',11,'Model','Product ID:1'),(19029,'2018-04-27 11:50:07','Administrator 2',2,'Model','Model ID:7'),(19030,'2018-04-27 11:50:15','Administrator 2',11,'Model','Product ID:1'),(19031,'2018-04-27 11:50:19','Administrator 2',2,'Item Images',''),(19032,'2018-04-27 11:50:24','Administrator 2',2,'Master Data',''),(19033,'2018-04-27 11:50:29','Administrator 2',2,'Item Images',''),(19034,'2018-04-27 11:56:09','Administrator 2',1,'Image Upload','File Name: 298211562893978.jpg'),(19035,'2018-04-27 11:56:58','Administrator 2',3,'Item Images','Item ID : 7'),(19036,'2018-04-27 11:56:59','Administrator 2',2,'Item Images',''),(19037,'2018-04-27 11:57:02','Administrator 2',11,'Model','Product ID:1'),(19038,'2018-04-27 11:57:07','Administrator 2',2,'Model','Model ID:1'),(19039,'2018-04-27 11:57:11','Administrator 2',11,'Model','Product ID:1'),(19040,'2018-04-27 11:57:14','Administrator 2',2,'Model','Model ID:1'),(19041,'2018-04-27 11:57:16','Administrator 2',11,'Model','Product ID:1'),(19042,'2018-04-27 12:01:50','Administrator 2',9,'Logout','Username: Administrator 2|IP: 112.134.2.61'),(19043,'2018-04-27 12:02:12','Guest',11,'Model','Product ID:1'),(19044,'2018-05-01 03:34:24','Guest',11,'Model','Product ID:1'),(19045,'2018-05-01 03:34:32','Guest',2,'Model','Model ID:3'),(19046,'2018-05-01 03:45:38','Guest',11,'Model','Product ID:1'),(19047,'2018-05-01 03:45:48','Guest',2,'Model','Model ID:3'),(19048,'2018-05-01 03:46:27','Guest',11,'Model','Product ID:1'),(19049,'2018-05-01 03:46:30','Guest',2,'Model','Model ID:1'),(19050,'2018-05-01 03:47:11','Guest',11,'Model','Product ID:1'),(19051,'2018-05-01 03:47:14','Guest',2,'Model','Model ID:2'),(19052,'2018-05-01 03:47:41','Guest',11,'Model','Product ID:1'),(19053,'2018-05-01 03:47:46','Guest',2,'Model','Model ID:4'),(19054,'2018-05-01 04:06:39','Guest',11,'Model','Product ID:1'),(19055,'2018-05-01 04:06:44','Guest',2,'Model','Model ID:2'),(19056,'2018-05-01 04:06:50','Guest',11,'Model','Product ID:1'),(19057,'2018-05-01 04:06:52','Guest',2,'Model','Model ID:3'),(19058,'2018-05-01 04:06:57','Guest',11,'Model','Product ID:1'),(19059,'2018-05-01 04:06:59','Guest',2,'Model','Model ID:4'),(19060,'2018-05-01 04:07:04','Guest',11,'Model','Product ID:1'),(19061,'2018-05-01 04:07:06','Guest',2,'Model','Model ID:7'),(19062,'2018-05-01 04:38:57','Guest',11,'Model','Product ID:1'),(19063,'2018-05-01 04:38:59','Guest',2,'Model','Model ID:1'),(19064,'2018-05-01 04:39:05','Guest',11,'Model','Product ID:1'),(19065,'2018-05-01 04:39:22','Guest',2,'Model','Model ID:1'),(19066,'2018-05-01 04:39:26','Guest',11,'Model','Product ID:1'),(19067,'2018-05-01 04:39:28','Guest',2,'Model','Model ID:5'),(19068,'2018-05-01 04:39:34','Guest',2,'Model','Model ID:5'),(19069,'2018-05-01 04:43:15','Administrator 2',8,'Login Success','Username: Administrator 2|IP: 112.134.3.190'),(19070,'2018-05-01 04:44:30','Administrator 2',2,'Master Data',''),(19071,'2018-05-01 05:05:04','Administrator 2',2,'Model','Model ID:5'),(19072,'2018-05-01 05:14:04','Administrator 2',2,'Model','Model ID:5'),(19073,'2018-05-01 05:14:37','Administrator 2',2,'Model','Model ID:5'),(19074,'2018-05-01 05:44:20','Administrator 2',2,'Master Data',''),(19075,'2018-05-01 05:44:32','Administrator 2',2,'Item Images',''),(19076,'2018-05-01 06:20:49','Administrator 2',2,'Model','Model ID:5'),(19077,'2018-05-01 06:21:38','Administrator 2',11,'Model','Product ID:1'),(19078,'2018-05-01 06:21:42','Administrator 2',2,'Model','Model ID:1'),(19079,'2018-05-01 06:22:21','Administrator 2',11,'Model','Product ID:1'),(19080,'2018-05-01 06:22:23','Administrator 2',2,'Model','Model ID:1'),(19081,'2018-05-01 06:23:55','Administrator 2',11,'Model','Product ID:1'),(19082,'2018-05-01 06:23:56','Administrator 2',2,'Model','Model ID:1'),(19083,'2018-05-01 06:24:45','Administrator 2',2,'Model','Model ID:1'),(19084,'2018-05-01 07:11:04','Administrator 2',11,'Model','Product ID:1'),(19085,'2018-05-01 07:11:09','Administrator 2',2,'Model','Model ID:2'),(19086,'2018-05-01 07:11:13','Administrator 2',2,'Model','Model ID:1'),(19087,'2018-05-01 08:09:43','Administrator 2',2,'Model','Model ID:1'),(19088,'2018-05-01 12:03:27','Guest',11,'Model','Product ID:1'),(19089,'2018-05-01 12:04:37','Guest',2,'Model','Model ID:1'),(19090,'2018-05-01 12:04:50','Guest',2,'Model','Model ID:1'),(19091,'2018-05-01 12:05:07','Guest',2,'Model','Model ID:1'),(19092,'2018-05-01 12:06:56','Administrator 2',8,'Login Success','Username: Administrator 2|IP: 112.134.3.190'),(19093,'2018-05-01 12:07:18','Administrator 2',2,'Items',''),(19094,'2018-05-01 12:07:23','Administrator 2',2,'Add Item',''),(19095,'2018-05-01 12:07:44','Administrator 2',1,'Edit Item','ID : 1'),(19096,'2018-05-01 12:07:44','Administrator 2',2,'Items',''),(19097,'2018-05-01 12:07:53','Administrator 2',2,'Item','Item ID:1'),(19098,'2018-05-01 12:09:08','Administrator 2',2,'Master Data',''),(19099,'2018-05-01 12:09:22','Administrator 2',1,'Model Field','Model ID : 1,Field ID : 3'),(19100,'2018-05-01 12:09:32','Administrator 2',1,'Model Field','Model ID : 1,Field ID : 5'),(19101,'2018-05-01 12:09:41','Administrator 2',3,'Select Model Field Values',''),(19102,'2018-05-01 12:09:46','Administrator 2',2,'Item','Item ID:1'),(19103,'2018-05-01 12:11:11','Administrator 2',5,'model_field','ID: 3'),(19104,'2018-05-01 12:11:16','Administrator 2',5,'model_field','ID: 4'),(19105,'2018-05-01 12:11:24','Administrator 2',3,'model_field','ID: 3'),(19106,'2018-05-01 12:11:29','Administrator 2',3,'model_field','ID: 4'),(19107,'2018-05-01 12:11:34','Administrator 2',2,'Master Data',''),(19108,'2018-05-01 12:11:38','Administrator 2',2,'Master Data',''),(19109,'2018-05-01 12:12:04','Administrator 2',2,'Model','Model ID:1'),(19110,'2018-05-01 12:12:12','Administrator 2',2,'Model','Model ID:1'),(19111,'2018-05-01 12:12:20','Administrator 2',2,'Item','Item ID:1'),(19112,'2018-05-01 12:13:37','Administrator 2',2,'Model','Model ID:1'),(19113,'2018-05-01 12:13:58','Administrator 2',2,'Model','Model ID:1'),(19114,'2018-05-01 12:14:10','Administrator 2',2,'Model','Model ID:1'),(19115,'2018-05-01 12:14:25','Administrator 2',2,'Model','Model ID:1'),(19116,'2018-05-01 12:14:38','Administrator 2',2,'Model','Model ID:1'),(19117,'2018-05-01 12:14:48','Administrator 2',2,'Item','Item ID:1'),(19118,'2018-05-01 12:15:24','Administrator 2',2,'Master Data',''),(19119,'2018-05-01 12:15:27','Administrator 2',2,'Items',''),(19120,'2018-05-01 12:15:29','Administrator 2',2,'Item Images',''),(19121,'2018-05-02 03:33:32','Administrator 2',8,'Login Success','Username: Administrator 2|IP: 112.134.7.64'),(19122,'2018-05-02 03:33:52','Administrator 2',2,'Items',''),(19123,'2018-05-02 03:33:57','Administrator 2',2,'Item Images',''),(19124,'2018-05-02 03:35:53','Administrator 2',1,'Image Upload','File Name: 762293593615426.jpg'),(19125,'2018-05-02 03:36:03','Administrator 2',2,'Item Images',''),(19126,'2018-05-02 11:39:09','Administrator 2',8,'Login Success','Username: Administrator 2|IP: 112.134.7.64'),(19127,'2018-05-02 11:39:17','Administrator 2',2,'Items',''),(19128,'2018-05-02 11:39:24','Administrator 2',2,'Item Images',''),(19129,'2018-05-02 11:41:32','Administrator 2',2,'Item Images',''),(19130,'2018-05-02 11:45:41','Administrator 2',2,'Item Images',''),(19131,'2018-05-02 11:48:31','Administrator 2',1,'Image Upload','File Name: 275606268569027.jpg'),(19132,'2018-05-02 11:50:56','Administrator 2',1,'Image Upload','File Name: 249502473192254.jpg'),(19133,'2018-05-02 11:51:09','Administrator 2',3,'Item Images','Item ID : 2'),(19134,'2018-05-02 11:51:09','Administrator 2',2,'Item Images',''),(19135,'2018-05-02 11:51:56','Administrator 2',11,'Model','Product ID:1'),(19136,'2018-05-02 11:52:11','Administrator 2',2,'Model','Model ID:2'),(19137,'2018-05-02 11:52:25','Administrator 2',2,'Model','Model ID:2'),(19138,'2018-05-02 11:52:41','Administrator 2',2,'Item Images',''),(19139,'2018-05-02 11:52:44','Administrator 2',2,'Items',''),(19140,'2018-05-02 11:52:49','Administrator 2',2,'Item',''),(19141,'2018-05-02 11:56:57','Administrator 2',2,'Item',''),(19142,'2018-05-02 11:57:24','Administrator 2',2,'Item',''),(19143,'2018-05-02 11:59:17','Administrator 2',2,'Item',''),(19144,'2018-05-02 11:59:20','Administrator 2',2,'Item',''),(19145,'2018-05-02 11:59:40','Administrator 2',2,'Items',''),(19146,'2018-05-02 11:59:49','Administrator 2',2,'Add Item',''),(19147,'2018-05-02 12:00:04','Administrator 2',2,'Model','Model ID:2'),(19148,'2018-05-02 12:00:10','Administrator 2',1,'Edit Item','ID : 2'),(19149,'2018-05-02 12:00:11','Administrator 2',2,'Items',''),(19150,'2018-05-02 12:00:18','Administrator 2',2,'Add Item',''),(19151,'2018-05-02 12:00:31','Administrator 2',1,'Edit Item','ID : 2'),(19152,'2018-05-02 12:00:32','Administrator 2',2,'Items',''),(19153,'2018-05-02 12:00:39','Administrator 2',2,'Model','Model ID:2'),(19154,'2018-05-02 12:00:48','Administrator 2',2,'Item','Item ID:2'),(19155,'2018-05-02 12:14:24','Administrator 2',11,'Model','Product ID:1'),(19156,'2018-05-02 12:14:27','Administrator 2',2,'Model','Model ID:4'),(19157,'2018-05-02 12:14:29','Administrator 2',11,'Model','Product ID:1'),(19158,'2018-05-02 12:14:32','Administrator 2',2,'Model','Model ID:2'),(19159,'2018-05-02 12:14:40','Administrator 2',2,'Item','Item ID:2'),(19160,'2018-05-03 04:35:38','Guest',11,'Model','Product ID:1'),(19161,'2018-05-03 04:35:42','Guest',2,'Model','Model ID:2'),(19162,'2018-05-03 04:35:54','Guest',2,'Model','Model ID:2'),(19163,'2018-05-03 04:36:02','Guest',2,'Model','Model ID:2'),(19164,'2018-05-03 04:36:09','Guest',2,'Model','Model ID:2'),(19165,'2018-05-03 04:36:20','Guest',2,'Model','Model ID:2'),(19166,'2018-05-03 04:36:27','Guest',2,'Model','Model ID:2'),(19167,'2018-05-03 04:38:12','Administrator 2',8,'Login Success','Username: Administrator 2|IP: 112.134.3.68'),(19168,'2018-05-03 04:38:17','Administrator 2',2,'Items',''),(19169,'2018-05-03 04:38:21','Administrator 2',2,'Add Item',''),(19170,'2018-05-03 04:38:32','Administrator 2',2,'Model','Model ID:2'),(19171,'2018-05-03 04:38:38','Administrator 2',2,'Item','Item ID:2'),(19172,'2018-05-03 04:38:45','Administrator 2',2,'Items',''),(19173,'2018-05-03 04:38:50','Administrator 2',2,'GRN',''),(19174,'2018-05-03 04:40:26','Administrator 2',2,'Item','Item ID:2'),(19175,'2018-05-03 04:43:07','Administrator 2',2,'Item','Item ID:2'),(19176,'2018-05-03 04:43:12','Administrator 2',2,'Item','Item ID:2'),(19177,'2018-05-03 04:53:52','Administrator 2',2,'Item','Item ID:2'),(19178,'2018-05-03 05:13:01','Administrator 2',2,'Model','Model ID:1'),(19179,'2018-05-03 05:13:21','Administrator 2',2,'Model','Model ID:2'),(19180,'2018-05-03 05:13:26','Administrator 2',2,'Item','Item ID:2'),(19181,'2018-05-03 06:44:54','Administrator 2',11,'Model','Product ID:1'),(19182,'2018-05-03 06:44:57','Administrator 2',2,'Model','Model ID:2'),(19183,'2018-05-03 06:45:14','Administrator 2',2,'Model','Model ID:2'),(19184,'2018-05-03 06:45:21','Administrator 2',2,'Model','Model ID:2'),(19185,'2018-05-03 06:45:27','Administrator 2',2,'Model','Model ID:2'),(19186,'2018-05-03 06:45:31','Administrator 2',2,'Item','Item ID:2'),(19187,'2018-05-03 06:45:39','Administrator 2',2,'Model','Model ID:2'),(19188,'2018-05-03 06:45:42','Administrator 2',2,'Model','Model ID:2'),(19189,'2018-05-03 06:45:48','Administrator 2',11,'Model','Product ID:1'),(19190,'2018-05-03 06:45:54','Administrator 2',2,'Model','Model ID:5'),(19191,'2018-05-03 06:46:32','Administrator 2',2,'Item','Item ID:4'),(19192,'2018-05-03 06:46:38','Administrator 2',2,'Item','Item ID:1'),(19193,'2018-05-03 06:46:42','Administrator 2',2,'Item','Item ID:4'),(19194,'2018-05-03 06:46:51','Administrator 2',2,'Item','Item ID:4'),(19195,'2018-05-03 06:48:12','Administrator 2',2,'Item','Item ID:4'),(19196,'2018-05-03 07:42:33','Administrator 2',2,'Item','Item ID:3'),(19197,'2018-05-03 07:43:25','Administrator 2',2,'Item','Item ID:2'),(19198,'2018-05-03 07:43:47','Administrator 2',2,'Item','Item ID:3'),(19199,'2018-05-03 07:43:59','Administrator 2',2,'Item','Item ID:4'),(19200,'2018-05-08 05:42:40','Test Administrator - No 1',8,'Login Success','Username: Test Administrator - No 1|IP: 112.134.7.237'),(19201,'2018-05-08 09:05:34','Guest',11,'Model','Product ID:1'),(19202,'2018-05-08 09:05:42','Guest',2,'Model','Model ID:3'),(19203,'2018-05-08 09:05:49','Guest',11,'Model','Product ID:1'),(19204,'2018-05-08 09:05:53','Guest',2,'Model','Model ID:2'),(19205,'2018-05-08 09:06:03','Guest',2,'Item','Item ID:2'),(19206,'2018-05-08 11:09:33','Test Administrator - No 1',8,'Login Success','Username: Test Administrator - No 1|IP: 112.134.7.237'),(19207,'2018-05-14 09:45:03','Guest',11,'Model','Product ID:1'),(19208,'2018-05-14 09:45:09','Guest',2,'Model','Model ID:4'),(19209,'2018-05-14 09:45:19','Guest',2,'Model','Model ID:4'),(19210,'2018-05-14 09:45:25','Guest',2,'Model','Model ID:4'),(19211,'2018-05-14 09:45:33','Guest',2,'Model','Model ID:4'),(19212,'2018-05-14 11:44:29','Guest',11,'Model','Product ID:1'),(19213,'2018-05-14 11:44:39','Guest',2,'Model','Model ID:4'),(19214,'2018-05-14 11:44:52','Guest',2,'Model','Model ID:4'),(19215,'2018-05-14 11:45:01','Guest',2,'Model','Model ID:4'),(19216,'2018-05-14 11:45:09','Guest',2,'Model','Model ID:4'),(19217,'2018-05-14 11:45:15','Guest',2,'Model','Model ID:4'),(19218,'2018-05-14 11:45:17','Guest',11,'Model','Product ID:1'),(19219,'2018-05-14 11:45:22','Guest',2,'Model','Model ID:2'),(19220,'2018-05-14 11:45:33','Guest',2,'Model','Model ID:2'),(19221,'2018-05-14 11:45:43','Guest',2,'Model','Model ID:2'),(19222,'2018-05-14 11:46:25','Guest',11,'Model','Product ID:1'),(19223,'2018-05-14 11:46:40','Guest',2,'Model','Model ID:2'),(19224,'2018-05-14 11:46:55','Guest',2,'Item','Item ID:2'),(19225,'2018-05-14 11:47:07','Guest',2,'Item','Item ID:2'),(19226,'2018-05-14 11:53:57','Guest',11,'Model','Product ID:1'),(19227,'2018-05-14 11:54:06','Guest',2,'Model','Model ID:1'),(19228,'2018-05-14 11:54:32','Guest',2,'Model','Model ID:1'),(19229,'2018-05-14 11:54:44','Guest',2,'Model','Model ID:1'),(19230,'2018-05-14 11:55:45','Guest',11,'Model','Product ID:1'),(19231,'2018-05-14 11:55:55','Guest',2,'Model','Model ID:4'),(19232,'2018-05-14 11:56:32','Guest',11,'Model','Product ID:1'),(19233,'2018-05-14 11:56:42','Guest',2,'Model','Model ID:2'),(19234,'2018-05-14 11:56:56','Guest',2,'Item','Item ID:2'),(19235,'2018-05-14 11:57:52','Guest',2,'Item','Item ID:2'),(19236,'2018-05-16 03:39:51','Guest',11,'Model','Product ID:1'),(19237,'2018-05-16 03:40:53','Guest',2,'Model','Model ID:2'),(19238,'2018-05-16 03:41:04','Guest',2,'Model','Model ID:2'),(19239,'2018-05-16 03:41:13','Guest',2,'Item','Item ID:2'),(19240,'2018-05-16 03:41:36','Guest',2,'Item','Item ID:2'),(19241,'2018-05-16 04:41:04','Guest',11,'Model','Product ID:1'),(19242,'2018-05-16 04:41:45','Guest',2,'Model','Model ID:2'),(19243,'2018-05-16 04:43:30','Guest',2,'Model','Model ID:2'),(19244,'2018-05-16 04:43:46','Guest',2,'Model','Model ID:2'),(19245,'2018-05-16 04:43:56','Guest',2,'Item','Item ID:2'),(19246,'2018-05-16 04:44:05','Guest',2,'Model','Model ID:2'),(19247,'2018-05-16 04:45:50','Guest',2,'Item','Item ID:2'),(19248,'2018-05-16 04:46:43','Guest',2,'Item','Item ID:2'),(19249,'2018-05-16 04:47:19','Administrator 2',8,'Login Success','Username: Administrator 2|IP: 112.134.4.83'),(19250,'2018-05-16 04:47:42','Administrator 2',2,'Master Data',''),(19251,'2018-05-16 04:48:21','Administrator 2',2,'Master Data',''),(19252,'2018-05-16 04:51:16','Administrator 2',2,'Item Images',''),(19253,'2018-05-16 04:51:24','Administrator 2',2,'Model','Model ID:2'),(19254,'2018-05-16 04:51:59','Administrator 2',2,'Master Data',''),(19255,'2018-05-16 04:52:21','Administrator 2',1,'Model Field','Model ID : 4,Field ID : 3'),(19256,'2018-05-16 04:53:36','Administrator 2',2,'Master Data',''),(19257,'2018-05-16 04:53:42','Administrator 2',2,'Master Data',''),(19258,'2018-05-16 04:54:43','Administrator 2',2,'Master Data',''),(19259,'2018-05-16 04:55:06','Administrator 2',2,'Master Data',''),(19260,'2018-05-16 04:55:18','Administrator 2',2,'Master Data',''),(19261,'2018-05-16 04:56:15','Administrator 2',3,'Select Model Field Values',''),(19262,'2018-05-16 04:56:27','Administrator 2',2,'Item','Item ID:2'),(19263,'2018-05-16 04:56:53','Administrator 2',2,'Master Data',''),(19264,'2018-05-16 04:57:06','Administrator 2',2,'Items',''),(19265,'2018-05-16 04:57:51','Administrator 2',2,'Items',''),(19266,'2018-05-16 04:58:17','Administrator 2',2,'Items',''),(19267,'2018-05-16 04:58:22','Administrator 2',2,'Items',''),(19268,'2018-05-16 04:58:28','Administrator 2',2,'Items',''),(19269,'2018-05-16 05:01:06','Administrator 2',11,'Model','Product ID:1'),(19270,'2018-05-16 05:03:50','Administrator 2',2,'Master Data',''),(19271,'2018-05-16 05:04:22','Administrator 2',2,'Master Data',''),(19272,'2018-05-16 05:06:01','Administrator 2',2,'Items',''),(19273,'2018-05-16 05:06:13','Administrator 2',2,'Add Item',''),(19274,'2018-05-16 05:07:58','Administrator 2',2,'Items',''),(19275,'2018-05-16 05:08:03','Administrator 2',2,'Master Data',''),(19276,'2018-05-16 05:08:16','Administrator 2',2,'Master Data',''),(19277,'2018-05-16 05:08:22','Administrator 2',2,'Model','Model ID:2'),(19278,'2018-05-16 05:08:43','Administrator 2',2,'Item','Item ID:2'),(19279,'2018-05-16 05:09:04','Administrator 2',2,'Items',''),(19280,'2018-05-16 05:09:09','Administrator 2',2,'Add Item',''),(19281,'2018-05-16 06:14:47','Guest',11,'Model','Product ID:1'),(19282,'2018-05-16 06:14:57','Guest',11,'Model','Product ID:1'),(19283,'2018-05-16 06:15:21','Guest',2,'Model','Model ID:1'),(19284,'2018-05-16 06:15:41','Guest',11,'Model','Product ID:1'),(19285,'2018-05-16 06:15:45','Guest',2,'Model','Model ID:4'),(19286,'2018-05-16 06:16:09','Guest',2,'Model','Model ID:1'),(19287,'2018-05-16 06:16:45','Guest',11,'Model','Product ID:1'),(19288,'2018-05-16 06:16:53','Guest',2,'Model','Model ID:5'),(19289,'2018-05-16 06:17:11','Guest',11,'Model','Product ID:1'),(19290,'2018-05-16 06:17:21','Guest',2,'Model','Model ID:2'),(19291,'2018-05-16 06:18:05','Guest',11,'Model','Product ID:4'),(19292,'2018-05-16 06:18:36','Guest',11,'Model','Product ID:4'),(19293,'2018-05-16 06:18:43','Guest',11,'Model','Product ID:3'),(19294,'2018-05-16 06:18:46','Guest',11,'Model','Product ID:2'),(19295,'2018-05-16 06:18:49','Guest',11,'Model','Product ID:1'),(19296,'2018-05-16 06:41:53','Administrator 2',11,'Model','Product ID:1'),(19297,'2018-05-16 06:42:03','Administrator 2',11,'Model','Product ID:1'),(19298,'2018-05-16 06:42:21','Administrator 2',11,'Model','Product ID:1'),(19299,'2018-05-16 06:42:45','Administrator 2',11,'Model','Product ID:1'),(19300,'2018-05-16 06:43:59','Administrator 2',11,'Model','Product ID:1'),(19301,'2018-05-16 06:44:44','Administrator 2',11,'Model','Product ID:1'),(19302,'2018-05-16 06:45:11','Administrator 2',11,'Model','Product ID:1'),(19303,'2018-05-16 06:50:24','Administrator 2',11,'Model','Product ID:1'),(19304,'2018-05-16 06:52:46','Administrator 2',11,'Model','Product ID:1'),(19305,'2018-05-16 06:52:56','Administrator 2',2,'Model','Model ID:2'),(19306,'2018-05-16 06:53:11','Administrator 2',2,'Model','Model ID:2'),(19307,'2018-05-16 06:53:17','Administrator 2',2,'Item','Item ID:2'),(19308,'2018-05-16 06:53:25','Administrator 2',2,'Item','Item ID:2'),(19309,'2018-05-16 06:53:50','Administrator 2',2,'Item','Item ID:2'),(19310,'2018-05-16 06:54:01','Administrator 2',2,'Item','Item ID:2'),(19311,'2018-05-16 06:54:46','Administrator 2',2,'Item','Item ID:2'),(19312,'2018-05-16 06:55:54','Administrator 2',2,'Item','Item ID:2'),(19313,'2018-05-16 06:56:10','Administrator 2',2,'Item','Item ID:2'),(19314,'2018-05-16 06:56:58','Administrator 2',2,'Item','Item ID:2'),(19315,'2018-05-16 08:14:51','Administrator 2',2,'Items',''),(19316,'2018-05-16 08:14:53','Administrator 2',2,'Add Item',''),(19317,'2018-05-16 08:14:55','Administrator 2',2,'Items',''),(19318,'2018-05-16 08:14:57','Administrator 2',2,'Item Images',''),(19319,'2018-05-16 08:14:59','Administrator 2',2,'Items',''),(19320,'2018-05-16 08:15:02','Administrator 2',2,'Item',''),(19321,'2018-05-16 08:15:08','Administrator 2',2,'Items',''),(19322,'2018-05-16 08:16:47','Administrator 2',11,'Model','Product ID:1'),(19323,'2018-05-16 09:03:05','Guest',11,'Model','Product ID:1'),(19324,'2018-05-16 09:03:38','Guest',11,'Model','Product ID:4'),(19325,'2018-05-16 09:06:37','Guest',11,'Model','Product ID:2'),(19326,'2018-05-16 09:06:39','Guest',11,'Model','Product ID:1'),(19327,'2018-05-16 09:06:41','Guest',11,'Model','Product ID:1'),(19328,'2018-05-16 09:06:58','Guest',11,'Model','Product ID:1'),(19329,'2018-05-16 09:26:19','Administrator 2',11,'Model','Product ID:1'),(19330,'2018-05-16 09:29:21','Administrator 2',2,'Model','Model ID:2'),(19331,'2018-05-16 09:29:30','Administrator 2',2,'Item','Item ID:2'),(19332,'2018-05-16 09:29:39','Administrator 2',2,'Item','Item ID:2'),(19333,'2018-05-16 09:30:22','Administrator 2',2,'Model','Model ID:2'),(19334,'2018-05-16 09:30:26','Administrator 2',2,'Item','Item ID:2'),(19335,'2018-05-16 09:31:08','Administrator 2',2,'Model','Model ID:2'),(19336,'2018-05-16 09:31:13','Administrator 2',2,'Item','Item ID:2'),(19337,'2018-05-16 09:32:02','Administrator 2',2,'Model','Model ID:2'),(19338,'2018-05-16 09:32:05','Administrator 2',2,'Item','Item ID:2'),(19339,'2018-05-16 10:11:32','Administrator 2',11,'Model','Product ID:1'),(19340,'2018-05-16 10:11:35','Administrator 2',2,'Model','Model ID:2'),(19341,'2018-05-16 10:11:44','Administrator 2',2,'Item','Item ID:2'),(19342,'2018-05-16 10:18:19','Test Administrator - No 1',8,'Login Success','Username: Test Administrator - No 1|IP: 111.223.152.90'),(19343,'2018-05-16 10:18:55','Test Administrator - No 1',2,'Master Data',''),(19344,'2018-05-16 10:21:23','Test Administrator - No 1',1,'Model','Name: ET17526'),(19345,'2018-05-16 10:21:28','Test Administrator - No 1',2,'Master Data',''),(19346,'2018-05-16 10:23:06','Test Administrator - No 1',1,'Model Field','Model ID : 8,Field ID : 3'),(19347,'2018-05-16 10:23:17','Test Administrator - No 1',1,'Model Field','Model ID : 8,Field ID : 5'),(19348,'2018-05-16 10:23:26','Test Administrator - No 1',1,'Model Field','Model ID : 8,Field ID : 6'),(19349,'2018-05-16 10:23:56','Test Administrator - No 1',3,'Select Model Field Values',''),(19350,'2018-05-16 10:24:09','Test Administrator - No 1',2,'Master Data',''),(19351,'2018-05-16 10:24:43','Test Administrator - No 1',2,'Master Data',''),(19352,'2018-05-16 10:24:50','Test Administrator - No 1',2,'Item Images',''),(19353,'2018-05-16 10:25:35','Test Administrator - No 1',2,'Item Images',''),(19354,'2018-05-16 10:29:25','Test Administrator - No 1',2,'Master Data',''),(19355,'2018-05-16 10:29:38','Test Administrator - No 1',2,'Items',''),(19356,'2018-05-16 10:30:05','Test Administrator - No 1',2,'Add Item',''),(19357,'2018-05-16 10:30:19','Test Administrator - No 1',2,'Items',''),(19358,'2018-05-16 10:30:32','Test Administrator - No 1',2,'Product Type',''),(19359,'2018-05-16 10:31:01','Test Administrator - No 1',2,'Master Data',''),(19360,'2018-05-16 10:31:30','Test Administrator - No 1',2,'Master Data',''),(19361,'2018-05-16 10:32:07','Test Administrator - No 1',2,'Master Data',''),(19362,'2018-05-16 10:32:12','Test Administrator - No 1',2,'Items',''),(19363,'2018-05-16 10:32:21','Test Administrator - No 1',2,'Add Item',''),(19364,'2018-05-16 10:32:39','Test Administrator - No 1',2,'Items',''),(19365,'2018-05-16 10:32:46','Test Administrator - No 1',2,'Master Data',''),(19366,'2018-05-16 10:32:55','Test Administrator - No 1',2,'Master Data',''),(19367,'2018-05-16 10:33:21','Test Administrator - No 1',2,'Master Data',''),(19368,'2018-05-16 10:34:43','Test Administrator - No 1',2,'Master Data',''),(19369,'2018-05-16 10:34:49','Test Administrator - No 1',2,'Items',''),(19370,'2018-05-16 10:34:57','Test Administrator - No 1',2,'Add Item',''),(19371,'2018-05-16 10:58:51','Administrator 2',2,'Brands',''),(19372,'2018-05-16 11:27:07','Administrator 2',11,'Model','Product ID:1'),(19373,'2018-05-16 11:27:10','Administrator 2',2,'Model','Model ID:2'),(19374,'2018-05-16 11:27:21','Administrator 2',2,'Item','Item ID:2'),(19375,'2018-05-17 02:49:54','Guest',11,'Model','Product ID:1'),(19376,'2018-05-17 02:49:58','Guest',2,'Model','Model ID:2'),(19377,'2018-05-17 02:50:10','Guest',2,'Item','Item ID:2'),(19378,'2018-05-17 02:53:32','Guest',11,'Model','Product ID:1'),(19379,'2018-05-17 02:53:35','Guest',2,'Model','Model ID:2'),(19380,'2018-05-17 02:53:48','Guest',2,'Item','Item ID:2'),(19381,'2018-05-17 05:05:43','Guest',12,'Login Fail','Username: admin1|IP: 182.161.30.148'),(19382,'2018-05-17 05:06:18','Test Administrator - No 1',8,'Login Success','Username: Test Administrator - No 1|IP: 182.161.30.148'),(19383,'2018-05-17 05:06:32','Test Administrator - No 1',2,'Items',''),(19384,'2018-05-17 05:06:40','Test Administrator - No 1',2,'Add Item',''),(19385,'2018-05-17 05:09:01','Test Administrator - No 1',2,'Items',''),(19386,'2018-05-17 05:09:19','Test Administrator - No 1',2,'Add Item',''),(19387,'2018-05-17 05:10:28','Test Administrator - No 1',2,'Add Item Next',''),(19388,'2018-05-17 05:11:49','Test Administrator - No 1',2,'Master Data',''),(19389,'2018-05-17 05:11:54','Test Administrator - No 1',2,'Item Images',''),(19390,'2018-05-17 05:12:12','Test Administrator - No 1',1,'Add Item','ID : 5'),(19391,'2018-05-17 05:12:13','Test Administrator - No 1',2,'Items',''),(19392,'2018-05-17 05:12:24','Test Administrator - No 1',2,'Item Images',''),(19393,'2018-05-17 05:13:05','Test Administrator - No 1',11,'Model','Product ID:1'),(19394,'2018-05-17 05:13:22','Test Administrator - No 1',11,'Model','Product ID:1'),(19395,'2018-05-17 05:13:27','Test Administrator - No 1',11,'Model','Product ID:4'),(19396,'2018-05-17 05:14:36','Test Administrator - No 1',2,'Model','Model ID:8'),(19397,'2018-05-17 05:15:44','Test Administrator - No 1',2,'Model','Model ID:8'),(19398,'2018-05-17 05:15:52','Test Administrator - No 1',2,'Item','Item ID:5'),(19399,'2018-05-17 05:16:43','Test Administrator - No 1',2,'Model','Model ID:8'),(19400,'2018-05-17 05:16:49','Test Administrator - No 1',2,'Item','Item ID:5'),(19401,'2018-05-17 05:17:14','Test Administrator - No 1',2,'Items',''),(19402,'2018-05-17 05:17:21','Test Administrator - No 1',2,'Item',''),(19403,'2018-05-17 05:17:41','Test Administrator - No 1',2,'Items',''),(19404,'2018-05-17 05:17:52','Test Administrator - No 1',2,'Items',''),(19405,'2018-05-17 05:17:58','Test Administrator - No 1',2,'Items',''),(19406,'2018-05-17 05:19:29','Test Administrator - No 1',2,'Master Data',''),(19407,'2018-05-17 05:20:02','Test Administrator - No 1',11,'Item',''),(19408,'2018-05-17 05:22:13','Test Administrator - No 1',11,'Item',''),(19409,'2018-05-17 05:23:14','Test Administrator - No 1',1,'Grn','ID : 5'),(19410,'2018-05-17 05:23:14','Test Administrator - No 1',2,'Items',''),(19411,'2018-05-17 05:23:40','Test Administrator - No 1',2,'Items',''),(19412,'2018-05-17 05:23:44','Test Administrator - No 1',2,'Item',''),(19413,'2018-05-17 05:24:15','Test Administrator - No 1',2,'Item','Item ID:5'),(19414,'2018-05-17 05:28:53','Test Administrator - No 1',2,'Items',''),(19415,'2018-05-17 05:28:59','Test Administrator - No 1',2,'GRN',''),(19416,'2018-05-17 05:33:25','Test Administrator - No 1',2,'Item','Item ID:5'),(19417,'2018-05-17 06:10:30','Test Administrator - No 1',2,'Items',''),(19418,'2018-05-17 08:04:59','Test Administrator - No 1',2,'Master Data',''),(19419,'2018-05-17 08:14:53','Test Administrator - No 1',1,'Product','Value: ET17891'),(19420,'2018-05-17 08:14:57','Test Administrator - No 1',2,'Master Data',''),(19421,'2018-05-17 08:15:20','Test Administrator - No 1',2,'Items',''),(19422,'2018-05-17 08:15:37','Test Administrator - No 1',2,'Master Data',''),(19423,'2018-05-17 08:16:00','Test Administrator - No 1',1,'Product','Value: ET17891'),(19424,'2018-05-17 08:16:02','Test Administrator - No 1',2,'Master Data',''),(19425,'2018-05-17 08:16:56','Test Administrator - No 1',2,'Items',''),(19426,'2018-05-17 08:17:20','Test Administrator - No 1',2,'Users',''),(19427,'2018-05-17 08:17:27','Test Administrator - No 1',2,'Product Type',''),(19428,'2018-05-17 08:17:34','Test Administrator - No 1',2,'Master Data',''),(19429,'2018-05-17 08:18:22','Test Administrator - No 1',1,'Model','Name: ET17891'),(19430,'2018-05-17 08:18:24','Test Administrator - No 1',2,'Master Data',''),(19431,'2018-05-17 08:18:49','Test Administrator - No 1',1,'Model Field','Model ID : 9,Field ID : 3'),(19432,'2018-05-17 08:19:00','Test Administrator - No 1',1,'Model Field','Model ID : 9,Field ID : 4'),(19433,'2018-05-17 08:19:14','Test Administrator - No 1',1,'Model Field','Model ID : 9,Field ID : 5'),(19434,'2018-05-17 08:19:41','Test Administrator - No 1',3,'Select Model Field Values',''),(19435,'2018-05-17 08:19:45','Test Administrator - No 1',2,'Master Data',''),(19436,'2018-05-17 08:19:51','Test Administrator - No 1',2,'Items',''),(19437,'2018-05-17 08:20:02','Test Administrator - No 1',2,'Add Item',''),(19438,'2018-05-17 08:21:37','Test Administrator - No 1',2,'Master Data',''),(19439,'2018-05-17 08:21:49','Test Administrator - No 1',2,'Master Data',''),(19440,'2018-05-17 08:22:02','Test Administrator - No 1',3,'Select Model Field Values',''),(19441,'2018-05-17 08:22:10','Test Administrator - No 1',2,'Master Data',''),(19442,'2018-05-17 08:22:23','Test Administrator - No 1',2,'Product Type',''),(19443,'2018-05-17 08:22:30','Test Administrator - No 1',3,'Product Type','Sunware'),(19444,'2018-05-17 08:22:33','Test Administrator - No 1',2,'Product Type',''),(19445,'2018-05-17 08:22:39','Test Administrator - No 1',2,'Items',''),(19446,'2018-05-17 08:22:49','Test Administrator - No 1',2,'Add Item',''),(19447,'2018-05-17 08:23:10','Test Administrator - No 1',2,'Items',''),(19448,'2018-05-17 08:23:15','Test Administrator - No 1',2,'Suppliers',''),(19449,'2018-05-17 08:23:33','Test Administrator - No 1',3,'Field Value','Value: 535'),(19450,'2018-05-17 08:23:45','Test Administrator - No 1',2,'Master Data',''),(19451,'2018-05-17 08:24:28','Test Administrator - No 1',2,'Master Data',''),(19452,'2018-05-17 08:24:57','Test Administrator - No 1',2,'Master Data',''),(19453,'2018-05-17 08:25:06','Test Administrator - No 1',2,'News',''),(19454,'2018-05-17 08:25:15','Test Administrator - No 1',2,'Brands',''),(19455,'2018-05-17 08:25:20','Test Administrator - No 1',2,'Category',''),(19456,'2018-05-17 08:25:24','Test Administrator - No 1',2,'Items',''),(19457,'2018-05-17 08:32:09','Test Administrator - No 1',2,'Add Item',''),(19458,'2018-05-17 08:32:13','Test Administrator - No 1',2,'Items',''),(19459,'2018-05-17 08:32:19','Test Administrator - No 1',2,'Add Item',''),(19460,'2018-05-17 08:33:21','Test Administrator - No 1',2,'Items',''),(19461,'2018-05-17 08:34:00','Test Administrator - No 1',2,'Master Data',''),(19462,'2018-05-17 08:34:09','Test Administrator - No 1',5,'metadata_product','ID: 5'),(19463,'2018-05-17 08:34:11','Test Administrator - No 1',2,'Master Data',''),(19464,'2018-05-17 08:34:35','Test Administrator - No 1',2,'Master Data',''),(19465,'2018-05-17 08:34:39','Test Administrator - No 1',2,'Product Type',''),(19466,'2018-05-17 08:34:50','Test Administrator - No 1',2,'Master Data',''),(19467,'2018-05-17 08:35:12','Test Administrator - No 1',2,'Master Data',''),(19468,'2018-05-17 08:35:16','Test Administrator - No 1',2,'Master Data',''),(19469,'2018-05-17 08:35:21','Test Administrator - No 1',2,'Master Data',''),(19470,'2018-05-17 08:35:32','Test Administrator - No 1',1,'Model Field','Model ID : 9,Field ID : 6'),(19471,'2018-05-17 08:35:38','Test Administrator - No 1',3,'Select Model Field Values',''),(19472,'2018-05-17 08:35:41','Test Administrator - No 1',2,'Master Data',''),(19473,'2018-05-17 08:35:46','Test Administrator - No 1',2,'GRN',''),(19474,'2018-05-17 08:35:49','Test Administrator - No 1',2,'Master Data',''),(19475,'2018-05-17 08:35:53','Test Administrator - No 1',2,'Master Data',''),(19476,'2018-05-17 08:35:58','Test Administrator - No 1',2,'Items',''),(19477,'2018-05-17 08:36:10','Test Administrator - No 1',2,'Add Item',''),(19478,'2018-05-17 08:56:09','Test Administrator - No 1',2,'Items',''),(19479,'2018-05-17 08:56:19','Test Administrator - No 1',2,'Master Data',''),(19480,'2018-05-17 08:56:28','Guest',12,'Login Fail','Username: admin2|IP: 112.134.3.243'),(19481,'2018-05-17 08:56:35','Test Administrator - No 1',5,'model_field','ID: 10'),(19482,'2018-05-17 08:56:39','Administrator 2',8,'Login Success','Username: Administrator 2|IP: 112.134.3.243'),(19483,'2018-05-17 08:56:43','Test Administrator - No 1',5,'model_field','ID: 12'),(19484,'2018-05-17 08:56:47','Administrator 2',2,'Master Data',''),(19485,'2018-05-17 08:56:48','Test Administrator - No 1',3,'Select Model Field Values',''),(19486,'2018-05-17 08:57:02','Test Administrator - No 1',2,'Add Item',''),(19487,'2018-05-17 08:57:58','Test Administrator - No 1',2,'Master Data',''),(19488,'2018-05-17 08:58:24','Test Administrator - No 1',2,'Items',''),(19489,'2018-05-17 08:58:33','Test Administrator - No 1',2,'Add Item',''),(19490,'2018-05-17 08:58:47','Test Administrator - No 1',2,'Master Data',''),(19491,'2018-05-17 08:58:54','Administrator 2',2,'Master Data',''),(19492,'2018-05-17 08:58:59','Test Administrator - No 1',2,'Master Data',''),(19493,'2018-05-17 08:59:01','Administrator 2',2,'Master Data',''),(19494,'2018-05-17 08:59:06','Test Administrator - No 1',2,'Product Type',''),(19495,'2018-05-17 08:59:12','Test Administrator - No 1',2,'Master Data',''),(19496,'2018-05-17 08:59:13','Administrator 2',5,'product_field','ID: 6'),(19497,'2018-05-17 08:59:20','Administrator 2',2,'Master Data',''),(19498,'2018-05-17 08:59:25','Test Administrator - No 1',2,'Master Data',''),(19499,'2018-05-17 08:59:37','Administrator 2',2,'Master Data',''),(19500,'2018-05-17 08:59:44','Test Administrator - No 1',2,'Master Data',''),(19501,'2018-05-17 08:59:53','Administrator 2',3,'model_field','ID: 12'),(19502,'2018-05-17 09:00:19','Test Administrator - No 1',2,'Items',''),(19503,'2018-05-17 09:00:24','Administrator 2',3,'Select Model Field Values',''),(19504,'2018-05-17 09:00:25','Test Administrator - No 1',2,'Add Item',''),(19505,'2018-05-17 09:01:35','Test Administrator - No 1',2,'Add Item Next',''),(19506,'2018-05-17 09:10:55','Test Administrator - No 1',1,'Add Item','ID : 6'),(19507,'2018-05-17 09:10:56','Test Administrator - No 1',2,'Items',''),(19508,'2018-05-17 09:11:05','Test Administrator - No 1',2,'Item Images',''),(19509,'2018-05-17 09:13:37','Test Administrator - No 1',1,'Image Upload','File Name: 275934134951295.jpg'),(19510,'2018-05-17 09:15:21','Test Administrator - No 1',1,'Image Upload','File Name: 118994339053849.jpg'),(19511,'2018-05-17 09:15:29','Test Administrator - No 1',1,'Image Upload','File Name: 312173386168069.jpg'),(19512,'2018-05-17 09:15:38','Test Administrator - No 1',3,'Item Images','Item ID : 6'),(19513,'2018-05-17 09:15:38','Test Administrator - No 1',2,'Item Images',''),(19514,'2018-05-17 09:15:51','Test Administrator - No 1',2,'Item Images',''),(19515,'2018-05-17 09:15:54','Test Administrator - No 1',2,'Model','Model ID:8'),(19516,'2018-05-17 09:15:59','Test Administrator - No 1',11,'Model','Product ID:1'),(19517,'2018-05-17 09:16:09','Test Administrator - No 1',11,'Model','Product ID:2'),(19518,'2018-05-17 09:16:12','Test Administrator - No 1',11,'Model','Product ID:4'),(19519,'2018-05-17 09:16:15','Test Administrator - No 1',11,'Model','Product ID:2'),(19520,'2018-05-17 09:16:18','Test Administrator - No 1',11,'Model','Product ID:1'),(19521,'2018-05-17 09:16:28','Test Administrator - No 1',2,'Model','Model ID:9'),(19522,'2018-05-17 09:17:11','Test Administrator - No 1',11,'Model','Product ID:1'),(19523,'2018-05-17 09:30:42','Test Administrator - No 1',2,'Master Data',''),(19524,'2018-05-17 09:30:52','Test Administrator - No 1',11,'Model','Product ID:1'),(19525,'2018-05-17 09:41:54','Test Administrator - No 1',2,'Model','Model ID:9'),(19526,'2018-05-17 09:47:33','Test Administrator - No 1',2,'Model','Model ID:9'),(19527,'2018-05-17 09:47:39','Test Administrator - No 1',2,'Item','Item ID:6'),(19528,'2018-05-17 11:14:19','Test Administrator - No 1',2,'Items',''),(19529,'2018-05-17 11:14:26','Test Administrator - No 1',11,'Model','Product ID:1'),(19530,'2018-05-18 03:34:15','Guest',11,'Model','Product ID:1'),(19531,'2018-05-18 03:34:44','Guest',2,'Model','Model ID:1'),(19532,'2018-05-18 03:34:54','Guest',2,'Item','Item ID:1'),(19533,'2018-05-18 03:36:02','Guest',11,'Model','Product ID:1'),(19534,'2018-05-18 03:36:14','Guest',2,'Model','Model ID:4'),(19535,'2018-05-18 03:36:27','Guest',2,'Model','Model ID:4'),(19536,'2018-05-18 03:36:35','Guest',2,'Model','Model ID:4'),(19537,'2018-05-18 03:38:22','Guest',2,'Model','Model ID:4'),(19538,'2018-05-18 03:40:01','Guest',11,'Model','Product ID:1'),(19539,'2018-05-18 03:40:09','Guest',2,'Model','Model ID:9'),(19540,'2018-05-18 03:40:25','Guest',2,'Model','Model ID:9'),(19541,'2018-05-18 04:08:26','Guest',11,'Model','Product ID:1'),(19542,'2018-05-18 04:08:38','Guest',2,'Model','Model ID:2'),(19543,'2018-05-18 04:09:35','Guest',11,'Model','Product ID:1'),(19544,'2018-05-18 04:09:38','Guest',2,'Model','Model ID:2'),(19545,'2018-05-18 04:09:44','Guest',2,'Model','Model ID:2'),(19546,'2018-05-18 04:10:27','Guest',2,'Model','Model ID:2'),(19547,'2018-05-18 04:10:43','Guest',2,'Model','Model ID:2'),(19548,'2018-05-18 04:11:12','Guest',2,'Model','Model ID:2'),(19549,'2018-05-18 04:20:23','Guest',2,'Model','Model ID:9'),(19550,'2018-05-18 04:54:59','Guest',11,'Model','Product ID:1'),(19551,'2018-05-18 04:55:03','Guest',2,'Model','Model ID:2'),(19552,'2018-05-18 04:55:15','Guest',2,'Model','Model ID:2'),(19553,'2018-05-18 05:07:21','Guest',11,'Model','Product ID:1'),(19554,'2018-05-18 05:07:35','Guest',11,'Model','Product ID:1'),(19555,'2018-05-18 05:25:36','Guest',2,'Model','Model ID:9'),(19556,'2018-05-18 05:36:43','Guest',2,'Model','Model ID:9'),(19557,'2018-05-18 09:15:16','Guest',11,'Model','Product ID:1'),(19558,'2018-05-18 10:31:01','Guest',11,'Model','Product ID:1'),(19559,'2018-05-18 11:39:33','Guest',0,'','Welcome to Eyewear'),(19560,'2018-05-18 12:06:25','Guest',0,'','Welcome to Eyewear'),(19561,'2018-05-18 12:20:11','Guest',0,'','Welcome to Eyewear'),(19562,'2018-05-21 03:21:06','Guest',11,'Model','Product ID:1'),(19563,'2018-05-21 03:21:13','Guest',2,'Model','Model ID:2'),(19564,'2018-05-21 03:21:19','Guest',2,'Item','Item ID:2'),(19565,'2018-05-21 03:21:27','Guest',2,'Item','Item ID:2'),(19566,'2018-05-21 04:49:58','Guest',11,'Model','Product ID:1'),(19567,'2018-05-21 04:50:03','Guest',2,'Model','Model ID:2'),(19568,'2018-05-21 04:50:09','Guest',2,'Item','Item ID:2'),(19569,'2018-05-21 04:50:14','Guest',2,'Item','Item ID:2'),(19570,'2018-05-21 05:24:58','Guest',11,'Model','Product ID:1'),(19571,'2018-05-21 05:25:37','Guest',2,'Model','Model ID:9'),(19572,'2018-05-21 05:25:47','Guest',11,'Model','Product ID:1'),(19573,'2018-05-21 05:26:25','Guest',2,'Model','Model ID:7'),(19574,'2018-05-22 05:22:24','Guest',11,'Model','Product ID:1'),(19575,'2018-05-22 05:22:31','Guest',2,'Model','Model ID:9'),(19576,'2018-05-22 05:22:41','Guest',11,'Model','Product ID:1'),(19577,'2018-05-22 05:42:27','Guest',2,'Model','Model ID:9'),(19578,'2018-05-22 06:23:56','Guest',11,'Model','Product ID:1'),(19579,'2018-05-22 06:23:59','Guest',2,'Model','Model ID:2'),(19580,'2018-05-22 06:24:29','Guest',2,'Item','Item ID:6'),(19581,'2018-05-22 06:24:31','Guest',2,'Model','Model ID:2'),(19582,'2018-05-22 06:24:33','Guest',11,'Model','Product ID:1'),(19583,'2018-05-22 06:24:45','Guest',2,'Model','Model ID:9'),(19584,'2018-05-22 06:25:15','Guest',2,'Item','Item ID:6'),(19585,'2018-05-22 07:54:50','Guest',11,'Model','Product ID:1'),(19586,'2018-05-22 08:33:39','Guest',11,'Model','Product ID:1'),(19587,'2018-05-22 08:45:50','Guest',11,'Model','Product ID:1'),(19588,'2018-05-22 08:46:06','Guest',11,'Model','Product ID:1'),(19589,'2018-05-22 08:46:31','Guest',11,'Model','Product ID:2'),(19590,'2018-05-22 08:46:38','Guest',11,'Model','Product ID:4'),(19591,'2018-05-22 08:46:42','Guest',11,'Model','Product ID:2'),(19592,'2018-05-22 08:46:43','Guest',11,'Model','Product ID:3'),(19593,'2018-05-22 08:46:45','Guest',11,'Model','Product ID:1'),(19594,'2018-05-22 08:47:48','Guest',11,'Model','Product ID:1'),(19595,'2018-05-22 08:48:46','Guest',11,'Model','Product ID:1'),(19596,'2018-05-22 08:54:14','Guest',11,'Model','Product ID:1'),(19597,'2018-05-22 09:11:01','Guest',11,'Model','Product ID:1'),(19598,'2018-05-22 09:15:11','Guest',11,'Model','Product ID:1'),(19599,'2018-05-22 09:16:09','Guest',2,'Model','Model ID:9'),(19600,'2018-05-22 09:16:17','Guest',11,'Model','Product ID:1'),(19601,'2018-05-22 09:18:01','Guest',11,'Model','Product ID:1'),(19602,'2018-05-22 09:19:43','Guest',2,'Model','Model ID:7'),(19603,'2018-05-22 09:19:47','Guest',11,'Model','Product ID:1'),(19604,'2018-05-22 09:21:21','Guest',2,'Model','Model ID:2'),(19605,'2018-05-22 09:28:06','Administrator 2',8,'Login Success','Username: Administrator 2|IP: 112.134.3.166'),(19606,'2018-05-22 09:28:13','Administrator 2',2,'Items',''),(19607,'2018-05-22 09:28:21','Administrator 2',2,'Item',''),(19608,'2018-05-22 10:06:30','Guest',11,'Model','Product ID:1'),(19609,'2018-05-22 10:17:12','Guest',2,'Model','Model ID:9'),(19610,'2018-05-22 10:17:16','Guest',11,'Model','Product ID:1'),(19611,'2018-05-22 10:18:03','Guest',12,'Login Fail','Username: admin1|IP: 111.223.159.89'),(19612,'2018-05-22 10:18:04','Guest',12,'Login Fail','Username: admin1|IP: 111.223.159.89'),(19613,'2018-05-22 10:18:17','Guest',12,'Login Fail','Username: admin1|IP: 111.223.159.89'),(19614,'2018-05-22 10:21:05','Test Administrator - No 1',8,'Login Success','Username: Test Administrator - No 1|IP: 111.223.159.89'),(19615,'2018-05-22 10:23:16','Test Administrator - No 1',1,'Field Value','Value: Rodenstock'),(19616,'2018-05-22 10:28:55','Test Administrator - No 1',2,'Items',''),(19617,'2018-05-22 10:29:10','Test Administrator - No 1',2,'Master Data',''),(19618,'2018-05-22 10:30:36','Test Administrator - No 1',1,'Product','Value: R1416 B  '),(19619,'2018-05-22 10:30:39','Test Administrator - No 1',2,'Master Data',''),(19620,'2018-05-22 10:30:46','Test Administrator - No 1',2,'Items',''),(19621,'2018-05-22 10:31:09','Test Administrator - No 1',2,'Product Type',''),(19622,'2018-05-22 10:31:16','Test Administrator - No 1',2,'Master Data',''),(19623,'2018-05-22 10:31:34','Test Administrator - No 1',8,'Login Success','Username: Test Administrator - No 1|IP: 112.134.3.166'),(19624,'2018-05-22 10:31:42','Test Administrator - No 1',2,'Items',''),(19625,'2018-05-22 10:32:13','Test Administrator - No 1',2,'Item Images',''),(19626,'2018-05-22 10:32:23','Test Administrator - No 1',2,'Items',''),(19627,'2018-05-22 10:32:27','Test Administrator - No 1',1,'Model','Name: R1416 B  '),(19628,'2018-05-22 10:32:29','Test Administrator - No 1',2,'Master Data',''),(19629,'2018-05-22 10:32:33','Test Administrator - No 1',2,'Items',''),(19630,'2018-05-22 10:32:41','Test Administrator - No 1',2,'Add Item',''),(19631,'2018-05-22 10:33:32','Test Administrator - No 1',2,'Item Images',''),(19632,'2018-05-22 10:33:47','Test Administrator - No 1',2,'Item Images',''),(19633,'2018-05-22 10:34:00','Test Administrator - No 1',2,'Items',''),(19634,'2018-05-22 10:34:08','Test Administrator - No 1',2,'Item',''),(19635,'2018-05-22 10:34:20','Test Administrator - No 1',2,'Add Item',''),(19636,'2018-05-22 10:34:36','Test Administrator - No 1',2,'Items',''),(19637,'2018-05-22 10:34:42','Test Administrator - No 1',2,'Item Images',''),(19638,'2018-05-22 10:34:45','Test Administrator - No 1',2,'Items',''),(19639,'2018-05-22 10:34:49','Test Administrator - No 1',2,'Suppliers',''),(19640,'2018-05-22 10:34:58','Administrator 2',2,'Items',''),(19641,'2018-05-22 10:35:03','Administrator 2',2,'Item',''),(19642,'2018-05-22 10:35:05','Test Administrator - No 1',2,'Item Images',''),(19643,'2018-05-22 10:35:09','Administrator 2',2,'Items',''),(19644,'2018-05-22 10:35:14','Test Administrator - No 1',2,'Items',''),(19645,'2018-05-22 10:35:22','Administrator 2',2,'Item',''),(19646,'2018-05-22 10:35:25','Administrator 2',2,'Items',''),(19647,'2018-05-22 10:35:28','Test Administrator - No 1',2,'Master Data',''),(19648,'2018-05-22 10:35:33','Administrator 2',2,'Item',''),(19649,'2018-05-22 10:35:34','Test Administrator - No 1',2,'Product Type',''),(19650,'2018-05-22 10:35:39','Administrator 2',2,'Items',''),(19651,'2018-05-22 10:35:42','Administrator 2',2,'Item Images',''),(19652,'2018-05-22 10:35:44','Test Administrator - No 1',2,'Master Data',''),(19653,'2018-05-22 10:35:56','Administrator 2',2,'Item Images',''),(19654,'2018-05-22 10:36:07','Administrator 2',2,'Item Images',''),(19655,'2018-05-22 10:36:11','Test Administrator - No 1',1,'Model Field','Model ID : 10,Field ID : 3'),(19656,'2018-05-22 10:36:12','Administrator 2',2,'Items',''),(19657,'2018-05-22 10:36:22','Test Administrator - No 1',1,'Model Field','Model ID : 10,Field ID : 4'),(19658,'2018-05-22 10:36:44','Test Administrator - No 1',5,'model_field','ID: 14'),(19659,'2018-05-22 10:36:57','Test Administrator - No 1',5,'model_field','ID: 13'),(19660,'2018-05-22 10:37:03','Administrator 2',2,'Item Images',''),(19661,'2018-05-22 10:37:03','Test Administrator - No 1',2,'Master Data',''),(19662,'2018-05-22 10:37:07','Administrator 2',2,'Items',''),(19663,'2018-05-22 10:37:16','Test Administrator - No 1',2,'Master Data',''),(19664,'2018-05-22 10:37:17','Administrator 2',2,'Item Images',''),(19665,'2018-05-22 10:43:30','Test Administrator - No 1',2,'Item Images',''),(19666,'2018-05-22 10:44:44','Test Administrator - No 1',2,'Master Data',''),(19667,'2018-05-22 10:45:31','Test Administrator - No 1',2,'Add Item',''),(19668,'2018-05-22 10:45:44','Administrator 2',2,'Item Images',''),(19669,'2018-05-22 10:45:51','Administrator 2',3,'Item Images','Item ID : 6'),(19670,'2018-05-22 10:45:51','Administrator 2',2,'Item Images',''),(19671,'2018-05-22 10:45:56','Administrator 2',3,'Item Images','Item ID : 6'),(19672,'2018-05-22 10:45:57','Administrator 2',2,'Item Images',''),(19673,'2018-05-22 10:46:02','Administrator 2',3,'Item Images','Item ID : 6'),(19674,'2018-05-22 10:46:02','Administrator 2',2,'Item Images',''),(19675,'2018-05-22 10:46:21','Test Administrator - No 1',2,'Add Item Next',''),(19676,'2018-05-22 10:46:30','Test Administrator - No 1',1,'Add Item','ID : 7'),(19677,'2018-05-22 10:46:31','Test Administrator - No 1',2,'Items',''),(19678,'2018-05-22 10:47:59','Test Administrator - No 1',2,'Item Images',''),(19679,'2018-05-22 10:48:03','Test Administrator - No 1',2,'Items',''),(19680,'2018-05-22 10:48:08','Test Administrator - No 1',2,'Item',''),(19681,'2018-05-22 10:48:21','Test Administrator - No 1',2,'Items',''),(19682,'2018-05-22 11:19:07','Test Administrator - No 1',2,'Items',''),(19683,'2018-05-22 11:19:13','Test Administrator - No 1',2,'Item Images',''),(19684,'2018-05-22 11:19:35','Test Administrator - No 1',1,'Image Upload','File Name: 121366716079737.jpg'),(19685,'2018-05-22 11:19:47','Test Administrator - No 1',1,'Image Upload','File Name: 142159486291952.JPG'),(19686,'2018-05-22 11:20:15','Test Administrator - No 1',1,'Image Upload','File Name: 829627183398006.jpg'),(19687,'2018-05-22 11:20:47','Test Administrator - No 1',3,'Item Images','Item ID : 7'),(19688,'2018-05-22 11:20:47','Test Administrator - No 1',2,'Item Images',''),(19689,'2018-05-22 11:20:57','Test Administrator - No 1',2,'Item Images',''),(19690,'2018-05-22 11:21:09','Test Administrator - No 1',11,'Model','Product ID:1'),(19691,'2018-05-22 11:21:16','Test Administrator - No 1',2,'Model','Model ID:10'),(19692,'2018-05-22 11:21:30','Test Administrator - No 1',2,'Item','Item ID:7'),(19693,'2018-05-22 11:26:42','Administrator 2',11,'Model','Product ID:1'),(19694,'2018-05-22 11:26:58','Administrator 2',2,'Master Data',''),(19695,'2018-05-22 11:27:14','Administrator 2',2,'Master Data',''),(19696,'2018-05-22 11:27:47','Test Administrator - No 1',2,'Model','Model ID:10'),(19697,'2018-05-22 11:27:56','Test Administrator - No 1',11,'Model','Product ID:1'),(19698,'2018-05-22 11:28:48','Test Administrator - No 1',2,'Model','Model ID:10'),(19699,'2018-05-22 11:29:15','Test Administrator - No 1',11,'Model','Product ID:1'),(19700,'2018-05-22 11:29:26','Test Administrator - No 1',2,'Master Data',''),(19701,'2018-05-22 11:29:44','Test Administrator - No 1',2,'Master Data',''),(19702,'2018-05-22 11:29:51','Test Administrator - No 1',2,'Item Images',''),(19703,'2018-05-22 11:30:11','Test Administrator - No 1',1,'Image Upload','File Name: 130914441180291.jpg'),(19704,'2018-05-22 11:30:32','Test Administrator - No 1',2,'Items',''),(19705,'2018-05-22 11:30:56','Administrator 2',2,'Master Data',''),(19706,'2018-05-22 11:30:58','Test Administrator - No 1',2,'Item Images',''),(19707,'2018-05-22 11:31:02','Test Administrator - No 1',2,'Items',''),(19708,'2018-05-22 11:31:06','Test Administrator - No 1',2,'Master Data',''),(19709,'2018-05-22 11:31:09','Administrator 2',2,'Item Images',''),(19710,'2018-05-22 11:31:11','Test Administrator - No 1',2,'Item Images',''),(19711,'2018-05-22 11:31:13','Administrator 2',2,'Master Data',''),(19712,'2018-05-22 11:31:24','Test Administrator - No 1',1,'Image Upload','File Name: 194444913530948.jpg'),(19713,'2018-05-22 11:31:31','Administrator 2',2,'Master Data',''),(19714,'2018-05-22 11:31:34','Test Administrator - No 1',2,'Item Images',''),(19715,'2018-05-22 11:31:35','Administrator 2',2,'Item Images',''),(19716,'2018-05-23 03:09:37','Test Administrator - No 1',8,'Login Success','Username: Test Administrator - No 1|IP: 112.134.6.99'),(19717,'2018-05-23 03:31:00','Test Administrator - No 1',2,'Master Data',''),(19718,'2018-05-23 03:31:07','Test Administrator - No 1',2,'Item Images',''),(19719,'2018-05-23 03:31:11','Test Administrator - No 1',3,'Model Image','Model ID : 5'),(19720,'2018-05-23 03:31:11','Test Administrator - No 1',2,'Item Images',''),(19721,'2018-05-23 03:31:23','Test Administrator - No 1',2,'Item Images',''),(19722,'2018-05-23 03:31:26','Test Administrator - No 1',2,'Master Data',''),(19723,'2018-05-23 03:31:33','Test Administrator - No 1',2,'Item Images',''),(19724,'2018-05-23 04:44:37','Test Administrator - No 1',11,'Model','Product ID:1'),(19725,'2018-05-23 04:44:39','Test Administrator - No 1',2,'Model','Model ID:2'),(19726,'2018-05-23 08:57:56','Guest',12,'Login Fail','Username: ADMIN1|IP: 182.161.10.126'),(19727,'2018-05-23 08:58:12','Test Administrator - No 1',8,'Login Success','Username: Test Administrator - No 1|IP: 182.161.10.126'),(19728,'2018-05-23 08:58:20','Test Administrator - No 1',2,'Master Data',''),(19729,'2018-05-23 08:58:32','Test Administrator - No 1',2,'Master Data',''),(19730,'2018-05-23 08:58:37','Test Administrator - No 1',2,'Item Images',''),(19731,'2018-05-23 08:58:50','Test Administrator - No 1',1,'Image Upload','File Name: 256651721777036.jpg'),(19732,'2018-05-23 08:58:56','Test Administrator - No 1',3,'Model Image','Model ID : 10'),(19733,'2018-05-23 08:58:56','Test Administrator - No 1',2,'Item Images',''),(19734,'2018-05-23 08:59:12','Test Administrator - No 1',11,'Model','Product ID:1'),(19735,'2018-05-23 08:59:20','Test Administrator - No 1',2,'Model','Model ID:10'),(19736,'2018-05-23 08:59:44','Test Administrator - No 1',2,'Model','Model ID:10'),(19737,'2018-05-23 08:59:51','Test Administrator - No 1',2,'Item','Item ID:7'),(19738,'2018-05-23 08:59:58','Test Administrator - No 1',2,'Item','Item ID:6'),(19739,'2018-05-23 09:00:03','Test Administrator - No 1',2,'Item Images',''),(19740,'2018-05-23 09:00:09','Test Administrator - No 1',2,'Master Data',''),(19741,'2018-05-23 09:00:11','Test Administrator - No 1',2,'GRN',''),(19742,'2018-05-23 09:00:15','Test Administrator - No 1',2,'Master Data',''),(19743,'2018-05-23 09:00:32','Test Administrator - No 1',2,'Items',''),(19744,'2018-05-23 09:00:34','Test Administrator - No 1',2,'Users',''),(19745,'2018-05-23 09:00:40','Test Administrator - No 1',2,'Items',''),(19746,'2018-05-23 09:00:44','Test Administrator - No 1',2,'Items',''),(19747,'2018-05-23 09:01:43','Test Administrator - No 1',2,'Model','Model ID:10'),(19748,'2018-05-23 09:01:46','Test Administrator - No 1',2,'Item','Item ID:7'),(19749,'2018-05-23 09:01:57','Test Administrator - No 1',11,'Item',''),(19750,'2018-05-23 09:02:55','Test Administrator - No 1',11,'Item',''),(19751,'2018-05-23 09:04:47','Test Administrator - No 1',1,'Grn','ID : 6'),(19752,'2018-05-23 09:04:47','Test Administrator - No 1',2,'Items',''),(19753,'2018-05-23 09:05:02','Test Administrator - No 1',2,'Items',''),(19754,'2018-05-23 09:05:25','Test Administrator - No 1',2,'Item Images',''),(19755,'2018-05-23 09:06:50','Test Administrator - No 1',11,'Model','Product ID:2'),(19756,'2018-05-23 09:07:01','Test Administrator - No 1',11,'Model','Product ID:2'),(19757,'2018-05-23 09:07:11','Test Administrator - No 1',11,'Model','Product ID:3'),(19758,'2018-05-23 09:07:15','Test Administrator - No 1',11,'Model','Product ID:4'),(19759,'2018-05-23 09:07:23','Test Administrator - No 1',11,'Model','Product ID:1'),(19760,'2018-05-23 11:26:23','Guest',11,'Model','Product ID:1'),(19761,'2018-05-23 11:26:27','Guest',2,'Model','Model ID:2'),(19762,'2018-05-23 11:26:35','Guest',2,'Item','Item ID:2'),(19763,'2018-05-23 11:26:38','Guest',1,'Cart Item','Item ID:2'),(19764,'2018-05-23 11:26:40','Guest',2,'Item','Item ID:2'),(19765,'2018-05-23 11:26:43','Guest',2,'Shopping Cart',''),(19766,'2018-05-23 11:26:47','Guest',2,'Order Process',''),(19767,'2018-05-23 11:27:11','Guest',8,'Customer','Customer ID:2'),(19768,'2018-05-23 11:27:13','Guest',2,'Order Process',''),(19769,'2018-05-23 11:27:16','Guest',1,'Order','Order ID:2'),(19770,'2018-05-23 11:29:12','Guest',2,'Shopping Cart',''),(19771,'2018-05-23 11:29:21','Guest',11,'Model','Product ID:1'),(19772,'2018-05-23 11:29:26','Guest',2,'Model','Model ID:2'),(19773,'2018-05-23 11:29:32','Guest',2,'Item','Item ID:2'),(19774,'2018-05-23 11:29:35','Guest',1,'Cart Item','Item ID:2'),(19775,'2018-05-23 11:29:38','Guest',2,'Item','Item ID:2'),(19776,'2018-05-23 11:29:41','Guest',2,'Shopping Cart',''),(19777,'2018-05-23 11:29:45','Guest',2,'Order Process',''),(19778,'2018-05-23 11:29:48','Guest',1,'Order','Order ID:3'),(19779,'2018-05-23 11:29:48','Guest',2,'Shipping Details',''),(19780,'2018-05-23 11:30:23','Guest',1,'Shipping Profile','2'),(19781,'2018-05-23 11:30:25','Guest',2,'Shipping Details',''),(19782,'2018-05-24 04:08:37','Guest',11,'Model','Product ID:1'),(19783,'2018-05-24 04:08:40','Guest',2,'Model','Model ID:2'),(19784,'2018-05-24 04:08:50','Guest',2,'Item','Item ID:2'),(19785,'2018-05-24 04:08:54','Guest',1,'Cart Item','Item ID:2'),(19786,'2018-05-24 04:08:56','Guest',2,'Item','Item ID:2'),(19787,'2018-05-24 04:09:04','Guest',2,'Shopping Cart',''),(19788,'2018-05-24 04:09:10','Guest',2,'Order Process',''),(19789,'2018-05-24 04:09:27','Guest',8,'Customer','Customer ID:2'),(19790,'2018-05-24 04:09:30','Guest',2,'Order Process',''),(19791,'2018-05-24 04:10:36','Guest',2,'Shopping Cart',''),(19792,'2018-05-24 04:10:37','Guest',11,'Model','Product ID:1'),(19793,'2018-05-24 04:10:41','Guest',2,'Model','Model ID:2'),(19794,'2018-05-24 04:10:47','Guest',2,'Item','Item ID:2'),(19795,'2018-05-24 04:10:50','Guest',1,'Cart Item','Item ID:2'),(19796,'2018-05-24 04:10:52','Guest',2,'Item','Item ID:2'),(19797,'2018-05-24 04:11:02','Guest',2,'Shopping Cart',''),(19798,'2018-05-24 04:11:05','Guest',2,'Order Process',''),(19799,'2018-05-24 04:11:08','Guest',1,'Order','Order ID:5'),(19800,'2018-05-24 04:11:08','Guest',2,'Shipping Details',''),(19801,'2018-05-24 04:23:25','Guest',11,'Model','Product ID:1'),(19802,'2018-05-24 04:23:29','Guest',2,'Model','Model ID:2'),(19803,'2018-05-24 04:23:35','Guest',2,'Item','Item ID:2'),(19804,'2018-05-24 04:23:38','Guest',1,'Cart Item','Item ID:2'),(19805,'2018-05-24 04:23:40','Guest',2,'Item','Item ID:2'),(19806,'2018-05-24 04:23:45','Guest',2,'Shopping Cart',''),(19807,'2018-05-24 04:23:47','Guest',2,'Order Process',''),(19808,'2018-05-24 04:26:38','Guest',11,'Model','Product ID:1'),(19809,'2018-05-24 04:26:41','Guest',2,'Model','Model ID:2'),(19810,'2018-05-24 04:26:52','Guest',2,'Item','Item ID:2'),(19811,'2018-05-24 04:26:55','Guest',1,'Cart Item','Item ID:2'),(19812,'2018-05-24 04:26:57','Guest',2,'Item','Item ID:2'),(19813,'2018-05-24 04:27:01','Guest',2,'Shopping Cart',''),(19814,'2018-05-24 04:27:04','Guest',2,'Order Process',''),(19815,'2018-05-24 04:27:12','Guest',0,'','Order Created'),(19816,'2018-05-24 04:27:12','Guest',1,'Order','Order ID:7'),(19817,'2018-05-24 04:27:12','Guest',2,'Shipping Details',''),(19818,'2018-05-24 06:24:08','Guest',11,'Model','Product ID:1'),(19819,'2018-05-24 06:24:10','Guest',2,'Model','Model ID:2'),(19820,'2018-05-24 06:24:15','Guest',2,'Item','Item ID:2'),(19821,'2018-05-24 06:24:19','Guest',1,'Cart Item','Item ID:2'),(19822,'2018-05-24 06:24:21','Guest',2,'Item','Item ID:2'),(19823,'2018-05-24 06:24:34','Guest',2,'Shopping Cart',''),(19824,'2018-05-24 06:24:50','Guest',2,'Order Process',''),(19825,'2018-05-24 06:24:55','Guest',0,'','Your Order Detail: ORD/1007'),(19826,'2018-05-24 06:24:55','Guest',1,'Order','Order ID:8'),(19827,'2018-05-24 06:24:56','Guest',2,'Shipping Details',''),(19828,'2018-05-24 06:29:56','Guest',2,'Model','Model ID:2'),(19829,'2018-05-24 06:30:02','Guest',2,'Item','Item ID:2'),(19830,'2018-05-24 06:30:06','Guest',1,'Cart Item','Item ID:2'),(19831,'2018-05-24 06:30:09','Guest',2,'Item','Item ID:2'),(19832,'2018-05-24 06:30:12','Guest',2,'Shopping Cart',''),(19833,'2018-05-24 06:30:15','Guest',2,'Order Process',''),(19834,'2018-05-24 06:30:19','Guest',0,'','Your Order Detail: ORD/1008'),(19835,'2018-05-24 06:30:19','Guest',1,'Order','Order ID:9'),(19836,'2018-05-24 06:30:19','Guest',2,'Shipping Details',''),(19837,'2018-05-24 07:30:24','Guest',2,'Model','Model ID:2'),(19838,'2018-05-24 07:30:36','Guest',2,'Item','Item ID:2'),(19839,'2018-05-24 07:30:38','Guest',1,'Cart Item','Item ID:2'),(19840,'2018-05-24 07:30:42','Guest',2,'Item','Item ID:2'),(19841,'2018-05-24 07:30:46','Guest',2,'Shopping Cart',''),(19842,'2018-05-24 07:30:49','Guest',2,'Order Process',''),(19843,'2018-05-24 07:30:52','Guest',0,'','Your Order Detail: ORD/1009'),(19844,'2018-05-24 07:30:52','Guest',1,'Order','Order ID:10'),(19845,'2018-05-24 07:30:52','Guest',2,'Shipping Details',''),(19846,'2018-05-24 07:32:11','Guest',2,'Model','Model ID:2'),(19847,'2018-05-24 07:32:17','Guest',2,'Item','Item ID:2'),(19848,'2018-05-24 07:32:20','Guest',1,'Cart Item','Item ID:2'),(19849,'2018-05-24 07:32:22','Guest',2,'Item','Item ID:2'),(19850,'2018-05-24 07:32:31','Guest',2,'Shopping Cart',''),(19851,'2018-05-24 07:32:34','Guest',2,'Order Process',''),(19852,'2018-05-24 07:32:37','Guest',0,'','Your Order Detail: ORD/1010'),(19853,'2018-05-24 07:33:11','Guest',2,'Model','Model ID:2'),(19854,'2018-05-24 07:33:18','Guest',2,'Item','Item ID:2'),(19855,'2018-05-24 07:33:20','Guest',1,'Cart Item','Item ID:2'),(19856,'2018-05-24 07:33:22','Guest',2,'Item','Item ID:2'),(19857,'2018-05-24 07:33:29','Guest',2,'Shopping Cart',''),(19858,'2018-05-24 07:33:31','Guest',2,'Order Process',''),(19859,'2018-05-24 07:33:34','Guest',0,'','Your Order Detail: ORD/1011'),(19860,'2018-05-24 07:33:34','Guest',1,'Order','Order ID:12'),(19861,'2018-05-24 07:33:34','Guest',2,'Shipping Details',''),(19862,'2018-05-24 07:42:33','Guest',2,'Model','Model ID:2'),(19863,'2018-05-24 07:42:40','Guest',2,'Item','Item ID:2'),(19864,'2018-05-24 07:42:44','Guest',1,'Cart Item','Item ID:2'),(19865,'2018-05-24 07:42:47','Guest',2,'Item','Item ID:2'),(19866,'2018-05-24 07:42:51','Guest',2,'Shopping Cart',''),(19867,'2018-05-24 07:42:53','Guest',2,'Order Process',''),(19868,'2018-05-24 07:42:57','Guest',0,'','Your Order Detail: ORD/1012'),(19869,'2018-05-24 07:46:00','Guest',2,'Model','Model ID:2'),(19870,'2018-05-24 07:46:06','Guest',2,'Item','Item ID:2'),(19871,'2018-05-24 07:46:09','Guest',1,'Cart Item','Item ID:2'),(19872,'2018-05-24 07:46:12','Guest',2,'Item','Item ID:2'),(19873,'2018-05-24 07:46:17','Guest',2,'Shopping Cart',''),(19874,'2018-05-24 07:46:20','Guest',2,'Order Process',''),(19875,'2018-05-24 07:46:23','Guest',0,'','Your Order Detail: ORD/1013'),(19876,'2018-05-24 07:46:23','Guest',1,'Order','Order ID:14'),(19877,'2018-05-24 07:46:24','Guest',2,'Shipping Details',''),(19878,'2018-05-24 07:47:43','Guest',2,'Model','Model ID:2'),(19879,'2018-05-24 07:47:51','Guest',2,'Item','Item ID:2'),(19880,'2018-05-24 07:47:55','Guest',1,'Cart Item','Item ID:2'),(19881,'2018-05-24 07:47:58','Guest',2,'Item','Item ID:2'),(19882,'2018-05-24 07:48:35','Guest',2,'Shopping Cart',''),(19883,'2018-05-24 07:48:41','Guest',2,'Order Process',''),(19884,'2018-05-24 07:48:50','Guest',0,'','Your Order Detail: ORD/1014'),(19885,'2018-05-24 07:48:50','Guest',1,'Order','Order ID:15'),(19886,'2018-05-24 07:48:50','Guest',2,'Shipping Details',''),(19887,'2018-05-24 07:52:49','Guest',2,'Model','Model ID:2'),(19888,'2018-05-24 07:52:55','Guest',2,'Item','Item ID:2'),(19889,'2018-05-24 07:52:57','Guest',1,'Cart Item','Item ID:2'),(19890,'2018-05-24 07:53:00','Guest',2,'Item','Item ID:2'),(19891,'2018-05-24 07:56:21','Guest',2,'Model','Model ID:2'),(19892,'2018-05-24 07:56:28','Guest',2,'Item','Item ID:2'),(19893,'2018-05-24 07:56:36','Guest',2,'Shopping Cart',''),(19894,'2018-05-24 07:56:39','Guest',2,'Order Process',''),(19895,'2018-05-24 07:56:42','Guest',0,'','Your Order Detail: ORD/1015'),(19896,'2018-05-24 07:56:42','Guest',1,'Order','Order ID:16'),(19897,'2018-05-24 07:56:42','Guest',2,'Shipping Details',''),(19898,'2018-05-24 07:57:30','Guest',2,'Model','Model ID:2'),(19899,'2018-05-24 08:01:25','Guest',2,'Model','Model ID:2'),(19900,'2018-05-24 08:01:32','Guest',2,'Item','Item ID:2'),(19901,'2018-05-24 08:01:36','Guest',1,'Cart Item','Item ID:2'),(19902,'2018-05-24 08:01:37','Guest',2,'Item','Item ID:2'),(19903,'2018-05-24 08:01:42','Guest',2,'Shopping Cart',''),(19904,'2018-05-24 08:01:46','Guest',2,'Order Process',''),(19905,'2018-05-24 08:01:50','Guest',0,'','Your Order Detail: ORD/1016'),(19906,'2018-05-24 08:01:50','Guest',1,'Order','Order ID:17'),(19907,'2018-05-24 08:01:51','Guest',2,'Shipping Details',''),(19908,'2018-05-24 09:24:30','Guest',2,'Shipping Details',''),(19909,'2018-05-24 11:10:55','Guest',2,'Model','Model ID:2'),(19910,'2018-05-24 11:12:24','Guest',2,'Item','Item ID:2'),(19911,'2018-05-24 11:12:30','Guest',1,'Cart Item','Item ID:2'),(19912,'2018-05-24 11:12:32','Guest',2,'Item','Item ID:2'),(19913,'2018-05-24 11:12:36','Guest',2,'Shopping Cart',''),(19914,'2018-05-24 11:17:04','Guest',2,'Order Process',''),(19915,'2018-05-24 11:17:22','Guest',8,'Customer','Customer ID:2'),(19916,'2018-05-24 11:19:06','Guest',2,'Shopping Cart',''),(19917,'2018-05-24 11:19:10','Guest',2,'Order Process',''),(19918,'2018-05-24 11:19:31','Guest',8,'Customer','Customer ID:2'),(19919,'2018-05-24 11:19:33','Guest',2,'Order Process',''),(19920,'2018-05-24 11:19:38','Guest',0,'','Your Order Detail: ORD/1017'),(19921,'2018-05-24 11:19:38','Guest',1,'Order','Order ID:18'),(19922,'2018-05-24 11:19:38','Guest',2,'Shipping Details',''),(19923,'2018-05-24 11:35:04','Guest',11,'Model','Product ID:1'),(19924,'2018-05-24 11:35:09','Guest',2,'Model','Model ID:2'),(19925,'2018-05-24 11:35:17','Guest',2,'Item','Item ID:2'),(19926,'2018-05-24 11:35:20','Guest',1,'Cart Item','Item ID:2'),(19927,'2018-05-24 11:35:22','Guest',2,'Item','Item ID:2'),(19928,'2018-05-24 11:35:28','Guest',2,'Shopping Cart',''),(19929,'2018-05-24 11:35:34','Guest',2,'Order Process',''),(19930,'2018-05-24 11:35:38','Guest',0,'','Your Order Detail: ORD/1018'),(19931,'2018-05-24 11:35:38','Guest',1,'Order','Order ID:19'),(19932,'2018-05-24 11:35:38','Guest',2,'Shipping Details',''),(19933,'2018-05-25 05:52:13','Guest',11,'Model','Product ID:1'),(19934,'2018-05-25 05:52:18','Guest',2,'Model','Model ID:2'),(19935,'2018-05-25 05:52:24','Guest',2,'Item','Item ID:2'),(19936,'2018-05-25 05:52:31','Guest',1,'Cart Item','Item ID:2'),(19937,'2018-05-25 05:52:33','Guest',2,'Item','Item ID:2'),(19938,'2018-05-25 05:52:38','Guest',2,'Shopping Cart',''),(19939,'2018-05-25 05:52:41','Guest',2,'Order Process',''),(19940,'2018-05-25 05:52:59','Guest',8,'Customer','Customer ID:2'),(19941,'2018-05-25 05:53:02','Guest',2,'Order Process',''),(19942,'2018-05-25 05:53:12','Guest',0,'','Your Order Detail: ORD/1019'),(19943,'2018-05-25 05:53:13','Guest',1,'Order','Order ID:20'),(19944,'2018-05-25 05:53:13','Guest',2,'Shipping Details',''),(19945,'2018-05-25 05:53:26','Guest',2,'Shipping Details',''),(19946,'2018-05-25 05:54:09','Guest',1,'Shipping Profile','2'),(19947,'2018-05-25 05:54:11','Guest',2,'Shipping Details',''),(19948,'2018-05-25 05:54:20','Guest',2,'Shipping Details',''),(19949,'2018-05-25 05:54:21','Guest',2,'Shipping Details',''),(19950,'2018-05-25 05:54:21','Guest',2,'Shipping Details',''),(19951,'2018-05-25 05:54:21','Guest',2,'Shipping Details',''),(19952,'2018-05-25 05:54:21','Guest',2,'Shipping Details',''),(19953,'2018-05-25 06:06:02','Guest',2,'Shipping Details',''),(19954,'2018-05-25 06:06:03','Guest',2,'Shipping Details',''),(19955,'2018-05-25 06:06:03','Guest',2,'Shipping Details',''),(19956,'2018-05-25 06:06:03','Guest',2,'Shipping Details',''),(19957,'2018-05-25 06:06:03','Guest',2,'Shipping Details',''),(19958,'2018-05-25 06:06:05','Guest',2,'Shipping Details',''),(19959,'2018-05-25 06:06:05','Guest',2,'Shipping Details',''),(19960,'2018-05-25 06:06:05','Guest',2,'Shipping Details',''),(19961,'2018-05-25 06:06:06','Guest',2,'Shipping Details',''),(19962,'2018-05-25 06:06:06','Guest',2,'Shipping Details',''),(19963,'2018-05-25 06:17:02','Guest',2,'Shipping Details',''),(19964,'2018-05-25 06:17:05','Guest',2,'Shipping Details',''),(19965,'2018-05-25 06:17:05','Guest',2,'Shipping Details',''),(19966,'2018-05-25 06:17:05','Guest',2,'Shipping Details',''),(19967,'2018-05-25 06:17:05','Guest',2,'Shipping Details',''),(19968,'2018-05-25 06:17:40','Guest',2,'Shipping Details',''),(19969,'2018-05-25 06:17:44','Guest',2,'Shipping Details',''),(19970,'2018-05-25 06:17:44','Guest',2,'Shipping Details',''),(19971,'2018-05-25 06:17:44','Guest',2,'Shipping Details',''),(19972,'2018-05-25 06:17:44','Guest',2,'Shipping Details',''),(19973,'2018-05-25 06:51:22','Guest',2,'Shipping Details',''),(19974,'2018-05-25 06:51:26','Guest',2,'Shipping Details',''),(19975,'2018-05-25 06:51:26','Guest',2,'Shipping Details',''),(19976,'2018-05-25 06:51:26','Guest',2,'Shipping Details',''),(19977,'2018-05-25 06:51:27','Guest',2,'Shipping Details',''),(19978,'2018-05-25 06:51:39','Guest',2,'Shipping Details',''),(19979,'2018-05-25 06:51:40','Guest',2,'Shipping Details',''),(19980,'2018-05-25 06:51:40','Guest',2,'Shipping Details',''),(19981,'2018-05-25 06:51:40','Guest',2,'Shipping Details',''),(19982,'2018-05-25 06:51:40','Guest',2,'Shipping Details',''),(19983,'2018-05-25 06:51:50','Guest',2,'Shipping Details',''),(19984,'2018-05-25 06:51:51','Guest',2,'Shipping Details',''),(19985,'2018-05-25 06:51:51','Guest',2,'Shipping Details',''),(19986,'2018-05-25 06:51:51','Guest',2,'Shipping Details',''),(19987,'2018-05-25 06:51:51','Guest',2,'Shipping Details',''),(19988,'2018-05-25 06:52:17','Guest',1,'Shipping Profile','2'),(19989,'2018-05-25 06:52:19','Guest',2,'Shipping Details',''),(19990,'2018-05-25 06:52:20','Guest',2,'Shipping Details',''),(19991,'2018-05-25 06:52:20','Guest',2,'Shipping Details',''),(19992,'2018-05-25 06:52:20','Guest',2,'Shipping Details',''),(19993,'2018-05-25 06:52:20','Guest',2,'Shipping Details',''),(19994,'2018-05-25 06:52:28','Guest',2,'Shipping Details',''),(19995,'2018-05-25 06:52:29','Guest',2,'Shipping Details',''),(19996,'2018-05-25 06:52:29','Guest',2,'Shipping Details',''),(19997,'2018-05-25 06:52:29','Guest',2,'Shipping Details',''),(19998,'2018-05-25 06:52:29','Guest',2,'Shipping Details',''),(19999,'2018-05-25 06:53:51','Guest',2,'Shipping Details',''),(20000,'2018-05-25 06:53:52','Guest',2,'Shipping Details',''),(20001,'2018-05-25 06:53:53','Guest',2,'Shipping Details',''),(20002,'2018-05-25 06:53:53','Guest',2,'Shipping Details',''),(20003,'2018-05-25 06:53:53','Guest',2,'Shipping Details',''),(20004,'2018-05-25 06:54:07','Guest',2,'Shipping Details',''),(20005,'2018-05-25 06:54:10','Guest',2,'Shipping Details',''),(20006,'2018-05-25 06:54:11','Guest',2,'Shipping Details',''),(20007,'2018-05-25 06:54:11','Guest',2,'Shipping Details',''),(20008,'2018-05-25 06:54:11','Guest',2,'Shipping Details',''),(20009,'2018-05-25 06:54:12','Guest',2,'Shipping Details',''),(20010,'2018-05-25 06:54:43','Guest',2,'Shipping Details',''),(20011,'2018-05-25 06:54:43','Guest',2,'Shipping Details',''),(20012,'2018-05-25 06:54:44','Guest',2,'Shipping Details',''),(20013,'2018-05-25 06:54:44','Guest',2,'Shipping Details',''),(20014,'2018-05-25 06:54:44','Guest',2,'Shipping Details',''),(20015,'2018-05-25 06:54:57','Guest',1,'Shipping Profile','2'),(20016,'2018-05-25 06:55:00','Guest',2,'Shipping Details',''),(20017,'2018-05-25 06:55:00','Guest',2,'Shipping Details',''),(20018,'2018-05-25 06:55:01','Guest',2,'Shipping Details',''),(20019,'2018-05-25 06:55:01','Guest',2,'Shipping Details',''),(20020,'2018-05-25 06:55:02','Guest',2,'Shipping Details',''),(20021,'2018-05-25 06:55:59','Guest',2,'Shipping Details',''),(20022,'2018-05-25 06:56:00','Guest',2,'Shipping Details',''),(20023,'2018-05-25 06:56:01','Guest',2,'Shipping Details',''),(20024,'2018-05-25 06:56:01','Guest',2,'Shipping Details',''),(20025,'2018-05-25 06:56:01','Guest',2,'Shipping Details',''),(20026,'2018-05-25 06:56:30','Guest',1,'Shipping Profile','2'),(20027,'2018-05-25 06:56:33','Guest',2,'Shipping Details',''),(20028,'2018-05-25 06:56:34','Guest',2,'Shipping Details',''),(20029,'2018-05-25 06:56:34','Guest',2,'Shipping Details',''),(20030,'2018-05-25 06:56:35','Guest',2,'Shipping Details',''),(20031,'2018-05-25 06:56:35','Guest',2,'Shipping Details',''),(20032,'2018-05-25 06:57:11','Guest',1,'Shipping Profile','2'),(20033,'2018-05-25 06:57:19','Guest',2,'Shipping Details',''),(20034,'2018-05-25 06:57:20','Guest',2,'Shipping Details',''),(20035,'2018-05-25 06:57:21','Guest',2,'Shipping Details',''),(20036,'2018-05-25 06:57:21','Guest',2,'Shipping Details',''),(20037,'2018-05-25 06:57:21','Guest',2,'Shipping Details',''),(20038,'2018-05-25 07:00:20','Guest',2,'Shipping Details',''),(20039,'2018-05-25 07:00:24','Guest',2,'Shipping Details',''),(20040,'2018-05-25 07:00:24','Guest',2,'Shipping Details',''),(20041,'2018-05-25 07:00:24','Guest',2,'Shipping Details',''),(20042,'2018-05-25 07:00:25','Guest',2,'Shipping Details',''),(20043,'2018-05-25 07:00:50','Guest',1,'Shipping Profile','2'),(20044,'2018-05-25 07:38:19','Guest',2,'Shipping Details',''),(20045,'2018-05-25 07:38:21','Guest',2,'Shipping Details',''),(20046,'2018-05-25 07:38:21','Guest',2,'Shipping Details',''),(20047,'2018-05-25 07:38:21','Guest',2,'Shipping Details',''),(20048,'2018-05-25 07:38:21','Guest',2,'Shipping Details',''),(20049,'2018-05-25 07:38:21','Guest',2,'Shipping Details',''),(20050,'2018-05-25 07:39:26','Guest',2,'Shipping Details',''),(20051,'2018-05-25 07:39:27','Guest',2,'Shipping Details',''),(20052,'2018-05-25 07:39:27','Guest',2,'Shipping Details',''),(20053,'2018-05-25 07:39:28','Guest',2,'Shipping Details',''),(20054,'2018-05-25 07:39:28','Guest',2,'Shipping Details',''),(20055,'2018-05-25 07:41:20','Guest',2,'Shipping Details',''),(20056,'2018-05-25 07:41:24','Guest',2,'Shipping Details',''),(20057,'2018-05-25 07:41:24','Guest',2,'Shipping Details',''),(20058,'2018-05-25 07:41:24','Guest',2,'Shipping Details',''),(20059,'2018-05-25 07:41:25','Guest',2,'Shipping Details',''),(20060,'2018-05-25 07:41:25','Guest',2,'Shipping Details',''),(20061,'2018-05-25 07:41:41','Guest',1,'Shipping Profile','2'),(20062,'2018-05-25 07:41:43','Guest',2,'Shipping Details',''),(20063,'2018-05-25 07:41:44','Guest',2,'Shipping Details',''),(20064,'2018-05-25 07:41:44','Guest',2,'Shipping Details',''),(20065,'2018-05-25 07:41:44','Guest',2,'Shipping Details',''),(20066,'2018-05-25 07:41:44','Guest',2,'Shipping Details',''),(20067,'2018-05-25 07:42:00','Guest',1,'Shipping Profile','2'),(20068,'2018-05-25 07:42:02','Guest',2,'Shipping Details',''),(20069,'2018-05-25 07:42:03','Guest',2,'Shipping Details',''),(20070,'2018-05-25 07:42:03','Guest',2,'Shipping Details',''),(20071,'2018-05-25 07:42:03','Guest',2,'Shipping Details',''),(20072,'2018-05-25 07:42:03','Guest',2,'Shipping Details',''),(20073,'2018-05-25 08:35:48','Guest',11,'Model','Product ID:1'),(20074,'2018-05-25 08:36:00','Guest',2,'Model','Model ID:10'),(20075,'2018-05-25 08:36:24','Guest',11,'Model','Product ID:1'),(20076,'2018-05-25 08:36:24','Guest',2,'Model','Model ID:10'),(20077,'2018-05-25 08:36:36','Guest',11,'Model','Product ID:1'),(20078,'2018-05-25 08:36:37','Guest',2,'Model','Model ID:10'),(20079,'2018-05-25 08:36:49','Guest',2,'Model','Model ID:10'),(20080,'2018-05-25 08:36:52','Guest',11,'Model','Product ID:1'),(20081,'2018-05-25 08:36:56','Guest',2,'Model','Model ID:3'),(20082,'2018-05-25 08:37:23','Guest',11,'Model','Product ID:1'),(20083,'2018-05-25 08:37:46','Guest',2,'Model','Model ID:5'),(20084,'2018-05-25 08:37:57','Guest',2,'Model','Model ID:5'),(20085,'2018-05-25 08:38:02','Guest',11,'Model','Product ID:1'),(20086,'2018-05-25 08:38:07','Guest',2,'Model','Model ID:10'),(20087,'2018-05-25 10:17:18','Guest',11,'Model','Product ID:1'),(20088,'2018-05-25 10:19:30','Guest',2,'Model','Model ID:2'),(20089,'2018-05-25 12:27:50','Guest',2,'Model','Model ID:2'),(20090,'2018-05-25 12:27:59','Guest',2,'Item','Item ID:2'),(20091,'2018-05-25 12:28:02','Guest',1,'Cart Item','Item ID:2'),(20092,'2018-05-25 12:28:04','Guest',2,'Item','Item ID:2'),(20093,'2018-05-25 12:28:09','Guest',2,'Shopping Cart',''),(20094,'2018-05-25 12:39:56','Guest',2,'Shopping Cart',''),(20095,'2018-05-25 12:40:09','Guest',2,'Shopping Cart',''),(20096,'2018-06-01 11:47:21','Guest',11,'Model','Product ID:1'),(20097,'2018-06-01 11:47:29','Guest',2,'Model','Model ID:10'),(20098,'2018-06-01 11:47:33','Guest',11,'Model','Product ID:1'),(20099,'2018-06-01 11:47:43','Guest',2,'Model','Model ID:10'),(20100,'2018-06-01 11:48:00','Guest',2,'Model','Model ID:10'),(20101,'2018-06-01 11:48:45','Guest',2,'Item','Item ID:6'),(20102,'2018-06-01 11:49:17','Guest',2,'Item','Item ID:6'),(20103,'2018-06-01 11:49:29','Guest',11,'Model','Product ID:1'),(20104,'2018-06-01 11:49:36','Guest',2,'Model','Model ID:10'),(20105,'2018-06-07 03:29:29','Guest',11,'Model','Product ID:2'),(20106,'2018-06-07 03:40:33','Guest',12,'Login Fail','Username: admin1|IP: 111.223.149.181'),(20107,'2018-06-07 03:40:34','Guest',12,'Login Fail','Username: admin1|IP: 111.223.149.181'),(20108,'2018-06-07 03:40:51','Test Administrator - No 1',8,'Login Success','Username: Test Administrator - No 1|IP: 111.223.149.181'),(20109,'2018-06-07 03:41:20','Test Administrator - No 1',2,'Suppliers',''),(20110,'2018-06-07 03:41:43','Test Administrator - No 1',2,'Users',''),(20111,'2018-06-07 03:42:03','Test Administrator - No 1',2,'Items',''),(20112,'2018-06-07 03:42:09','Test Administrator - No 1',2,'News',''),(20113,'2018-06-07 03:44:08','Test Administrator - No 1',2,'Brands',''),(20114,'2018-06-07 03:44:37','Test Administrator - No 1',2,'Brands',''),(20115,'2018-06-07 04:06:46','Test Administrator - No 1',1,'Image Upload','File Name: 2d4b22d20ce3434ae0203b92bd82c773.jpg'),(20116,'2018-06-07 04:06:54','Test Administrator - No 1',3,'Brand','ID: 1'),(20117,'2018-06-07 04:06:57','Test Administrator - No 1',2,'Brands',''),(20118,'2018-06-07 04:08:27','Test Administrator - No 1',1,'Image Upload','File Name: cc4482786a21eec7f6fdf65dc077465b.jpg'),(20119,'2018-06-07 04:08:32','Test Administrator - No 1',3,'Brand','ID: 2'),(20120,'2018-06-07 04:08:35','Test Administrator - No 1',2,'Brands',''),(20121,'2018-06-07 04:08:50','Test Administrator - No 1',1,'Image Upload','File Name: 725c497712ccd42ca6d8d7b8b9cf0ca3.jpg'),(20122,'2018-06-07 04:09:14','Test Administrator - No 1',1,'Brand','ID: 3'),(20123,'2018-06-07 04:09:17','Test Administrator - No 1',2,'Brands',''),(20124,'2018-06-07 04:09:33','Test Administrator - No 1',11,'Model','Product ID:1'),(20125,'2018-06-07 04:09:55','Test Administrator - No 1',11,'Model','Product ID:1'),(20126,'2018-06-07 04:10:02','Test Administrator - No 1',11,'Model','Product ID:2'),(20127,'2018-06-07 04:10:04','Test Administrator - No 1',11,'Model','Product ID:4'),(20128,'2018-06-07 04:10:07','Test Administrator - No 1',11,'Model','Product ID:3'),(20129,'2018-06-07 04:10:13','Test Administrator - No 1',11,'Model','Product ID:2'),(20130,'2018-06-07 04:10:21','Test Administrator - No 1',11,'Model','Product ID:1'),(20131,'2018-06-07 04:10:38','Test Administrator - No 1',2,'Category',''),(20132,'2018-06-07 04:10:52','Test Administrator - No 1',2,'Branch',''),(20133,'2018-06-07 04:11:04','Test Administrator - No 1',2,'Colors',''),(20134,'2018-06-07 04:11:32','Test Administrator - No 1',2,'Items',''),(20135,'2018-06-07 04:25:38','Guest',12,'Login Fail','Username: admin1|IP: 112.134.6.183'),(20136,'2018-06-07 04:25:53','Test Administrator - No 1',8,'Login Success','Username: Test Administrator - No 1|IP: 112.134.6.183'),(20137,'2018-06-07 04:26:30','Test Administrator - No 1',2,'Items',''),(20138,'2018-06-07 04:26:40','Test Administrator - No 1',2,'Master Data',''),(20139,'2018-06-07 04:26:47','Test Administrator - No 1',2,'Master Data',''),(20140,'2018-06-07 04:27:20','Test Administrator - No 1',2,'Product Type',''),(20141,'2018-06-07 04:27:29','Test Administrator - No 1',2,'Product Type',''),(20142,'2018-06-07 04:29:29','Test Administrator - No 1',2,'Items',''),(20143,'2018-06-07 04:30:31','Test Administrator - No 1',3,'field','ID: 2'),(20144,'2018-06-07 04:30:40','Test Administrator - No 1',2,'Users',''),(20145,'2018-06-07 05:03:27','Test Administrator - No 1',2,'Users',''),(20146,'2018-06-07 05:03:38','Test Administrator - No 1',11,'Model','Product ID:1'),(20147,'2018-06-07 05:32:25','Test Administrator - No 1',9,'Logout','Username: Test Administrator - No 1|IP: 111.223.149.181'),(20148,'2018-06-07 05:32:37','Sulochana',8,'Login Success','Username: Sulochana|IP: 111.223.149.181'),(20149,'2018-06-07 05:32:58','Sulochana',2,'Master Data',''),(20150,'2018-06-07 05:33:07','Sulochana',2,'Master Data',''),(20151,'2018-06-07 05:33:20','Sulochana',2,'Product Type',''),(20152,'2018-06-07 05:33:30','Sulochana',2,'Master Data',''),(20153,'2018-06-07 05:40:18','Sulochana',1,'Model','Name: Esprit'),(20154,'2018-06-07 05:40:21','Sulochana',2,'Master Data',''),(20155,'2018-06-07 05:40:30','Sulochana',2,'Master Data',''),(20156,'2018-06-07 05:45:45','Sulochana',1,'Product','Value: ET19593'),(20157,'2018-06-07 05:45:50','Sulochana',2,'Master Data',''),(20158,'2018-06-07 05:46:09','Sulochana',2,'Product Type',''),(20159,'2018-06-07 05:51:13','Sulochana',2,'Items',''),(20160,'2018-06-07 05:51:22','Sulochana',2,'Add Item',''),(20161,'2018-06-07 05:51:36','Sulochana',2,'Items',''),(20162,'2018-06-07 05:51:55','Sulochana',2,'Add Item',''),(20163,'2018-06-07 06:01:30','Sulochana',2,'Items',''),(20164,'2018-06-07 06:01:35','Sulochana',2,'Master Data',''),(20165,'2018-06-07 06:02:33','Sulochana',2,'Master Data',''),(20166,'2018-06-07 06:02:44','Sulochana',2,'Items',''),(20167,'2018-06-07 06:02:55','Sulochana',2,'Add Item',''),(20168,'2018-06-07 06:03:47','Sulochana',2,'Items',''),(20169,'2018-06-07 06:03:55','Sulochana',2,'Suppliers',''),(20170,'2018-06-07 06:04:03','Sulochana',2,'Master Data',''),(20171,'2018-06-07 06:04:13','Sulochana',2,'Product Type',''),(20172,'2018-06-07 06:04:17','Sulochana',2,'Master Data',''),(20173,'2018-06-07 06:04:42','Sulochana',2,'Items',''),(20174,'2018-06-07 06:04:53','Sulochana',2,'Add Item',''),(20175,'2018-06-07 06:07:19','Sulochana',2,'Add Item',''),(20176,'2018-06-07 06:07:22','Sulochana',2,'Items',''),(20177,'2018-06-07 06:07:37','Sulochana',2,'Users',''),(20178,'2018-06-07 06:07:41','Sulochana',2,'Master Data',''),(20179,'2018-06-07 06:07:50','Sulochana',2,'Product Type',''),(20180,'2018-06-07 06:07:59','Sulochana',2,'Master Data',''),(20181,'2018-06-07 06:08:07','Sulochana',2,'Master Data',''),(20182,'2018-06-07 06:08:36','Sulochana',2,'Master Data',''),(20183,'2018-06-07 06:16:46','Sulochana',2,'Product Type',''),(20184,'2018-06-07 06:16:56','Sulochana',2,'Master Data',''),(20185,'2018-06-07 06:20:00','Sulochana',1,'Model Field','Model ID : 1,Field ID : 4'),(20186,'2018-06-07 06:20:04','Sulochana',1,'Model Field','Model ID : 1,Field ID : 4'),(20187,'2018-06-07 06:20:10','Sulochana',5,'model_field','ID: 2'),(20188,'2018-06-07 06:20:20','Sulochana',1,'Model Field','Model ID : 1,Field ID : 3'),(20189,'2018-06-07 06:20:30','Sulochana',1,'Model Field','Model ID : 1,Field ID : 5'),(20190,'2018-06-07 06:20:38','Sulochana',2,'Master Data',''),(20191,'2018-06-07 06:21:12','Sulochana',2,'Items',''),(20192,'2018-06-07 06:22:50','Sulochana',2,'Items',''),(20193,'2018-06-07 06:22:55','Sulochana',2,'Items',''),(20194,'2018-06-07 06:23:09','Sulochana',2,'Brands',''),(20195,'2018-06-07 06:23:17','Sulochana',2,'Items',''),(20196,'2018-06-07 06:23:29','Sulochana',2,'Add Item',''),(20197,'2018-06-07 06:25:13','Sulochana',2,'Master Data',''),(20198,'2018-06-07 06:29:00','Sulochana',2,'Master Data',''),(20199,'2018-06-07 06:29:14','Sulochana',2,'Master Data',''),(20200,'2018-06-07 06:29:22','Sulochana',2,'Product Type',''),(20201,'2018-06-07 06:29:28','Sulochana',2,'Master Data',''),(20202,'2018-06-07 06:29:57','Sulochana',2,'Master Data',''),(20203,'2018-06-07 06:30:09','Sulochana',2,'Colors',''),(20204,'2018-06-07 06:31:15','Sulochana',1,'Field Value','Value: 547'),(20205,'2018-06-07 06:31:26','Sulochana',2,'Master Data',''),(20206,'2018-06-07 06:31:32','Sulochana',2,'Master Data',''),(20207,'2018-06-07 06:31:51','Sulochana',3,'Select Model Field Values',''),(20208,'2018-06-07 06:31:57','Sulochana',2,'Master Data',''),(20209,'2018-06-07 06:32:41','Sulochana',2,'Add Item',''),(20210,'2018-06-07 08:08:14','Sulochana',2,'Master Data',''),(20211,'2018-06-07 08:08:38','Sulochana',3,'Select Model Field Values',''),(20212,'2018-06-07 08:08:47','Sulochana',2,'Master Data',''),(20213,'2018-06-07 08:08:51','Sulochana',2,'Master Data',''),(20214,'2018-06-07 08:09:10','Sulochana',5,'product_field','ID: 20'),(20215,'2018-06-07 08:09:23','Sulochana',2,'Items',''),(20216,'2018-06-07 08:09:29','Sulochana',2,'Brands',''),(20217,'2018-06-07 08:09:33','Sulochana',2,'Items',''),(20218,'2018-06-07 08:09:43','Sulochana',2,'Add Item',''),(20219,'2018-06-07 08:10:43','Sulochana',2,'Master Data',''),(20220,'2018-06-07 08:11:08','Sulochana',2,'Master Data',''),(20221,'2018-06-07 08:11:12','Sulochana',2,'Product Type',''),(20222,'2018-06-07 08:11:22','Sulochana',2,'Master Data',''),(20223,'2018-06-07 08:11:32','Sulochana',5,'model_field','ID: 1'),(20224,'2018-06-07 08:11:44','Sulochana',2,'Add Item',''),(20225,'2018-06-07 08:12:34','Sulochana',2,'Master Data',''),(20226,'2018-06-07 08:12:37','Sulochana',2,'Master Data',''),(20227,'2018-06-07 08:13:02','Sulochana',2,'Master Data',''),(20228,'2018-06-07 08:13:23','Sulochana',2,'Add Item',''),(20229,'2018-06-07 08:16:37','Sulochana',2,'Master Data',''),(20230,'2018-06-07 08:16:44','Sulochana',2,'Add Item',''),(20231,'2018-06-07 08:18:22','Sulochana',3,'model_field','ID: 1'),(20232,'2018-06-07 08:18:31','Sulochana',3,'Select Model Field Values',''),(20233,'2018-06-07 08:18:37','Sulochana',2,'Add Item',''),(20234,'2018-06-07 08:18:40','Sulochana',2,'Items',''),(20235,'2018-06-07 08:18:44','Sulochana',2,'Items',''),(20236,'2018-06-07 08:18:50','Sulochana',2,'Add Item',''),(20237,'2018-06-07 08:19:21','Sulochana',2,'Master Data',''),(20238,'2018-06-07 08:19:26','Sulochana',2,'Item Images',''),(20239,'2018-06-07 08:19:49','Sulochana',2,'Item Images',''),(20240,'2018-06-07 08:20:06','Sulochana',1,'Image Upload','File Name: 152246442397339.jpg'),(20241,'2018-06-07 08:20:21','Sulochana',3,'Model Image','Model ID : 1'),(20242,'2018-06-07 08:20:22','Sulochana',2,'Item Images',''),(20243,'2018-06-07 08:20:26','Sulochana',2,'Item Images',''),(20244,'2018-06-07 08:20:36','Sulochana',2,'Master Data',''),(20245,'2018-06-07 08:20:58','Sulochana',2,'Master Data',''),(20246,'2018-06-07 08:21:27','Sulochana',2,'Master Data',''),(20247,'2018-06-07 08:21:39','Sulochana',2,'Brands',''),(20248,'2018-06-07 08:23:22','Sulochana',1,'Image Upload','File Name: abf98257adaf1ea2cb003de3f29722cf.jpg'),(20249,'2018-06-07 08:23:39','Sulochana',1,'Brand','ID: 4'),(20250,'2018-06-07 08:25:19','Sulochana',2,'Brands',''),(20251,'2018-06-07 08:25:32','Sulochana',2,'Colors',''),(20252,'2018-06-07 08:25:49','Sulochana',2,'Category',''),(20253,'2018-06-07 08:26:55','Test Administrator - No 1',8,'Login Success','Username: Test Administrator - No 1|IP: 112.134.6.183'),(20254,'2018-06-07 08:27:02','Test Administrator - No 1',2,'Master Data',''),(20255,'2018-06-07 08:27:13','Test Administrator - No 1',2,'Items',''),(20256,'2018-06-07 08:27:27','Test Administrator - No 1',2,'Items',''),(20257,'2018-06-07 08:29:18','Sulochana',2,'GRN',''),(20258,'2018-06-07 08:29:31','Sulochana',11,'Item',''),(20259,'2018-06-07 08:29:35','Sulochana',2,'Category',''),(20260,'2018-06-07 08:29:47','Sulochana',2,'Master Data',''),(20261,'2018-06-07 08:30:02','Sulochana',2,'Master Data',''),(20262,'2018-06-07 08:30:07','Sulochana',2,'Master Data',''),(20263,'2018-06-07 08:30:14','Sulochana',2,'Master Data',''),(20264,'2018-06-07 08:30:25','Sulochana',2,'Master Data',''),(20265,'2018-06-07 08:30:36','Sulochana',5,'product_field','ID: 17'),(20266,'2018-06-07 08:30:46','Sulochana',3,'product_field','ID: 20'),(20267,'2018-06-07 08:30:59','Sulochana',2,'Master Data',''),(20268,'2018-06-07 08:31:11','Sulochana',2,'Master Data',''),(20269,'2018-06-07 08:31:22','Sulochana',5,'product_field','ID: 18'),(20270,'2018-06-07 08:31:37','Sulochana',2,'Add Item',''),(20271,'2018-06-07 08:31:38','Sulochana',2,'Add Item',''),(20272,'2018-06-07 08:31:39','Sulochana',2,'Add Item',''),(20273,'2018-06-07 08:31:39','Sulochana',2,'Add Item',''),(20274,'2018-06-07 08:31:45','Sulochana',2,'Items',''),(20275,'2018-06-07 08:31:50','Sulochana',2,'Add Item',''),(20276,'2018-06-07 08:35:04','Sulochana',2,'Add Item',''),(20277,'2018-06-07 08:59:49','Sulochana',2,'Items',''),(20278,'2018-06-07 09:00:24','Sulochana',2,'Master Data',''),(20279,'2018-06-07 09:01:56','Sulochana',5,'model_field','ID: 1'),(20280,'2018-06-07 09:02:03','Sulochana',2,'Master Data',''),(20281,'2018-06-07 09:02:20','Sulochana',2,'Master Data',''),(20282,'2018-06-07 09:02:28','Sulochana',2,'Master Data',''),(20283,'2018-06-07 09:02:49','Sulochana',2,'Master Data',''),(20284,'2018-06-07 09:02:57','Sulochana',2,'Items',''),(20285,'2018-06-07 09:03:14','Sulochana',2,'Add Item',''),(20286,'2018-06-07 09:03:26','Sulochana',2,'Items',''),(20287,'2018-06-07 09:03:37','Sulochana',2,'Master Data',''),(20288,'2018-06-07 09:05:15','Sulochana',2,'Master Data',''),(20289,'2018-06-07 09:05:22','Sulochana',2,'Items',''),(20290,'2018-06-07 09:05:28','Sulochana',2,'Add Item',''),(20291,'2018-06-07 09:07:21','Sulochana',2,'Add Item Next',''),(20292,'2018-06-07 09:07:52','Test Administrator - No 1',2,'Items',''),(20293,'2018-06-07 09:08:25','Sulochana',1,'Add Item','ID : 1'),(20294,'2018-06-07 09:08:25','Sulochana',2,'Items',''),(20295,'2018-06-07 09:08:31','Sulochana',2,'Item Images',''),(20296,'2018-06-07 09:08:37','Sulochana',2,'Items',''),(20297,'2018-06-07 09:08:40','Sulochana',2,'Item Images',''),(20298,'2018-06-07 09:08:51','Sulochana',1,'Image Upload','File Name: 187962607528480.jpg'),(20299,'2018-06-07 09:09:01','Sulochana',1,'Image Upload','File Name: 175154162067969.jpg'),(20300,'2018-06-07 09:09:10','Sulochana',1,'Image Upload','File Name: 985766735538468.jpg'),(20301,'2018-06-07 09:09:15','Sulochana',3,'Item Images','Item ID : 1'),(20302,'2018-06-07 09:09:16','Sulochana',2,'Item Images',''),(20303,'2018-06-07 09:09:29','Sulochana',3,'Item Images','Item ID : 1'),(20304,'2018-06-07 09:09:30','Sulochana',2,'Item Images',''),(20305,'2018-06-07 09:09:47','Sulochana',3,'Item Images','Item ID : 1'),(20306,'2018-06-07 09:09:48','Sulochana',2,'Item Images',''),(20307,'2018-06-07 09:09:52','Sulochana',2,'Item Images',''),(20308,'2018-06-07 09:10:00','Sulochana',11,'Model','Product ID:1'),(20309,'2018-06-07 09:10:35','Sulochana',11,'Model','Product ID:2'),(20310,'2018-06-07 09:10:38','Sulochana',11,'Model','Product ID:4'),(20311,'2018-06-07 09:10:43','Sulochana',11,'Model','Product ID:1'),(20312,'2018-06-07 09:10:51','Sulochana',2,'Items',''),(20313,'2018-06-07 09:11:06','Sulochana',2,'Master Data',''),(20314,'2018-06-07 09:11:09','Sulochana',2,'Item Images',''),(20315,'2018-06-07 09:11:28','Sulochana',1,'Image Upload','File Name: 920993504989899.jpg'),(20316,'2018-06-07 09:12:59','Sulochana',2,'Model','Model ID:1'),(20317,'2018-06-07 09:14:41','Sulochana',11,'Model','Product ID:1'),(20318,'2018-06-07 09:15:05','Sulochana',3,'Model Image','Model ID : 1'),(20319,'2018-06-07 09:15:06','Sulochana',2,'Item Images',''),(20320,'2018-06-07 09:15:25','Sulochana',11,'Model','Product ID:1'),(20321,'2018-06-07 09:15:49','Sulochana',2,'Item Images',''),(20322,'2018-06-07 09:15:52','Sulochana',2,'Master Data',''),(20323,'2018-06-07 09:16:04','Sulochana',2,'Items',''),(20324,'2018-06-07 09:16:14','Sulochana',2,'Add Item',''),(20325,'2018-06-07 09:17:34','Sulochana',2,'Item Images',''),(20326,'2018-06-07 09:17:37','Sulochana',2,'Item Images',''),(20327,'2018-06-07 09:17:39','Test Administrator - No 1',2,'Items',''),(20328,'2018-06-07 09:17:50','Test Administrator - No 1',2,'Add Item',''),(20329,'2018-06-07 09:17:54','Test Administrator - No 1',2,'Items',''),(20330,'2018-06-07 09:18:29','Sulochana',1,'Image Upload','File Name: 147735744851794.jpg'),(20331,'2018-06-07 09:18:39','Sulochana',1,'Image Upload','File Name: 139717397896572.jpg'),(20332,'2018-06-07 09:18:50','Sulochana',1,'Image Upload','File Name: 276789022686927.jpg'),(20333,'2018-06-07 09:18:55','Sulochana',3,'Item Images','Item ID : 1'),(20334,'2018-06-07 09:18:55','Sulochana',2,'Item Images',''),(20335,'2018-06-07 09:19:06','Sulochana',3,'Item Images','Item ID : 1'),(20336,'2018-06-07 09:19:06','Sulochana',2,'Item Images',''),(20337,'2018-06-07 09:20:14','Sulochana',2,'Items',''),(20338,'2018-06-07 09:20:23','Sulochana',2,'Master Data',''),(20339,'2018-06-07 09:20:27','Sulochana',2,'Item Images',''),(20340,'2018-06-07 09:21:44','Sulochana',1,'Image Upload','File Name: 159665438454307.jpg'),(20341,'2018-06-07 09:21:50','Sulochana',3,'Model Image','Model ID : 1'),(20342,'2018-06-07 09:21:50','Sulochana',2,'Item Images',''),(20343,'2018-06-07 09:21:55','Sulochana',3,'Model Image','Model ID : 1'),(20344,'2018-06-07 09:21:56','Sulochana',2,'Item Images',''),(20345,'2018-06-07 09:25:36','Sulochana',3,'Model Image','Model ID : 1'),(20346,'2018-06-07 09:25:36','Sulochana',2,'Item Images',''),(20347,'2018-06-07 09:26:20','Sulochana',11,'Model','Product ID:1'),(20348,'2018-06-07 09:26:21','Sulochana',11,'Model','Product ID:1'),(20349,'2018-06-07 09:26:28','Sulochana',2,'Model','Model ID:1'),(20350,'2018-06-07 09:27:11','Sulochana',2,'Item Images',''),(20351,'2018-06-07 09:27:20','Sulochana',2,'Item Images',''),(20352,'2018-06-07 09:27:24','Sulochana',2,'Items',''),(20353,'2018-06-07 09:27:28','Sulochana',2,'Items',''),(20354,'2018-06-07 09:27:35','Sulochana',2,'Add Item',''),(20355,'2018-06-07 09:30:48','Sulochana',2,'Items',''),(20356,'2018-06-07 09:30:56','Sulochana',2,'Master Data',''),(20357,'2018-06-07 09:31:20','Sulochana',1,'Product','Value: ET17890'),(20358,'2018-06-07 09:31:23','Sulochana',2,'Master Data',''),(20359,'2018-06-07 09:31:35','Sulochana',2,'Master Data',''),(20360,'2018-06-07 09:31:50','Sulochana',2,'Master Data',''),(20361,'2018-06-07 09:32:36','Sulochana',2,'Item Images',''),(20362,'2018-06-07 09:32:44','Sulochana',2,'Master Data',''),(20363,'2018-06-07 09:32:50','Sulochana',2,'Master Data',''),(20364,'2018-06-07 09:33:19','Sulochana',2,'Master Data',''),(20365,'2018-06-07 09:33:49','Sulochana',3,'Model','Name: ET19593'),(20366,'2018-06-07 09:33:51','Sulochana',2,'Master Data',''),(20367,'2018-06-07 09:34:03','Sulochana',2,'Master Data',''),(20368,'2018-06-07 09:34:26','Sulochana',1,'Product','Value: ESPRIT'),(20369,'2018-06-07 09:34:29','Sulochana',2,'Master Data',''),(20370,'2018-06-07 09:34:38','Sulochana',2,'Model','Model ID:1'),(20371,'2018-06-07 09:34:45','Sulochana',11,'Model','Product ID:2'),(20372,'2018-06-07 09:34:51','Sulochana',11,'Model','Product ID:1'),(20373,'2018-06-07 09:35:39','Sulochana',2,'Master Data',''),(20374,'2018-06-07 09:36:34','Sulochana',1,'Model','Name: ET17890'),(20375,'2018-06-07 09:36:35','Sulochana',2,'Master Data',''),(20376,'2018-06-07 09:36:56','Sulochana',2,'Master Data',''),(20377,'2018-06-07 09:38:13','Sulochana',2,'Items',''),(20378,'2018-06-07 09:38:30','Sulochana',2,'Add Item',''),(20379,'2018-06-07 09:41:12','Sulochana',2,'Item Images',''),(20380,'2018-06-07 09:41:34','Sulochana',2,'Item Images',''),(20381,'2018-06-07 09:41:53','Sulochana',2,'Master Data',''),(20382,'2018-06-07 09:42:07','Sulochana',1,'Model Field','Model ID : 2,Field ID : 4'),(20383,'2018-06-07 09:42:24','Sulochana',2,'Add Item',''),(20384,'2018-06-07 09:42:31','Sulochana',2,'Master Data',''),(20385,'2018-06-07 09:42:38','Sulochana',2,'Suppliers',''),(20386,'2018-06-07 09:43:02','Sulochana',1,'Field Value','Value: 543'),(20387,'2018-06-07 09:43:12','Sulochana',2,'Master Data',''),(20388,'2018-06-07 09:43:28','Sulochana',3,'Select Model Field Values',''),(20389,'2018-06-07 09:43:38','Sulochana',2,'Master Data',''),(20390,'2018-06-07 09:43:44','Sulochana',2,'Master Data',''),(20391,'2018-06-07 09:44:01','Sulochana',2,'Master Data',''),(20392,'2018-06-07 09:44:07','Sulochana',2,'Product Type',''),(20393,'2018-06-07 09:44:18','Sulochana',2,'Master Data',''),(20394,'2018-06-07 09:44:44','Sulochana',3,'Select Model Field Values',''),(20395,'2018-06-07 09:44:49','Sulochana',2,'Master Data',''),(20396,'2018-06-07 09:46:56','Sulochana',2,'Items',''),(20397,'2018-06-07 09:47:01','Sulochana',2,'Items',''),(20398,'2018-06-07 09:47:08','Sulochana',2,'Add Item',''),(20399,'2018-06-07 09:47:17','Sulochana',2,'Items',''),(20400,'2018-06-07 09:47:21','Sulochana',2,'Master Data',''),(20401,'2018-06-07 09:47:52','Sulochana',3,'Select Model Field Values',''),(20402,'2018-06-07 09:48:44','Sulochana',2,'Master Data',''),(20403,'2018-06-07 09:49:12','Sulochana',2,'Add Item',''),(20404,'2018-06-07 09:49:18','Sulochana',2,'Items',''),(20405,'2018-06-07 09:49:31','Sulochana',2,'Add Item',''),(20406,'2018-06-07 09:50:49','Sulochana',2,'Add Item Next',''),(20407,'2018-06-07 09:51:54','Sulochana',1,'Add Item','ID : 2'),(20408,'2018-06-07 09:51:55','Sulochana',2,'Items',''),(20409,'2018-06-07 09:52:04','Sulochana',2,'Item Images',''),(20410,'2018-06-07 09:52:22','Sulochana',1,'Image Upload','File Name: 635353666055169.jpg'),(20411,'2018-06-07 09:52:34','Sulochana',1,'Image Upload','File Name: 110970904744360.jpg'),(20412,'2018-06-07 09:52:47','Sulochana',1,'Image Upload','File Name: 774762017874039.jpg'),(20413,'2018-06-07 09:52:56','Sulochana',3,'Item Images','Item ID : 2'),(20414,'2018-06-07 09:52:57','Sulochana',2,'Item Images',''),(20415,'2018-06-07 09:53:07','Sulochana',2,'Item Images',''),(20416,'2018-06-07 09:53:14','Sulochana',2,'Items',''),(20417,'2018-06-07 09:53:21','Sulochana',2,'Master Data',''),(20418,'2018-06-07 09:53:26','Sulochana',2,'Item Images',''),(20419,'2018-06-07 10:05:06','Sulochana',2,'Master Data',''),(20420,'2018-06-07 10:05:40','Sulochana',1,'Model','Name: ET19593'),(20421,'2018-06-07 10:05:42','Sulochana',2,'Master Data',''),(20422,'2018-06-07 10:06:18','Sulochana',2,'Item Images',''),(20423,'2018-06-07 10:06:22','Sulochana',2,'Master Data',''),(20424,'2018-06-07 10:06:26','Sulochana',2,'Item Images',''),(20425,'2018-06-07 10:06:29','Sulochana',2,'Master Data',''),(20426,'2018-06-07 10:06:33','Sulochana',2,'Item Images',''),(20427,'2018-06-07 10:07:05','Sulochana',1,'Image Upload','File Name: 200409830932994.jpg'),(20428,'2018-06-07 10:07:09','Sulochana',3,'Model Image','Model ID : 3'),(20429,'2018-06-07 10:07:10','Sulochana',2,'Item Images',''),(20430,'2018-06-07 10:07:15','Sulochana',2,'Item Images',''),(20431,'2018-06-07 10:07:19','Sulochana',2,'Master Data',''),(20432,'2018-06-07 10:07:29','Sulochana',3,'Model','Name: ET19592'),(20433,'2018-06-07 10:07:31','Sulochana',2,'Master Data',''),(20434,'2018-06-07 10:07:45','Sulochana',2,'Item Images',''),(20435,'2018-06-07 10:07:56','Sulochana',1,'Image Upload','File Name: 106933794076971.jpg'),(20436,'2018-06-07 10:07:59','Sulochana',3,'Model Image','Model ID : 2'),(20437,'2018-06-07 10:08:00','Sulochana',2,'Item Images',''),(20438,'2018-06-07 10:08:03','Sulochana',2,'Item Images',''),(20439,'2018-06-07 10:08:09','Sulochana',2,'Master Data',''),(20440,'2018-06-07 10:08:38','Sulochana',2,'Master Data',''),(20441,'2018-06-07 10:09:05','Sulochana',2,'Master Data',''),(20442,'2018-06-07 10:09:30','Sulochana',2,'Master Data',''),(20443,'2018-06-07 10:09:38','Sulochana',2,'Item Images',''),(20444,'2018-06-07 10:09:46','Sulochana',2,'Master Data',''),(20445,'2018-06-07 10:09:56','Sulochana',3,'Model','Name: ET19593'),(20446,'2018-06-07 10:09:59','Sulochana',2,'Master Data',''),(20447,'2018-06-07 10:10:03','Sulochana',2,'Item Images',''),(20448,'2018-06-07 10:10:09','Sulochana',2,'Master Data',''),(20449,'2018-06-07 10:10:13','Sulochana',2,'Item Images',''),(20450,'2018-06-07 10:10:18','Sulochana',2,'Master Data',''),(20451,'2018-06-07 10:10:29','Sulochana',2,'Master Data',''),(20452,'2018-06-07 10:10:38','Sulochana',3,'Model','Name: ET19592'),(20453,'2018-06-07 10:10:41','Sulochana',2,'Master Data',''),(20454,'2018-06-07 10:10:47','Sulochana',2,'Item Images',''),(20455,'2018-06-07 10:10:55','Sulochana',2,'Master Data',''),(20456,'2018-06-07 10:11:06','Sulochana',2,'Master Data',''),(20457,'2018-06-07 10:11:31','Sulochana',2,'Master Data',''),(20458,'2018-06-07 10:11:40','Sulochana',2,'Items',''),(20459,'2018-06-07 10:11:48','Sulochana',2,'Add Item',''),(20460,'2018-06-07 10:23:47','Sulochana',2,'Add Item Next',''),(20461,'2018-06-07 10:24:43','Sulochana',2,'Add Item',''),(20462,'2018-06-07 10:24:48','Sulochana',2,'Add Item Next',''),(20463,'2018-06-07 10:24:51','Sulochana',1,'Add Item','ID : 3'),(20464,'2018-06-07 10:24:52','Sulochana',2,'Items',''),(20465,'2018-06-07 10:25:12','Sulochana',2,'Item Images',''),(20466,'2018-06-07 10:25:36','Sulochana',1,'Image Upload','File Name: 219255722155793.jpg'),(20467,'2018-06-07 10:25:41','Sulochana',3,'Item Images','Item ID : 3'),(20468,'2018-06-07 10:25:42','Sulochana',2,'Item Images',''),(20469,'2018-06-07 10:26:15','Sulochana',1,'Image Upload','File Name: 150557769008339.jpg'),(20470,'2018-06-07 10:26:16','Sulochana',1,'Image Upload','File Name: 335474896896568.jpg'),(20471,'2018-06-07 10:27:35','Sulochana',3,'Item Images','Item ID : 3'),(20472,'2018-06-07 10:27:35','Sulochana',2,'Item Images',''),(20473,'2018-06-07 10:27:42','Sulochana',2,'Item Images',''),(20474,'2018-06-07 10:27:50','Sulochana',11,'Model','Product ID:1'),(20475,'2018-06-07 10:28:15','Sulochana',2,'Model','Model ID:2'),(20476,'2018-06-07 10:28:16','Sulochana',2,'Model','Model ID:2'),(20477,'2018-06-07 10:28:26','Sulochana',2,'Item','Item ID:2'),(20478,'2018-06-07 10:28:38','Sulochana',2,'Model','Model ID:2'),(20479,'2018-06-07 10:28:52','Sulochana',11,'Model','Product ID:1'),(20480,'2018-06-07 10:28:57','Sulochana',2,'Item Images',''),(20481,'2018-06-07 10:29:06','Sulochana',3,'Item Images','Item ID : 3'),(20482,'2018-06-07 10:29:07','Sulochana',2,'Item Images',''),(20483,'2018-06-07 10:29:11','Sulochana',2,'Item Images',''),(20484,'2018-06-07 10:29:14','Sulochana',2,'Items',''),(20485,'2018-06-07 10:29:27','Sulochana',2,'GRN',''),(20486,'2018-06-07 10:29:40','Sulochana',11,'Item',''),(20487,'2018-06-07 10:29:49','Sulochana',2,'Master Data',''),(20488,'2018-06-07 10:30:03','Sulochana',11,'Item',''),(20489,'2018-06-07 10:30:29','Sulochana',2,'Items',''),(20490,'2018-06-07 10:30:53','Sulochana',11,'Item',''),(20491,'2018-06-07 10:31:29','Sulochana',2,'Add Item',''),(20492,'2018-06-07 10:31:35','Sulochana',2,'Items',''),(20493,'2018-06-07 10:31:38','Sulochana',2,'Item',''),(20494,'2018-06-07 10:31:51','Sulochana',2,'Items',''),(20495,'2018-06-07 10:31:58','Sulochana',2,'Items',''),(20496,'2018-06-07 10:32:05','Sulochana',2,'Items',''),(20497,'2018-06-07 10:32:35','Sulochana',11,'Item',''),(20498,'2018-06-07 10:33:22','Sulochana',2,'Items',''),(20499,'2018-06-07 10:33:41','Sulochana',2,'Model','Model ID:3'),(20500,'2018-06-07 10:33:51','Sulochana',2,'Item','Item ID:3'),(20501,'2018-06-07 10:34:44','Sulochana',2,'Items',''),(20502,'2018-06-07 10:34:59','Test Administrator - No 1',11,'Model','Product ID:1'),(20503,'2018-06-07 10:35:03','Test Administrator - No 1',2,'Model','Model ID:1'),(20504,'2018-06-07 10:35:04','Sulochana',2,'Add Item',''),(20505,'2018-06-07 10:35:24','Sulochana',1,'Edit Item','ID : 1'),(20506,'2018-06-07 10:35:25','Sulochana',2,'Items',''),(20507,'2018-06-07 10:36:30','Sulochana',2,'Items',''),(20508,'2018-06-07 10:36:36','Sulochana',2,'Items',''),(20509,'2018-06-07 10:37:50','Sulochana',11,'Item',''),(20510,'2018-06-07 10:38:02','Sulochana',11,'Item',''),(20511,'2018-06-07 10:39:37','Sulochana',2,'Items',''),(20512,'2018-06-07 10:39:42','Sulochana',2,'Items',''),(20513,'2018-06-07 10:40:34','Sulochana',2,'Items',''),(20514,'2018-06-07 10:40:37','Sulochana',2,'Items',''),(20515,'2018-06-07 10:41:01','Sulochana',2,'Items',''),(20516,'2018-06-07 10:41:03','Sulochana',2,'Items',''),(20517,'2018-06-07 10:41:03','Sulochana',2,'Items',''),(20518,'2018-06-07 10:41:03','Sulochana',2,'Items',''),(20519,'2018-06-07 10:41:03','Sulochana',2,'Items',''),(20520,'2018-06-07 10:41:04','Sulochana',2,'Items',''),(20521,'2018-06-07 10:41:04','Sulochana',2,'Items',''),(20522,'2018-06-07 10:41:04','Sulochana',2,'Items',''),(20523,'2018-06-07 10:41:05','Sulochana',2,'Items',''),(20524,'2018-06-07 10:41:05','Sulochana',2,'Items',''),(20525,'2018-06-07 10:41:05','Sulochana',2,'Items',''),(20526,'2018-06-07 10:41:05','Sulochana',2,'Items',''),(20527,'2018-06-07 10:42:05','Sulochana',11,'Item',''),(20528,'2018-06-07 10:42:29','Sulochana',11,'Item',''),(20529,'2018-06-07 10:46:26','Sulochana',1,'Grn','ID : 1'),(20530,'2018-06-07 10:46:27','Sulochana',2,'Items',''),(20531,'2018-06-07 10:46:50','Sulochana',2,'GRN',''),(20532,'2018-06-07 10:47:07','Sulochana',2,'Items',''),(20533,'2018-06-07 10:47:20','Sulochana',2,'GRN',''),(20534,'2018-06-07 10:47:37','Sulochana',11,'Item',''),(20535,'2018-06-07 10:49:54','Sulochana',11,'Model','Product ID:1'),(20536,'2018-06-07 10:52:48','Sulochana',2,'Items',''),(20537,'2018-06-07 10:52:53','Sulochana',2,'Model','Model ID:3'),(20538,'2018-06-07 10:53:04','Sulochana',2,'Model','Model ID:3'),(20539,'2018-06-07 10:53:16','Sulochana',2,'Item','Item ID:3'),(20540,'2018-06-07 10:53:27','Sulochana',11,'Model','Product ID:1'),(20541,'2018-06-07 10:53:36','Sulochana',2,'Items',''),(20542,'2018-06-07 10:53:47','Sulochana',2,'Model','Model ID:1'),(20543,'2018-06-07 10:53:57','Sulochana',2,'Item','Item ID:1'),(20544,'2018-06-07 10:55:21','Sulochana',2,'Item','Item ID:2'),(20545,'2018-06-07 10:55:44','Sulochana',2,'Item','Item ID:1'),(20546,'2018-06-07 10:55:48','Sulochana',1,'Cart Item','Item ID:1'),(20547,'2018-06-07 10:56:14','Sulochana',2,'Item','Item ID:2'),(20548,'2018-06-07 10:56:23','Sulochana',2,'Model','Model ID:1'),(20549,'2018-06-07 10:57:39','Test Administrator - No 1',11,'Model','Product ID:1'),(20550,'2018-06-07 10:58:16','Test Administrator - No 1',2,'Model','Model ID:1'),(20551,'2018-06-07 10:59:27','Test Administrator - No 1',11,'Model','Product ID:1'),(20552,'2018-06-07 10:59:30','Test Administrator - No 1',2,'Model','Model ID:2'),(20553,'2018-06-07 10:59:59','Test Administrator - No 1',11,'Model','Product ID:1'),(20554,'2018-06-07 11:00:04','Test Administrator - No 1',2,'Model','Model ID:3'),(20555,'2018-06-07 11:00:19','Test Administrator - No 1',11,'Model','Product ID:1'),(20556,'2018-06-07 11:00:26','Test Administrator - No 1',11,'Model','Product ID:4'),(20557,'2018-06-07 11:00:29','Test Administrator - No 1',11,'Model','Product ID:3'),(20558,'2018-06-07 11:00:32','Test Administrator - No 1',11,'Model','Product ID:1'),(20559,'2018-06-07 11:01:38','Test Administrator - No 1',2,'Master Data',''),(20560,'2018-06-07 11:01:51','Test Administrator - No 1',2,'Items',''),(20561,'2018-06-07 11:03:24','Test Administrator - No 1',11,'Model','Product ID:1'),(20562,'2018-06-07 11:03:33','Test Administrator - No 1',2,'Model','Model ID:1'),(20563,'2018-06-07 12:12:29','Sulochana',2,'Items',''),(20564,'2018-06-07 12:12:43','Sulochana',2,'Master Data',''),(20565,'2018-06-07 12:13:50','Sulochana',1,'Model','Name: EL14322'),(20566,'2018-06-07 12:13:52','Sulochana',2,'Master Data',''),(20567,'2018-06-07 12:14:03','Sulochana',2,'Master Data',''),(20568,'2018-06-07 12:14:35','Sulochana',1,'Field Value','Value: VO'),(20569,'2018-06-07 12:15:03','Sulochana',2,'Master Data',''),(20570,'2018-06-07 12:15:09','Sulochana',2,'Master Data',''),(20571,'2018-06-07 12:15:48','Sulochana',1,'Product','Value: ELLE'),(20572,'2018-06-07 12:15:51','Sulochana',2,'Master Data',''),(20573,'2018-06-07 12:15:57','Sulochana',2,'Items',''),(20574,'2018-06-07 12:16:06','Sulochana',2,'Add Item',''),(20575,'2018-06-07 12:16:58','Sulochana',2,'Add Item Next',''),(20576,'2018-06-07 12:17:02','Sulochana',1,'Add Item','ID : 4'),(20577,'2018-06-07 12:17:02','Sulochana',2,'Items',''),(20578,'2018-06-07 12:17:09','Sulochana',2,'Item Images',''),(20579,'2018-06-07 12:17:19','Sulochana',2,'Item Images',''),(20580,'2018-06-07 12:17:26','Sulochana',2,'Item Images',''),(20581,'2018-06-07 12:17:40','Sulochana',1,'Image Upload','File Name: 310187970242918.jpg'),(20582,'2018-06-07 12:17:43','Sulochana',3,'Item Images','Item ID : 4'),(20583,'2018-06-07 12:17:43','Sulochana',2,'Item Images',''),(20584,'2018-06-07 12:18:00','Sulochana',1,'Image Upload','File Name: 118588289422215.jpg'),(20585,'2018-06-07 12:18:01','Sulochana',1,'Image Upload','File Name: 273235414390088.jpg'),(20586,'2018-06-07 12:18:07','Sulochana',3,'Item Images','Item ID : 4'),(20587,'2018-06-07 12:18:08','Sulochana',2,'Item Images',''),(20588,'2018-06-07 12:18:24','Sulochana',3,'Item Images','Item ID : 4'),(20589,'2018-06-07 12:18:25','Sulochana',2,'Item Images',''),(20590,'2018-06-07 12:18:31','Sulochana',11,'Model','Product ID:4'),(20591,'2018-06-07 12:18:45','Sulochana',2,'Item Images',''),(20592,'2018-06-07 12:18:57','Sulochana',2,'Item Images',''),(20593,'2018-06-07 12:19:20','Sulochana',2,'Item Images',''),(20594,'2018-06-07 12:19:31','Sulochana',2,'Master Data',''),(20595,'2018-06-07 12:19:36','Sulochana',2,'Item Images',''),(20596,'2018-06-07 12:19:46','Sulochana',1,'Image Upload','File Name: 313387373732784.jpg'),(20597,'2018-06-07 12:19:48','Sulochana',3,'Model Image','Model ID : 4'),(20598,'2018-06-07 12:19:49','Sulochana',2,'Item Images',''),(20599,'2018-06-07 12:19:51','Sulochana',3,'Model Image','Model ID : 4'),(20600,'2018-06-07 12:19:52','Sulochana',2,'Item Images',''),(20601,'2018-06-07 12:19:54','Sulochana',11,'Model','Product ID:4'),(20602,'2018-06-07 12:19:58','Sulochana',2,'Model','Model ID:4'),(20603,'2018-06-07 12:22:45','Sulochana',2,'Item Images',''),(20604,'2018-06-07 12:22:47','Sulochana',2,'Item Images',''),(20605,'2018-06-07 12:23:15','Sulochana',2,'Master Data',''),(20606,'2018-06-07 12:23:40','Sulochana',1,'Model','Name: EL13353'),(20607,'2018-06-07 12:23:42','Sulochana',2,'Master Data',''),(20608,'2018-06-07 12:24:13','Sulochana',1,'Field Value','Value: PK'),(20609,'2018-06-07 12:24:38','Sulochana',2,'Master Data',''),(20610,'2018-06-07 12:24:41','Sulochana',2,'Item Images',''),(20611,'2018-06-07 12:24:51','Sulochana',1,'Image Upload','File Name: 302031157142791.jpg'),(20612,'2018-06-07 12:24:56','Sulochana',3,'Model Image','Model ID : 5'),(20613,'2018-06-07 12:24:57','Sulochana',2,'Item Images',''),(20614,'2018-06-07 12:25:02','Sulochana',2,'Item Images',''),(20615,'2018-06-07 12:25:10','Sulochana',2,'Master Data',''),(20616,'2018-06-07 12:25:17','Sulochana',2,'Items',''),(20617,'2018-06-07 12:25:29','Sulochana',2,'Add Item',''),(20618,'2018-06-07 12:26:09','Sulochana',2,'Add Item Next',''),(20619,'2018-06-07 12:26:11','Sulochana',1,'Add Item','ID : 5'),(20620,'2018-06-07 12:26:12','Sulochana',2,'Items',''),(20621,'2018-06-07 12:26:19','Sulochana',2,'Item Images',''),(20622,'2018-06-07 12:26:35','Sulochana',1,'Image Upload','File Name: 232775425617509.jpg'),(20623,'2018-06-07 12:26:36','Sulochana',1,'Image Upload','File Name: 260683476043365.jpg'),(20624,'2018-06-07 12:26:37','Sulochana',1,'Image Upload','File Name: 228721708882310.jpg'),(20625,'2018-06-07 12:26:43','Sulochana',3,'Item Images','Item ID : 5'),(20626,'2018-06-07 12:26:43','Sulochana',2,'Item Images',''),(20627,'2018-06-07 12:26:49','Sulochana',11,'Model','Product ID:4'),(20628,'2018-06-07 12:27:04','Sulochana',2,'Item Images',''),(20629,'2018-06-07 12:27:06','Sulochana',2,'Items',''),(20630,'2018-06-07 12:29:22','Sulochana',2,'Master Data',''),(20631,'2018-06-07 12:30:18','Sulochana',1,'Model','Name: EL13404'),(20632,'2018-06-07 12:30:20','Sulochana',2,'Master Data',''),(20633,'2018-06-07 12:30:35','Sulochana',2,'Master Data',''),(20634,'2018-06-07 12:30:43','Sulochana',3,'Select Model Field Values',''),(20635,'2018-06-07 12:30:52','Sulochana',1,'Model Field','Model ID : 5,Field ID : 4'),(20636,'2018-06-07 12:31:04','Sulochana',5,'model_field','ID: 6'),(20637,'2018-06-07 12:31:10','Sulochana',2,'Master Data',''),(20638,'2018-06-07 12:31:22','Sulochana',2,'Master Data',''),(20639,'2018-06-07 12:31:30','Sulochana',2,'Master Data',''),(20640,'2018-06-07 12:31:36','Sulochana',2,'Master Data',''),(20641,'2018-06-07 12:31:47','Sulochana',2,'Master Data',''),(20642,'2018-06-07 12:31:56','Sulochana',2,'Master Data',''),(20643,'2018-06-07 12:32:04','Sulochana',2,'Master Data',''),(20644,'2018-06-07 12:32:47','Sulochana',2,'Master Data',''),(20645,'2018-06-08 03:01:21','Guest',11,'Model','Product ID:4'),(20646,'2018-06-08 03:01:59','Sulochana',8,'Login Success','Username: Sulochana|IP: 182.161.9.81'),(20647,'2018-06-08 03:04:36','Sulochana',2,'Colors',''),(20648,'2018-06-08 03:04:43','Sulochana',2,'Master Data',''),(20649,'2018-06-08 03:04:54','Sulochana',2,'Master Data',''),(20650,'2018-06-08 03:05:17','Sulochana',5,'model','ID: 6'),(20651,'2018-06-08 03:05:19','Sulochana',2,'Master Data',''),(20652,'2018-06-08 03:06:51','Sulochana',1,'Model','Name: EL13404'),(20653,'2018-06-08 03:06:53','Sulochana',2,'Master Data',''),(20654,'2018-06-08 03:07:30','Sulochana',2,'Master Data',''),(20655,'2018-06-08 03:07:42','Sulochana',2,'Items',''),(20656,'2018-06-08 03:07:48','Sulochana',2,'Add Item',''),(20657,'2018-06-08 03:08:10','Sulochana',2,'Master Data',''),(20658,'2018-06-08 03:08:55','Sulochana',2,'Add Item Next',''),(20659,'2018-06-08 03:08:59','Sulochana',1,'Add Item','ID : 6'),(20660,'2018-06-08 03:08:59','Sulochana',2,'Items',''),(20661,'2018-06-08 03:09:04','Sulochana',2,'Item Images',''),(20662,'2018-06-08 03:09:10','Sulochana',2,'Item Images',''),(20663,'2018-06-08 03:09:24','Sulochana',1,'Image Upload','File Name: 185717603480695.jpg'),(20664,'2018-06-08 03:09:28','Sulochana',3,'Model Image','Model ID : 7'),(20665,'2018-06-08 03:09:28','Sulochana',2,'Item Images',''),(20666,'2018-06-08 03:09:43','Sulochana',2,'Item Images',''),(20667,'2018-06-08 03:09:55','Sulochana',1,'Image Upload','File Name: 213844750454277.jpg'),(20668,'2018-06-08 03:09:57','Sulochana',1,'Image Upload','File Name: 168934767917229.jpg'),(20669,'2018-06-08 03:09:58','Sulochana',1,'Image Upload','File Name: 135287236221061.jpg'),(20670,'2018-06-08 03:10:14','Sulochana',2,'Item Images',''),(20671,'2018-06-08 03:10:27','Sulochana',1,'Image Upload','File Name: 243712147457392.jpg'),(20672,'2018-06-08 03:10:28','Sulochana',1,'Image Upload','File Name: 445005295255745.jpg'),(20673,'2018-06-08 03:10:30','Sulochana',1,'Image Upload','File Name: 303789340740937.jpg'),(20674,'2018-06-08 03:10:40','Sulochana',3,'Item Images','Item ID : 6'),(20675,'2018-06-08 03:10:40','Sulochana',2,'Item Images',''),(20676,'2018-06-08 03:10:49','Sulochana',11,'Model','Product ID:4'),(20677,'2018-06-08 03:11:20','Sulochana',2,'Item Images',''),(20678,'2018-06-08 03:11:26','Sulochana',2,'Items',''),(20679,'2018-06-08 03:11:43','Sulochana',2,'Item Images',''),(20680,'2018-06-08 03:11:49','Sulochana',2,'Master Data',''),(20681,'2018-06-08 03:11:59','Sulochana',2,'Master Data',''),(20682,'2018-06-08 03:14:35','Sulochana',11,'Model','Product ID:4'),(20683,'2018-06-08 03:14:39','Sulochana',11,'Model','Product ID:4'),(20684,'2018-06-08 03:14:46','Sulochana',11,'Model','Product ID:4'),(20685,'2018-06-08 03:15:14','Sulochana',1,'Model','Name: CH12066'),(20686,'2018-06-08 03:15:17','Sulochana',2,'Master Data',''),(20687,'2018-06-08 03:15:51','Sulochana',2,'Master Data',''),(20688,'2018-06-08 03:15:55','Sulochana',2,'Item Images',''),(20689,'2018-06-08 03:16:07','Sulochana',1,'Image Upload','File Name: 160457326850295.jpg'),(20690,'2018-06-08 03:16:13','Sulochana',3,'Model Image','Model ID : 8'),(20691,'2018-06-08 03:16:13','Sulochana',2,'Item Images',''),(20692,'2018-06-08 03:16:26','Sulochana',2,'Items',''),(20693,'2018-06-08 03:16:32','Sulochana',2,'Add Item',''),(20694,'2018-06-08 04:11:09','Sulochana',2,'Add Item Next',''),(20695,'2018-06-08 04:11:20','Sulochana',1,'Add Item','ID : 7'),(20696,'2018-06-08 04:11:21','Sulochana',2,'Items',''),(20697,'2018-06-08 04:11:31','Sulochana',2,'Item Images',''),(20698,'2018-06-08 04:11:54','Sulochana',1,'Image Upload','File Name: 181795447462409.jpg'),(20699,'2018-06-08 04:11:57','Sulochana',1,'Image Upload','File Name: 870405550853594.jpg'),(20700,'2018-06-08 04:11:58','Sulochana',1,'Image Upload','File Name: 844019376511947.jpg'),(20701,'2018-06-08 04:12:23','Sulochana',3,'Item Images','Item ID : 7'),(20702,'2018-06-08 04:12:24','Sulochana',2,'Item Images',''),(20703,'2018-06-08 04:27:52','Sulochana',2,'Item Images',''),(20704,'2018-06-08 04:27:58','Sulochana',2,'Items',''),(20705,'2018-06-08 04:28:20','Sulochana',2,'Master Data',''),(20706,'2018-06-08 04:28:32','Sulochana',3,'Model Image','Model ID : 8'),(20707,'2018-06-08 04:28:33','Sulochana',2,'Item Images',''),(20708,'2018-06-08 04:28:37','Sulochana',2,'Item Images',''),(20709,'2018-06-08 04:28:40','Sulochana',2,'Item Images',''),(20710,'2018-06-08 04:28:43','Sulochana',2,'Master Data',''),(20711,'2018-06-08 04:28:59','Sulochana',2,'Master Data',''),(20712,'2018-06-08 04:29:11','Sulochana',2,'Add Item',''),(20713,'2018-06-08 04:29:20','Sulochana',2,'Items',''),(20714,'2018-06-08 05:20:04','Sulochana',1,'Model','Name: CH11917'),(20715,'2018-06-08 05:21:20','Sulochana',2,'Master Data',''),(20716,'2018-06-08 05:21:28','Sulochana',2,'Item Images',''),(20717,'2018-06-08 05:21:32','Sulochana',2,'Master Data',''),(20718,'2018-06-08 05:21:35','Sulochana',2,'Item Images',''),(20719,'2018-06-08 05:21:51','Sulochana',1,'Image Upload','File Name: 316659538397603.jpg'),(20720,'2018-06-08 05:21:55','Sulochana',3,'Model Image','Model ID : 9'),(20721,'2018-06-08 05:21:56','Sulochana',2,'Item Images',''),(20722,'2018-06-08 05:22:10','Sulochana',2,'Item Images',''),(20723,'2018-06-08 05:22:12','Sulochana',2,'Master Data',''),(20724,'2018-06-08 05:22:50','Sulochana',1,'Field Value','Value: BL'),(20725,'2018-06-08 05:45:28','Sulochana',2,'Items',''),(20726,'2018-06-08 05:45:28','Sulochana',2,'Items',''),(20727,'2018-06-08 05:45:28','Sulochana',2,'Items',''),(20728,'2018-06-08 05:45:28','Sulochana',2,'Items',''),(20729,'2018-06-08 05:45:28','Sulochana',2,'Items',''),(20730,'2018-06-08 05:45:38','Sulochana',2,'Master Data',''),(20731,'2018-06-08 05:46:25','Sulochana',2,'Add Item',''),(20732,'2018-06-08 05:47:36','Sulochana',2,'Add Item Next',''),(20733,'2018-06-08 05:47:39','Sulochana',1,'Add Item','ID : 8'),(20734,'2018-06-08 05:47:39','Sulochana',2,'Items',''),(20735,'2018-06-08 05:47:46','Sulochana',2,'Item Images',''),(20736,'2018-06-08 05:48:19','Sulochana',1,'Image Upload','File Name: 294405526796355.jpg'),(20737,'2018-06-08 05:48:20','Sulochana',1,'Image Upload','File Name: 120748766408552.jpg'),(20738,'2018-06-08 05:48:22','Sulochana',1,'Image Upload','File Name: 929490158479095.jpg'),(20739,'2018-06-08 05:48:32','Sulochana',3,'Item Images','Item ID : 8'),(20740,'2018-06-08 05:48:33','Sulochana',2,'Item Images',''),(20741,'2018-06-08 05:48:37','Sulochana',2,'Item Images',''),(20742,'2018-06-08 05:48:46','Sulochana',2,'Items',''),(20743,'2018-06-08 05:50:30','Sulochana',2,'Master Data',''),(20744,'2018-06-08 05:51:18','Sulochana',1,'Model','Name: CH10428'),(20745,'2018-06-08 05:51:21','Sulochana',2,'Master Data',''),(20746,'2018-06-08 05:51:26','Sulochana',2,'Item Images',''),(20747,'2018-06-08 05:51:38','Sulochana',1,'Image Upload','File Name: 418469660215741.jpg'),(20748,'2018-06-08 05:51:45','Sulochana',3,'Model Image','Model ID : 10'),(20749,'2018-06-08 05:51:45','Sulochana',2,'Item Images',''),(20750,'2018-06-08 05:51:51','Sulochana',2,'Item Images',''),(20751,'2018-06-08 05:52:01','Sulochana',2,'Master Data',''),(20752,'2018-06-08 05:52:27','Sulochana',2,'Master Data',''),(20753,'2018-06-08 05:52:39','Sulochana',2,'Items',''),(20754,'2018-06-08 05:52:48','Sulochana',2,'Add Item',''),(20755,'2018-06-08 05:53:44','Sulochana',2,'Add Item Next',''),(20756,'2018-06-08 05:53:48','Sulochana',1,'Add Item','ID : 9'),(20757,'2018-06-08 05:53:49','Sulochana',2,'Items',''),(20758,'2018-06-08 05:54:15','Sulochana',2,'Item Images',''),(20759,'2018-06-08 05:54:30','Sulochana',1,'Image Upload','File Name: 663254463861502.jpg'),(20760,'2018-06-08 05:54:32','Sulochana',1,'Image Upload','File Name: 248195102217946.jpg'),(20761,'2018-06-08 05:54:33','Sulochana',1,'Image Upload','File Name: 226510394619435.jpg'),(20762,'2018-06-08 05:54:51','Sulochana',3,'Item Images','Item ID : 9'),(20763,'2018-06-08 05:54:51','Sulochana',2,'Item Images',''),(20764,'2018-06-08 05:54:57','Sulochana',2,'Item Images',''),(20765,'2018-06-08 05:55:02','Sulochana',2,'Items',''),(20766,'2018-06-08 05:55:33','Sulochana',11,'Model','Product ID:4'),(20767,'2018-06-08 05:57:45','Sulochana',1,'Model','Name: CH12077'),(20768,'2018-06-08 05:57:47','Sulochana',2,'Master Data',''),(20769,'2018-06-08 05:58:40','Sulochana',2,'Master Data',''),(20770,'2018-06-08 05:58:49','Sulochana',2,'Item Images',''),(20771,'2018-06-08 05:59:01','Sulochana',1,'Image Upload','File Name: 617483493050487.jpg'),(20772,'2018-06-08 05:59:09','Sulochana',3,'Model Image','Model ID : 11'),(20773,'2018-06-08 05:59:10','Sulochana',2,'Item Images',''),(20774,'2018-06-08 05:59:14','Sulochana',2,'Item Images',''),(20775,'2018-06-08 05:59:34','Sulochana',2,'Items',''),(20776,'2018-06-08 05:59:38','Sulochana',2,'Master Data',''),(20777,'2018-06-08 05:59:43','Sulochana',2,'Item Images',''),(20778,'2018-06-08 05:59:59','Sulochana',2,'Master Data',''),(20779,'2018-06-08 06:00:12','Sulochana',2,'Add Item',''),(20780,'2018-06-08 06:06:31','Sulochana',11,'Model','Product ID:4'),(20781,'2018-06-08 06:09:04','Sulochana',1,'Model','Name: CH16111'),(20782,'2018-06-08 06:09:18','Sulochana',2,'Master Data',''),(20783,'2018-06-08 06:26:53','Sulochana',2,'Master Data',''),(20784,'2018-06-08 06:27:00','Sulochana',2,'Item Images',''),(20785,'2018-06-08 06:27:11','Sulochana',1,'Image Upload','File Name: 311558899252480.jpg'),(20786,'2018-06-08 06:28:05','Sulochana',3,'Model Image','Model ID : 12'),(20787,'2018-06-08 06:28:06','Sulochana',3,'Model Image','Model ID : 12'),(20788,'2018-06-08 06:28:18','Sulochana',2,'Item Images',''),(20789,'2018-06-08 06:30:47','Sulochana',2,'Item Images',''),(20790,'2018-06-08 06:31:02','Sulochana',3,'Model Image','Model ID : 12'),(20791,'2018-06-08 06:31:03','Sulochana',2,'Item Images',''),(20792,'2018-06-08 06:31:07','Sulochana',2,'Item Images',''),(20793,'2018-06-08 06:31:19','Sulochana',3,'Model Image','Model ID : 12'),(20794,'2018-06-08 06:31:20','Sulochana',2,'Item Images',''),(20795,'2018-06-08 06:31:25','Sulochana',2,'Item Images',''),(20796,'2018-06-08 06:31:47','Sulochana',2,'Master Data',''),(20797,'2018-06-08 06:32:44','Sulochana',2,'Items',''),(20798,'2018-06-08 06:32:52','Sulochana',2,'Add Item',''),(20799,'2018-06-08 06:33:37','Sulochana',2,'Add Item Next',''),(20800,'2018-06-08 06:33:39','Sulochana',1,'Add Item','ID : 10'),(20801,'2018-06-08 06:33:40','Sulochana',2,'Items',''),(20802,'2018-06-08 06:34:12','Sulochana',11,'Model','Product ID:4'),(20803,'2018-06-08 06:34:32','Sulochana',11,'Model','Product ID:1'),(20804,'2018-06-08 08:07:13','Sulochana',11,'Model','Product ID:1'),(20805,'2018-06-08 08:07:17','Sulochana',11,'Model','Product ID:1'),(20806,'2018-06-08 08:07:28','Sulochana',11,'Model','Product ID:1'),(20807,'2018-06-08 08:08:14','Sulochana',2,'Master Data',''),(20808,'2018-06-08 08:08:24','Sulochana',2,'Item Images',''),(20809,'2018-06-08 08:08:43','Sulochana',1,'Image Upload','File Name: 294082461165145.jpg'),(20810,'2018-06-08 08:08:45','Sulochana',1,'Image Upload','File Name: 241180886374613.jpg'),(20811,'2018-06-08 08:08:46','Sulochana',1,'Image Upload','File Name: 321508272970345.jpg'),(20812,'2018-06-08 08:08:56','Sulochana',3,'Item Images','Item ID : 10'),(20813,'2018-06-08 08:08:56','Sulochana',2,'Item Images',''),(20814,'2018-06-08 08:09:00','Sulochana',2,'Item Images',''),(20815,'2018-06-08 08:09:10','Sulochana',2,'Items',''),(20816,'2018-06-08 08:37:01','Sulochana',11,'Model','Product ID:4'),(20817,'2018-06-08 08:37:02','Sulochana',11,'Model','Product ID:4'),(20818,'2018-06-08 08:37:02','Sulochana',11,'Model','Product ID:4'),(20819,'2018-06-08 08:37:15','Sulochana',11,'Model','Product ID:4'),(20820,'2018-06-08 08:37:23','Sulochana',11,'Model','Product ID:4'),(20821,'2018-06-08 08:37:31','Sulochana',2,'Model','Model ID:12'),(20822,'2018-06-08 08:37:38','Sulochana',11,'Model','Product ID:4'),(20823,'2018-06-08 08:37:53','Sulochana',11,'Model','Product ID:1'),(20824,'2018-06-08 08:38:13','Sulochana',11,'Model','Product ID:2'),(20825,'2018-06-08 08:38:16','Sulochana',11,'Model','Product ID:3'),(20826,'2018-06-08 08:38:18','Sulochana',11,'Model','Product ID:4'),(20827,'2018-06-08 09:03:06','Sulochana',11,'Model','Product ID:4'),(20828,'2018-06-08 09:03:07','Sulochana',11,'Model','Product ID:1'),(20829,'2018-06-08 11:11:12','Guest',11,'Model','Product ID:4'),(20830,'2018-06-08 11:11:12','Guest',11,'Model','Product ID:4'),(20831,'2018-06-08 11:11:38','Guest',11,'Model','Product ID:1'),(20832,'2018-06-08 11:20:54','Guest',11,'Model','Product ID:4'),(20833,'2018-06-08 11:24:49','Guest',2,'Model','Model ID:11'),(20834,'2018-06-11 02:42:55','Guest',2,'Model','Model ID:11'),(20835,'2018-06-11 02:52:14','Sulochana',8,'Login Success','Username: Sulochana|IP: 182.161.24.175'),(20836,'2018-06-11 03:01:16','Sulochana',8,'Login Success','Username: Sulochana|IP: 182.161.24.175'),(20837,'2018-06-11 03:03:14','Sulochana',8,'Login Success','Username: Sulochana|IP: 182.161.24.175'),(20838,'2018-06-11 07:57:17','Sulochana',8,'Login Success','Username: Sulochana|IP: 182.161.24.175'),(20839,'2018-06-11 07:57:28','Sulochana',2,'Master Data',''),(20840,'2018-06-11 07:58:55','Sulochana',1,'Model','Name: ET17503'),(20841,'2018-06-11 07:58:57','Sulochana',2,'Master Data',''),(20842,'2018-06-11 07:59:07','Sulochana',2,'Master Data',''),(20843,'2018-06-11 07:59:23','Sulochana',2,'Items',''),(20844,'2018-06-11 07:59:34','Sulochana',2,'Add Item',''),(20845,'2018-06-11 08:01:04','Sulochana',2,'Master Data',''),(20846,'2018-06-11 08:01:55','Sulochana',2,'Master Data',''),(20847,'2018-06-11 08:02:23','Sulochana',1,'Field Value','Value: 531'),(20848,'2018-06-11 08:02:37','Sulochana',1,'Field Value','Value: RED'),(20849,'2018-06-11 08:02:43','Sulochana',2,'Master Data',''),(20850,'2018-06-11 08:03:41','Sulochana',2,'Master Data',''),(20851,'2018-06-11 08:03:51','Sulochana',2,'Item Images',''),(20852,'2018-06-11 08:04:07','Sulochana',1,'Image Upload','File Name: 284772901908167.jpg'),(20853,'2018-06-11 08:04:12','Sulochana',3,'Model Image','Model ID : 13'),(20854,'2018-06-11 08:04:13','Sulochana',2,'Item Images',''),(20855,'2018-06-11 08:04:17','Sulochana',2,'Item Images',''),(20856,'2018-06-11 08:04:26','Sulochana',2,'Add Item',''),(20857,'2018-06-11 08:04:27','Sulochana',2,'Add Item',''),(20858,'2018-06-11 08:05:39','Sulochana',2,'Add Item Next',''),(20859,'2018-06-11 08:05:44','Sulochana',1,'Add Item','ID : 11'),(20860,'2018-06-11 08:05:44','Sulochana',2,'Items',''),(20861,'2018-06-11 08:06:13','Sulochana',2,'Item Images',''),(20862,'2018-06-11 08:06:30','Sulochana',1,'Image Upload','File Name: 244781690613146.jpg'),(20863,'2018-06-11 08:06:31','Sulochana',1,'Image Upload','File Name: 172513589806278.jpg'),(20864,'2018-06-11 08:06:33','Sulochana',1,'Image Upload','File Name: 842626159035947.jpg'),(20865,'2018-06-11 08:06:38','Sulochana',3,'Item Images','Item ID : 11'),(20866,'2018-06-11 08:06:39','Sulochana',2,'Item Images',''),(20867,'2018-06-11 08:06:58','Sulochana',3,'Item Images','Item ID : 11'),(20868,'2018-06-11 08:06:58','Sulochana',2,'Item Images',''),(20869,'2018-06-11 08:07:05','Sulochana',2,'Item Images',''),(20870,'2018-06-11 08:07:11','Sulochana',2,'Master Data',''),(20871,'2018-06-11 08:38:10','Sulochana',2,'Item Images',''),(20872,'2018-06-11 08:38:14','Sulochana',2,'Master Data',''),(20873,'2018-06-11 08:49:08','Sulochana',2,'Item Images',''),(20874,'2018-06-11 08:49:13','Sulochana',2,'Items',''),(20875,'2018-06-11 08:49:57','Sulochana',1,'Field Value','Value: 586'),(20876,'2018-06-11 08:50:12','Sulochana',2,'Master Data',''),(20877,'2018-06-11 08:52:23','Sulochana',1,'Model','Name: ET17464'),(20878,'2018-06-11 08:52:25','Sulochana',2,'Master Data',''),(20879,'2018-06-11 08:52:59','Sulochana',2,'Master Data',''),(20880,'2018-06-11 08:53:04','Sulochana',2,'Item Images',''),(20881,'2018-06-11 08:53:29','Sulochana',1,'Image Upload','File Name: 313977879951793.jpg'),(20882,'2018-06-11 08:53:35','Sulochana',3,'Model Image','Model ID : 14'),(20883,'2018-06-11 08:53:35','Sulochana',2,'Item Images',''),(20884,'2018-06-11 08:54:06','Sulochana',3,'Model Image','Model ID : 14'),(20885,'2018-06-11 08:54:07','Sulochana',2,'Item Images',''),(20886,'2018-06-11 08:54:18','Sulochana',2,'Item Images',''),(20887,'2018-06-11 08:54:30','Sulochana',2,'Items',''),(20888,'2018-06-11 08:54:42','Sulochana',2,'Add Item',''),(20889,'2018-06-11 08:55:53','Sulochana',2,'Add Item Next',''),(20890,'2018-06-11 08:56:01','Sulochana',1,'Add Item','ID : 12'),(20891,'2018-06-11 08:56:02','Sulochana',2,'Items',''),(20892,'2018-06-11 08:56:19','Sulochana',2,'Item Images',''),(20893,'2018-06-11 08:56:50','Sulochana',1,'Image Upload','File Name: 142706201672515.jpg'),(20894,'2018-06-11 08:56:53','Sulochana',1,'Image Upload','File Name: 325741477484946.jpg'),(20895,'2018-06-11 08:56:54','Sulochana',1,'Image Upload','File Name: 174118479066908.jpg'),(20896,'2018-06-11 08:57:36','Sulochana',3,'Item Images','Item ID : 12'),(20897,'2018-06-11 08:57:37','Sulochana',2,'Item Images',''),(20898,'2018-06-11 08:57:48','Sulochana',3,'Item Images','Item ID : 12'),(20899,'2018-06-11 08:57:49','Sulochana',2,'Item Images',''),(20900,'2018-06-12 03:23:11','Sulochana',8,'Login Success','Username: Sulochana|IP: 111.223.156.31'),(20901,'2018-06-12 03:49:55','Sulochana',11,'Model','Product ID:1'),(20902,'2018-06-12 03:50:01','Sulochana',11,'Model','Product ID:4'),(20903,'2018-06-12 03:50:42','Sulochana',11,'Model','Product ID:4'),(20904,'2018-06-12 03:51:33','Sulochana',11,'Model','Product ID:4'),(20905,'2018-06-12 03:51:49','Sulochana',11,'Model','Product ID:4'),(20906,'2018-06-12 03:51:52','Sulochana',11,'Model','Product ID:2'),(20907,'2018-06-12 03:51:55','Sulochana',11,'Model','Product ID:4'),(20908,'2018-06-12 03:53:47','Sulochana',11,'Model','Product ID:4'),(20909,'2018-06-12 03:53:50','Sulochana',11,'Model','Product ID:1'),(20910,'2018-06-12 03:54:02','Sulochana',11,'Model','Product ID:4'),(20911,'2018-06-12 04:18:56','Sulochana',2,'Master Data',''),(20912,'2018-06-12 04:21:37','Sulochana',2,'Model','Model ID:14'),(20913,'2018-06-12 04:23:50','Sulochana',1,'Model','Name: ET17399'),(20914,'2018-06-12 04:23:52','Sulochana',2,'Master Data',''),(20915,'2018-06-12 04:34:50','Sulochana',1,'Field Value','Value: 546'),(20916,'2018-06-12 04:35:06','Sulochana',2,'Master Data',''),(20917,'2018-06-12 04:35:32','Sulochana',2,'Master Data',''),(20918,'2018-06-12 04:35:38','Sulochana',2,'Item Images',''),(20919,'2018-06-12 04:36:00','Sulochana',1,'Image Upload','File Name: 144795871915998.jpg'),(20920,'2018-06-12 04:49:22','Sulochana',3,'Model Image','Model ID : 15'),(20921,'2018-06-12 04:49:23','Sulochana',2,'Item Images',''),(20922,'2018-06-12 04:52:03','Sulochana',2,'Item Images',''),(20923,'2018-06-12 04:52:09','Sulochana',2,'Master Data',''),(20924,'2018-06-12 04:52:17','Sulochana',2,'Items',''),(20925,'2018-06-12 04:52:32','Sulochana',2,'Add Item',''),(20926,'2018-06-12 04:53:28','Sulochana',2,'Add Item Next',''),(20927,'2018-06-12 04:53:32','Sulochana',1,'Add Item','ID : 13'),(20928,'2018-06-12 04:53:33','Sulochana',2,'Items',''),(20929,'2018-06-12 04:54:48','Sulochana',2,'Item Images',''),(20930,'2018-06-12 04:55:05','Sulochana',1,'Image Upload','File Name: 813949680628244.jpg'),(20931,'2018-06-12 04:55:07','Sulochana',1,'Image Upload','File Name: 166989235077898.jpg'),(20932,'2018-06-12 04:55:08','Sulochana',1,'Image Upload','File Name: 144351900528199.jpg'),(20933,'2018-06-12 04:55:24','Sulochana',1,'Image Upload','File Name: 149289470691778.jpg'),(20934,'2018-06-12 04:55:25','Sulochana',1,'Image Upload','File Name: 340450386376597.jpg'),(20935,'2018-06-12 04:55:26','Sulochana',1,'Image Upload','File Name: 960398261832431.jpg'),(20936,'2018-06-12 04:55:33','Sulochana',3,'Item Images','Item ID : 13'),(20937,'2018-06-12 04:55:33','Sulochana',2,'Item Images',''),(20938,'2018-06-12 04:55:44','Sulochana',2,'Item Images',''),(20939,'2018-06-12 04:56:40','Sulochana',3,'Item Images','Item ID : 13'),(20940,'2018-06-12 04:56:40','Sulochana',2,'Item Images',''),(20941,'2018-06-12 04:57:13','Sulochana',2,'Item Images',''),(20942,'2018-06-12 04:58:43','Sulochana',11,'Model','Product ID:4'),(20943,'2018-06-12 04:58:51','Sulochana',2,'Model','Model ID:10'),(20944,'2018-06-12 04:59:56','Sulochana',2,'Items',''),(20945,'2018-06-12 04:59:57','Sulochana',2,'Items',''),(20946,'2018-06-12 05:01:53','Sulochana',2,'Master Data',''),(20947,'2018-06-12 05:02:00','Sulochana',2,'Master Data',''),(20948,'2018-06-12 05:03:18','Sulochana',1,'Model','Name: ET14135'),(20949,'2018-06-12 05:03:30','Sulochana',2,'Master Data',''),(20950,'2018-06-12 05:03:39','Sulochana',2,'Master Data',''),(20951,'2018-06-12 05:03:41','Sulochana',2,'Master Data',''),(20952,'2018-06-12 05:06:33','Sulochana',2,'Items',''),(20953,'2018-06-12 05:06:57','Sulochana',2,'Add Item',''),(20954,'2018-06-12 05:09:40','Sulochana',2,'Add Item',''),(20955,'2018-06-12 05:10:32','Sulochana',2,'Add Item Next',''),(20956,'2018-06-12 05:10:36','Sulochana',1,'Add Item','ID : 14'),(20957,'2018-06-12 05:10:37','Sulochana',2,'Items',''),(20958,'2018-06-12 05:12:52','Sulochana',2,'Item Images',''),(20959,'2018-06-12 05:13:12','Sulochana',1,'Image Upload','File Name: 304915827428877.jpg'),(20960,'2018-06-12 05:13:13','Sulochana',1,'Image Upload','File Name: 904287587151026.jpg'),(20961,'2018-06-12 05:13:14','Sulochana',1,'Image Upload','File Name: 718540951917901.jpg'),(20962,'2018-06-12 05:13:31','Sulochana',3,'Item Images','Item ID : 14'),(20963,'2018-06-12 05:13:31','Sulochana',2,'Item Images',''),(20964,'2018-06-12 05:14:30','Sulochana',3,'Item Images','Item ID : 14'),(20965,'2018-06-12 05:14:30','Sulochana',2,'Item Images',''),(20966,'2018-06-12 05:15:34','Sulochana',2,'Item Images',''),(20967,'2018-06-12 05:15:52','Sulochana',2,'Master Data',''),(20968,'2018-06-12 05:15:57','Sulochana',2,'Item Images',''),(20969,'2018-06-12 05:16:00','Sulochana',2,'Items',''),(20970,'2018-06-12 05:16:28','Sulochana',2,'Add Item',''),(20971,'2018-06-12 05:18:33','Sulochana',2,'Add Item',''),(20972,'2018-06-12 05:19:01','Sulochana',2,'Add Item Next',''),(20973,'2018-06-12 05:19:04','Sulochana',1,'Add Item','ID : 15'),(20974,'2018-06-12 05:19:05','Sulochana',2,'Items',''),(20975,'2018-06-12 05:19:22','Sulochana',2,'Master Data',''),(20976,'2018-06-12 05:19:39','Sulochana',2,'Item Images',''),(20977,'2018-06-12 05:20:27','Sulochana',1,'Image Upload','File Name: 257900485531861.jpg'),(20978,'2018-06-12 05:20:46','Sulochana',1,'Image Upload','File Name: 167536922393384.jpg'),(20979,'2018-06-12 05:20:51','Sulochana',3,'Model Image','Model ID : 15'),(20980,'2018-06-12 05:20:52','Sulochana',2,'Item Images',''),(20981,'2018-06-12 05:21:04','Sulochana',2,'Item Images',''),(20982,'2018-06-12 05:21:26','Sulochana',1,'Image Upload','File Name: 173409465545837.jpg'),(20983,'2018-06-12 05:21:27','Sulochana',1,'Image Upload','File Name: 177373088889377.jpg'),(20984,'2018-06-12 05:21:29','Sulochana',1,'Image Upload','File Name: 792310737005178.jpg'),(20985,'2018-06-12 05:21:39','Sulochana',3,'Item Images','Item ID : 15'),(20986,'2018-06-12 05:21:39','Sulochana',2,'Item Images',''),(20987,'2018-06-12 05:21:47','Sulochana',11,'Model','Product ID:4'),(20988,'2018-06-12 05:22:08','Sulochana',3,'Model Image','Model ID : 15'),(20989,'2018-06-12 05:22:08','Sulochana',2,'Item Images',''),(20990,'2018-06-12 05:22:13','Sulochana',2,'Item Images',''),(20991,'2018-06-12 05:22:17','Sulochana',2,'Item Images',''),(20992,'2018-06-12 05:22:23','Sulochana',2,'Master Data',''),(20993,'2018-06-12 05:22:50','Sulochana',2,'Item Images',''),(20994,'2018-06-12 05:25:02','Sulochana',1,'Image Upload','File Name: 148683123598753.jpg'),(20995,'2018-06-12 05:25:06','Sulochana',3,'Model Image','Model ID : 16'),(20996,'2018-06-12 05:25:06','Sulochana',2,'Item Images',''),(20997,'2018-06-12 05:26:34','Sulochana',3,'Model Image','Model ID : 16'),(20998,'2018-06-12 05:26:35','Sulochana',2,'Item Images',''),(20999,'2018-06-12 05:28:12','Sulochana',3,'Model Image','Model ID : 16'),(21000,'2018-06-12 05:28:12','Sulochana',2,'Item Images',''),(21001,'2018-06-12 05:30:08','Sulochana',11,'Model','Product ID:4'),(21002,'2018-06-12 05:30:20','Sulochana',2,'Model','Model ID:15'),(21003,'2018-06-12 05:30:57','Sulochana',2,'Item','Item ID:13'),(21004,'2018-06-12 05:31:03','Sulochana',2,'Model','Model ID:15'),(21005,'2018-06-12 05:31:15','Sulochana',2,'Item','Item ID:15'),(21006,'2018-06-12 05:31:30','Sulochana',11,'Model','Product ID:1'),(21007,'2018-06-12 05:31:34','Sulochana',11,'Model','Product ID:4'),(21008,'2018-06-12 05:34:00','Sulochana',2,'Item Images',''),(21009,'2018-06-12 05:34:01','Sulochana',2,'Item Images',''),(21010,'2018-06-12 05:34:07','Sulochana',2,'Item Images',''),(21011,'2018-06-12 05:34:10','Sulochana',2,'Item Images',''),(21012,'2018-06-12 05:34:14','Sulochana',2,'Master Data',''),(21013,'2018-06-12 05:35:39','Sulochana',1,'Model','Name: ET17317'),(21014,'2018-06-12 05:35:41','Sulochana',2,'Master Data',''),(21015,'2018-06-12 05:35:46','Sulochana',11,'Model','Product ID:3'),(21016,'2018-06-12 05:35:49','Sulochana',11,'Model','Product ID:2'),(21017,'2018-06-12 05:36:12','Sulochana',2,'Items',''),(21018,'2018-06-12 05:36:19','Sulochana',2,'Items',''),(21019,'2018-06-12 05:36:27','Sulochana',2,'Add Item',''),(21020,'2018-06-12 05:38:02','Sulochana',2,'Add Item',''),(21021,'2018-06-12 05:38:56','Sulochana',2,'Add Item Next',''),(21022,'2018-06-12 05:39:00','Sulochana',1,'Add Item','ID : 16'),(21023,'2018-06-12 05:39:01','Sulochana',2,'Items',''),(21024,'2018-06-12 05:40:56','Sulochana',2,'Master Data',''),(21025,'2018-06-12 05:41:40','Sulochana',2,'Item Images',''),(21026,'2018-06-12 05:42:09','Test Administrator - No 1',8,'Login Success','Username: Test Administrator - No 1|IP: 112.134.5.40'),(21027,'2018-06-12 05:42:23','Sulochana',1,'Image Upload','File Name: 806716804965712.jpg'),(21028,'2018-06-12 05:42:24','Sulochana',1,'Image Upload','File Name: 121440599733094.jpg'),(21029,'2018-06-12 05:42:26','Sulochana',1,'Image Upload','File Name: 186881359634525.jpg'),(21030,'2018-06-12 05:42:29','Test Administrator - No 1',2,'Master Data',''),(21031,'2018-06-12 05:42:30','Sulochana',3,'Item Images','Item ID : 16'),(21032,'2018-06-12 05:42:31','Sulochana',2,'Item Images',''),(21033,'2018-06-12 05:43:02','Test Administrator - No 1',2,'Items',''),(21034,'2018-06-12 05:43:03','Sulochana',2,'Item Images',''),(21035,'2018-06-12 05:43:23','Sulochana',1,'Image Upload','File Name: 127126780943827.jpg'),(21036,'2018-06-12 05:43:29','Sulochana',3,'Model Image','Model ID : 17'),(21037,'2018-06-12 05:43:30','Sulochana',2,'Item Images',''),(21038,'2018-06-12 05:43:34','Test Administrator - No 1',11,'Model','Product ID:1'),(21039,'2018-06-12 05:43:42','Test Administrator - No 1',11,'Model','Product ID:4'),(21040,'2018-06-12 05:44:29','Sulochana',3,'Model Image','Model ID : 17'),(21041,'2018-06-12 05:44:30','Sulochana',2,'Item Images',''),(21042,'2018-06-12 05:52:28','Sulochana',3,'Item Images','Item ID : 16'),(21043,'2018-06-12 05:52:28','Sulochana',2,'Item Images',''),(21044,'2018-06-12 05:52:37','Sulochana',3,'Model Image','Model ID : 17'),(21045,'2018-06-12 05:52:37','Sulochana',2,'Item Images',''),(21046,'2018-06-12 05:53:13','Sulochana',2,'Item Images',''),(21047,'2018-06-12 06:04:21','Sulochana',3,'Item Images','Item ID : 16'),(21048,'2018-06-12 06:04:22','Sulochana',2,'Item Images',''),(21049,'2018-06-12 08:45:34','Sulochana',8,'Login Success','Username: Sulochana|IP: 111.223.156.31'),(21050,'2018-06-12 08:45:57','Sulochana',2,'Master Data',''),(21051,'2018-06-12 08:46:03','Sulochana',2,'Master Data',''),(21052,'2018-06-12 08:46:04','Sulochana',2,'Master Data',''),(21053,'2018-06-12 08:46:21','Sulochana',2,'Items',''),(21054,'2018-06-12 08:46:28','Sulochana',2,'Master Data',''),(21055,'2018-06-12 09:01:44','Sulochana',1,'Model','Name: ET17336'),(21056,'2018-06-12 09:01:46','Sulochana',2,'Master Data',''),(21057,'2018-06-12 09:02:53','Sulochana',1,'Field Value','Value: 532'),(21058,'2018-06-12 09:03:53','Sulochana',2,'Master Data',''),(21059,'2018-06-12 09:03:59','Sulochana',2,'Master Data',''),(21060,'2018-06-12 09:04:18','Sulochana',2,'Items',''),(21061,'2018-06-12 09:36:40','Sulochana',11,'Model','Product ID:2'),(21062,'2018-06-12 09:36:40','Sulochana',11,'Model','Product ID:3'),(21063,'2018-06-12 09:36:44','Sulochana',11,'Model','Product ID:4'),(21064,'2018-06-12 09:43:37','Sulochana',2,'Brands',''),(21065,'2018-06-12 09:43:44','Sulochana',2,'Items',''),(21066,'2018-06-12 09:44:57','Sulochana',2,'Brands',''),(21067,'2018-06-12 09:45:04','Sulochana',2,'Items',''),(21068,'2018-06-12 09:45:30','Sulochana',2,'Master Data',''),(21069,'2018-06-12 09:45:48','Sulochana',2,'Item Images',''),(21070,'2018-06-12 09:46:05','Sulochana',2,'Model','Model ID:18'),(21071,'2018-06-12 09:46:22','Sulochana',2,'Model','Model ID:18'),(21072,'2018-06-12 09:51:07','Sulochana',1,'Image Upload','File Name: 201852463951960.jpg'),(21073,'2018-06-12 09:51:15','Sulochana',3,'Model Image','Model ID : 18'),(21074,'2018-06-12 09:51:15','Sulochana',2,'Item Images',''),(21075,'2018-06-12 09:51:27','Sulochana',3,'Model Image','Model ID : 18'),(21076,'2018-06-12 09:51:28','Sulochana',2,'Item Images',''),(21077,'2018-06-12 09:55:47','Sulochana',3,'Model Image','Model ID : 18'),(21078,'2018-06-12 09:55:47','Sulochana',2,'Item Images',''),(21079,'2018-06-12 09:56:14','Sulochana',11,'Model','Product ID:4'),(21080,'2018-06-12 09:58:55','Sulochana',3,'Model Image','Model ID : 18'),(21081,'2018-06-12 09:58:56','Sulochana',2,'Item Images',''),(21082,'2018-06-12 10:13:42','Test Administrator - No 1',8,'Login Success','Username: Test Administrator - No 1|IP: 112.134.5.40'),(21083,'2018-06-12 10:13:48','Test Administrator - No 1',2,'Items',''),(21084,'2018-06-12 10:14:14','Test Administrator - No 1',2,'Items',''),(21085,'2018-06-12 10:29:47','Test Administrator - No 1',11,'Model','Product ID:1'),(21086,'2018-06-12 10:29:51','Test Administrator - No 1',11,'Model','Product ID:4'),(21087,'2018-06-12 10:30:00','Test Administrator - No 1',2,'Model','Model ID:16'),(21088,'2018-06-12 10:30:15','Test Administrator - No 1',11,'Model','Product ID:4'),(21089,'2018-06-12 10:59:05','Test Administrator - No 1',2,'Model','Model ID:4'),(21090,'2018-06-12 11:14:50','Test Administrator - No 1',11,'Model','Product ID:4'),(21091,'2018-06-12 11:15:50','Test Administrator - No 1',11,'Model','Product ID:4'),(21092,'2018-06-13 03:11:11','Guest',11,'Model','Product ID:4'),(21093,'2018-06-13 03:11:24','Guest',11,'Model','Product ID:1'),(21094,'2018-06-13 03:11:57','Guest',11,'Model','Product ID:4'),(21095,'2018-06-13 03:12:05','Sulochana',8,'Login Success','Username: Sulochana|IP: 111.223.133.92'),(21096,'2018-06-13 03:12:25','Sulochana',8,'Login Success','Username: Sulochana|IP: 111.223.133.92'),(21097,'2018-06-13 03:29:23','Guest',11,'Model','Product ID:1'),(21098,'2018-06-13 03:29:27','Guest',2,'Model','Model ID:1'),(21099,'2018-06-13 03:30:22','Guest',11,'Model','Product ID:1'),(21100,'2018-06-13 03:30:25','Guest',11,'Model','Product ID:4'),(21101,'2018-06-13 03:30:29','Guest',2,'Model','Model ID:16'),(21102,'2018-06-13 03:43:15','Guest',11,'Model','Product ID:1'),(21103,'2018-06-13 03:43:19','Guest',2,'Model','Model ID:3'),(21104,'2018-06-13 03:43:45','Guest',11,'Model','Product ID:1'),(21105,'2018-06-13 03:45:54','Sulochana',8,'Login Success','Username: Sulochana|IP: 111.223.133.92'),(21106,'2018-06-13 03:52:47','Guest',11,'Model','Product ID:1'),(21107,'2018-06-13 03:52:52','Guest',11,'Model','Product ID:4'),(21108,'2018-06-13 03:53:11','Guest',2,'Model','Model ID:13'),(21109,'2018-06-13 03:53:36','Guest',2,'Model','Model ID:13'),(21110,'2018-06-13 03:53:41','Guest',11,'Model','Product ID:4'),(21111,'2018-06-13 03:53:47','Guest',2,'Model','Model ID:4'),(21112,'2018-06-13 03:53:55','Guest',2,'Model','Model ID:4'),(21113,'2018-06-13 03:54:01','Guest',11,'Model','Product ID:4'),(21114,'2018-06-13 03:55:07','Guest',11,'Model','Product ID:1'),(21115,'2018-06-13 03:55:09','Guest',2,'Model','Model ID:1'),(21116,'2018-06-13 03:55:19','Guest',2,'Model','Model ID:1'),(21117,'2018-06-13 05:01:27','Guest',11,'Model','Product ID:1'),(21118,'2018-06-13 05:01:30','Guest',2,'Model','Model ID:3'),(21119,'2018-06-13 05:01:48','Guest',11,'Model','Product ID:1'),(21120,'2018-06-13 05:01:54','Guest',11,'Model','Product ID:1'),(21121,'2018-06-13 05:02:00','Guest',11,'Model','Product ID:4'),(21122,'2018-06-13 05:02:04','Guest',2,'Model','Model ID:5'),(21123,'2018-06-13 05:02:38','Guest',2,'Model','Model ID:5'),(21124,'2018-06-13 05:03:16','Guest',2,'Model','Model ID:5'),(21125,'2018-06-13 05:06:21','Guest',2,'Model','Model ID:5'),(21126,'2018-06-13 08:55:33','Guest',11,'Model','Product ID:1'),(21127,'2018-06-13 08:55:47','Guest',11,'Model','Product ID:2'),(21128,'2018-06-13 08:55:51','Guest',11,'Model','Product ID:1'),(21129,'2018-06-13 08:56:07','Guest',2,'Model','Model ID:2'),(21130,'2018-06-13 08:56:42','Guest',2,'Item','Item ID:10'),(21131,'2018-06-13 08:57:03','Guest',11,'Model','Product ID:1'),(21132,'2018-06-13 14:59:03','Guest',11,'Model','Product ID:1'),(21133,'2018-06-13 14:59:58','Guest',2,'Model','Model ID:1'),(21134,'2018-06-14 04:11:37','Guest',11,'Model','Product ID:4'),(21135,'2018-06-14 04:12:27','Guest',2,'Model','Model ID:11'),(21136,'2018-06-14 04:13:39','Guest',11,'Model','Product ID:1'),(21137,'2018-06-14 04:13:43','Guest',2,'Model','Model ID:1'),(21138,'2018-06-14 04:13:47','Guest',11,'Model','Product ID:1'),(21139,'2018-06-14 04:13:49','Guest',2,'Model','Model ID:3'),(21140,'2018-06-14 04:14:37','Guest',11,'Model','Product ID:1'),(21141,'2018-06-14 04:15:54','Guest',2,'Model','Model ID:3'),(21142,'2018-06-14 04:15:58','Guest',11,'Model','Product ID:1'),(21143,'2018-06-14 12:16:28','Sulochana',8,'Login Success','Username: Sulochana|IP: 111.223.158.16'),(21144,'2018-06-14 12:16:40','Sulochana',11,'Model','Product ID:4'),(21145,'2018-06-15 11:07:38','Guest',11,'Model','Product ID:4'),(21146,'2018-06-15 11:07:38','Guest',11,'Model','Product ID:1'),(21147,'2018-06-15 11:07:45','Guest',11,'Model','Product ID:4'),(21148,'2018-06-15 11:08:00','Guest',2,'Model','Model ID:16'),(21149,'2018-06-15 11:08:20','Guest',2,'Model','Model ID:16'),(21150,'2018-06-15 11:08:28','Guest',2,'Model','Model ID:16'),(21151,'2018-06-15 11:08:30','Guest',11,'Model','Product ID:4'),(21152,'2018-06-15 11:08:32','Guest',2,'Model','Model ID:15'),(21153,'2018-06-15 11:09:09','Guest',2,'Model','Model ID:15'),(21154,'2018-06-15 11:09:31','Guest',11,'Model','Product ID:4'),(21155,'2018-06-15 11:09:35','Guest',2,'Model','Model ID:8'),(21156,'2018-06-15 11:09:41','Guest',11,'Model','Product ID:4'),(21157,'2018-06-15 11:09:44','Guest',2,'Model','Model ID:15'),(21158,'2018-06-15 11:10:04','Guest',2,'Model','Model ID:15'),(21159,'2018-06-15 11:10:09','Guest',11,'Model','Product ID:4'),(21160,'2018-06-15 11:10:45','Guest',11,'Model','Product ID:4'),(21161,'2018-06-15 11:10:58','Guest',11,'Model','Product ID:1'),(21162,'2018-06-15 11:11:04','Guest',2,'Model','Model ID:3'),(21163,'2018-06-15 11:11:20','Sulochana',8,'Login Success','Username: Sulochana|IP: 182.161.31.52'),(21164,'2018-06-15 11:11:26','Sulochana',11,'Model','Product ID:1'),(21165,'2018-06-15 11:11:48','Sulochana',2,'Master Data',''),(21166,'2018-06-15 11:12:18','Sulochana',2,'Master Data',''),(21167,'2018-06-15 11:15:33','Sulochana',2,'Items',''),(21168,'2018-06-15 11:16:06','Sulochana',2,'Add Item',''),(21169,'2018-06-15 11:16:14','Sulochana',2,'Items',''),(21170,'2018-06-15 11:16:25','Sulochana',2,'Item',''),(21171,'2018-06-15 11:16:35','Sulochana',2,'Items',''),(21172,'2018-06-15 11:16:42','Sulochana',2,'Item',''),(21173,'2018-06-15 11:16:48','Sulochana',2,'Items',''),(21174,'2018-06-15 11:16:54','Sulochana',2,'Master Data',''),(21175,'2018-06-15 11:17:07','Sulochana',2,'Master Data',''),(21176,'2018-06-15 11:40:20','Sulochana',2,'Model','Model ID:3'),(21177,'2018-06-15 11:40:31','Guest',11,'Model','Product ID:2'),(21178,'2018-06-15 11:40:32','Sulochana',2,'Model','Model ID:3'),(21179,'2018-06-15 11:40:38','Guest',11,'Model','Product ID:1'),(21180,'2018-06-15 11:40:44','Guest',11,'Model','Product ID:3'),(21181,'2018-06-15 11:40:46','Guest',11,'Model','Product ID:4'),(21182,'2018-06-15 11:40:57','Guest',2,'Model','Model ID:4'),(21183,'2018-06-15 11:41:02','Sulochana',2,'Model','Model ID:3'),(21184,'2018-06-15 11:41:05','Sulochana',11,'Model','Product ID:2'),(21185,'2018-06-15 11:41:07','Sulochana',11,'Model','Product ID:4'),(21186,'2018-06-15 11:41:11','Sulochana',2,'Model','Model ID:17'),(21187,'2018-06-15 11:41:19','Sulochana',2,'Model','Model ID:17'),(21188,'2018-06-15 11:42:09','Sulochana',11,'Model','Product ID:2'),(21189,'2018-06-15 11:42:18','Sulochana',11,'Model','Product ID:2'),(21190,'2018-06-15 11:43:15','Sulochana',11,'Model','Product ID:4'),(21191,'2018-06-15 11:44:17','Sulochana',11,'Model','Product ID:2'),(21192,'2018-06-15 11:45:35','Guest',11,'Model','Product ID:1'),(21193,'2018-06-15 11:45:47','Guest',11,'Model','Product ID:1'),(21194,'2018-06-15 11:45:51','Guest',11,'Model','Product ID:1'),(21195,'2018-06-15 11:46:30','Sulochana',2,'Users',''),(21196,'2018-06-15 11:46:36','Sulochana',2,'Product Type',''),(21197,'2018-06-15 11:46:44','Sulochana',2,'Master Data',''),(21198,'2018-06-15 11:47:05','Sulochana',11,'Model','Product ID:1'),(21199,'2018-06-15 11:47:31','Sulochana',11,'Model','Product ID:1'),(21200,'2018-06-15 11:48:45','Guest',11,'Model','Product ID:4'),(21201,'2018-06-15 11:48:48','Guest',2,'Model','Model ID:17'),(21202,'2018-06-15 11:48:56','Guest',11,'Model','Product ID:4'),(21203,'2018-06-15 11:49:00','Guest',2,'Model','Model ID:11'),(21204,'2018-06-15 11:49:00','Sulochana',11,'Model','Product ID:1'),(21205,'2018-06-15 11:49:03','Sulochana',2,'Model','Model ID:1'),(21206,'2018-06-15 11:49:27','Sulochana',11,'Model','Product ID:1'),(21207,'2018-06-15 12:06:26','Sulochana',2,'Model','Model ID:3'),(21208,'2018-06-15 12:06:31','Sulochana',11,'Model','Product ID:1'),(21209,'2018-06-15 12:06:50','Sulochana',2,'Master Data',''),(21210,'2018-06-15 12:07:41','Sulochana',2,'Master Data',''),(21211,'2018-06-15 12:08:03','Sulochana',2,'Items',''),(21212,'2018-06-15 12:08:18','Sulochana',2,'Add Item',''),(21213,'2018-06-15 12:08:40','Sulochana',1,'Edit Item','ID : 3'),(21214,'2018-06-15 12:08:41','Sulochana',2,'Items',''),(21215,'2018-06-15 12:08:46','Sulochana',11,'Model','Product ID:1'),(21216,'2018-06-15 12:08:50','Sulochana',11,'Model','Product ID:1'),(21217,'2018-06-15 12:09:08','Sulochana',2,'Add Item',''),(21218,'2018-06-15 12:09:17','Sulochana',1,'Edit Item','ID : 3'),(21219,'2018-06-15 12:09:18','Sulochana',2,'Items',''),(21220,'2018-06-15 12:09:40','Sulochana',2,'Master Data',''),(21221,'2018-06-15 12:10:00','Sulochana',2,'Master Data',''),(21222,'2018-06-15 12:11:02','Sulochana',2,'Product Type',''),(21223,'2018-06-15 12:11:13','Sulochana',2,'Master Data',''),(21224,'2018-06-15 12:11:44','Sulochana',2,'Model','Model ID:1'),(21225,'2018-06-15 12:11:48','Sulochana',11,'Model','Product ID:1'),(21226,'2018-06-15 12:11:52','Sulochana',2,'Model','Model ID:3'),(21227,'2018-06-15 12:12:00','Sulochana',11,'Model','Product ID:1'),(21228,'2018-06-15 12:12:02','Sulochana',2,'Model','Model ID:1'),(21229,'2018-06-15 12:12:19','Sulochana',11,'Model','Product ID:1'),(21230,'2018-06-15 12:12:22','Sulochana',2,'Model','Model ID:2'),(21231,'2018-06-15 12:12:26','Sulochana',11,'Model','Product ID:1'),(21232,'2018-06-15 12:12:29','Sulochana',2,'Model','Model ID:3'),(21233,'2018-06-15 12:12:47','Sulochana',2,'Master Data',''),(21234,'2018-06-15 12:12:53','Sulochana',2,'Master Data',''),(21235,'2018-06-15 12:13:31','Sulochana',2,'Master Data',''),(21236,'2018-06-15 12:13:58','Sulochana',2,'Master Data',''),(21237,'2018-06-15 12:14:19','Sulochana',2,'Master Data',''),(21238,'2018-06-15 12:15:49','Sulochana',2,'Master Data',''),(21239,'2018-06-15 12:16:05','Sulochana',2,'Master Data',''),(21240,'2018-06-15 12:16:20','Sulochana',2,'Master Data',''),(21241,'2018-06-15 12:16:28','Sulochana',11,'Model','Product ID:4'),(21242,'2018-06-15 12:16:36','Sulochana',2,'Model','Model ID:10'),(21243,'2018-06-15 12:16:41','Sulochana',11,'Model','Product ID:4'),(21244,'2018-06-15 12:16:50','Sulochana',2,'Model','Model ID:14'),(21245,'2018-06-15 12:17:00','Sulochana',2,'Model','Model ID:14'),(21246,'2018-06-15 12:17:16','Sulochana',2,'Master Data',''),(21247,'2018-06-15 12:17:23','Sulochana',2,'Brands',''),(21248,'2018-06-15 12:17:34','Sulochana',2,'Category',''),(21249,'2018-06-15 12:17:38','Sulochana',2,'Brands',''),(21250,'2018-06-15 12:17:45','Sulochana',2,'GRN',''),(21251,'2018-06-15 12:18:12','Sulochana',11,'Model','Product ID:4'),(21252,'2018-06-15 12:18:20','Sulochana',2,'Model','Model ID:10'),(21253,'2018-06-15 12:19:06','Sulochana',11,'Item',''),(21254,'2018-06-15 12:19:52','Sulochana',2,'Brands',''),(21255,'2018-06-15 12:20:29','Sulochana',2,'Users',''),(21256,'2018-06-15 12:20:40','Sulochana',2,'Branch',''),(21257,'2018-06-15 12:20:47','Sulochana',2,'GRN',''),(21258,'2018-06-15 12:20:53','Sulochana',2,'Branch',''),(21259,'2018-06-15 12:20:59','Sulochana',2,'Users',''),(21260,'2018-06-15 12:21:03','Sulochana',2,'Items',''),(21261,'2018-06-15 12:21:12','Sulochana',2,'GRN','ID : 1'),(21262,'2018-06-15 12:21:42','Sulochana',2,'Items',''),(21263,'2018-06-15 12:21:56','Sulochana',2,'Items',''),(21264,'2018-06-15 12:23:34','Sulochana',1,'Grn','ID : 2'),(21265,'2018-06-15 12:23:35','Sulochana',2,'Items',''),(21266,'2018-06-15 12:23:43','Sulochana',2,'Model','Model ID:10'),(21267,'2018-06-15 12:23:48','Sulochana',11,'Model','Product ID:4'),(21268,'2018-06-15 12:23:54','Sulochana',2,'Model','Model ID:10'),(21269,'2018-06-15 12:24:09','Sulochana',2,'Model','Model ID:10'),(21270,'2018-06-15 12:24:19','Sulochana',11,'Model','Product ID:1'),(21271,'2018-06-15 12:24:36','Sulochana',2,'Master Data',''),(21272,'2018-06-15 12:25:13','Sulochana',2,'Master Data',''),(21273,'2018-06-15 12:26:09','Sulochana',2,'Suppliers',''),(21274,'2018-06-15 12:26:45','Sulochana',2,'Branch',''),(21275,'2018-06-15 12:26:50','Sulochana',2,'GRN',''),(21276,'2018-06-15 12:27:49','Sulochana',2,'GRN','ID : 2'),(21277,'2018-06-15 12:27:56','Sulochana',11,'Model','Product ID:1'),(21278,'2018-06-15 12:28:00','Sulochana',11,'Model','Product ID:4'),(21279,'2018-06-19 02:53:21','Sulochana',8,'Login Success','Username: Sulochana|IP: 182.161.15.207'),(21280,'2018-06-19 03:05:34','Sulochana',2,'Master Data',''),(21281,'2018-06-19 03:05:36','Sulochana',2,'Master Data',''),(21282,'2018-06-19 03:09:12','Sulochana',2,'Master Data',''),(21283,'2018-06-19 03:09:38','Sulochana',1,'Product','Value: RODENSTOCK'),(21284,'2018-06-19 03:09:40','Sulochana',2,'Master Data',''),(21285,'2018-06-19 03:09:53','Sulochana',2,'Master Data',''),(21286,'2018-06-19 03:10:27','Sulochana',1,'Model','Name: R8010'),(21287,'2018-06-19 03:10:29','Sulochana',2,'Master Data',''),(21288,'2018-06-19 03:11:18','Sulochana',2,'Master Data',''),(21289,'2018-06-19 03:11:42','Sulochana',1,'Model Field','Model ID : 19,Field ID : 4'),(21290,'2018-06-19 03:12:00','Sulochana',2,'Master Data',''),(21291,'2018-06-19 03:12:07','Sulochana',2,'Master Data',''),(21292,'2018-06-19 03:12:59','Sulochana',2,'Master Data',''),(21293,'2018-06-19 03:13:16','Sulochana',2,'Master Data',''),(21294,'2018-06-19 03:13:23','Sulochana',2,'Master Data',''),(21295,'2018-06-19 03:13:35','Sulochana',2,'Master Data',''),(21296,'2018-06-19 03:14:13','Sulochana',2,'Master Data',''),(21297,'2018-06-19 03:14:37','Sulochana',3,'Select Model Field Values',''),(21298,'2018-06-19 03:14:42','Sulochana',2,'Master Data',''),(21299,'2018-06-19 03:15:03','Sulochana',2,'Master Data',''),(21300,'2018-06-19 03:15:12','Sulochana',2,'Items',''),(21301,'2018-06-19 03:15:25','Sulochana',2,'Add Item',''),(21302,'2018-06-19 03:18:10','Sulochana',2,'Master Data',''),(21303,'2018-06-19 04:06:37','Guest',11,'Model','Product ID:1'),(21304,'2018-06-19 04:06:41','Guest',2,'Model','Model ID:1'),(21305,'2018-06-19 04:12:56','Sulochana',8,'Login Success','Username: Sulochana|IP: 182.161.15.207'),(21306,'2018-06-19 04:21:24','Sulochana',2,'Master Data',''),(21307,'2018-06-19 04:30:55','Sulochana',2,'Master Data',''),(21308,'2018-06-19 04:32:38','Sulochana',11,'Model','Product ID:1'),(21309,'2018-06-19 04:32:44','Sulochana',11,'Model','Product ID:4'),(21310,'2018-06-19 04:32:48','Sulochana',2,'Model','Model ID:4'),(21311,'2018-06-19 04:33:10','Sulochana',2,'Model','Model ID:4'),(21312,'2018-06-19 04:33:27','Sulochana',11,'Model','Product ID:4'),(21313,'2018-06-19 04:33:29','Sulochana',11,'Model','Product ID:1'),(21314,'2018-06-19 05:10:18','Guest',11,'Model','Product ID:1'),(21315,'2018-06-19 05:10:21','Guest',2,'Model','Model ID:1'),(21316,'2018-06-19 05:10:24','Guest',11,'Model','Product ID:1'),(21317,'2018-06-19 05:10:28','Guest',11,'Model','Product ID:4'),(21318,'2018-06-19 05:16:03','Sulochana',2,'Model','Model ID:3'),(21319,'2018-06-19 05:16:11','Sulochana',2,'Model','Model ID:3'),(21320,'2018-06-19 05:16:16','Guest',12,'Login Fail','Username: demo1|IP: 112.134.2.27'),(21321,'2018-06-19 05:16:26','Test Administrator - No 1',8,'Login Success','Username: Test Administrator - No 1|IP: 112.134.2.27'),(21322,'2018-06-19 05:16:50','Test Administrator - No 1',2,'Master Data',''),(21323,'2018-06-19 05:17:01','Test Administrator - No 1',5,'model_field','ID: 7'),(21324,'2018-06-19 05:17:09','Test Administrator - No 1',1,'Model Field','Model ID : 19,Field ID : 3'),(21325,'2018-06-19 05:17:17','Test Administrator - No 1',3,'Select Model Field Values',''),(21326,'2018-06-19 05:17:22','Test Administrator - No 1',11,'Model','Product ID:4'),(21327,'2018-06-19 05:17:47','Test Administrator - No 1',2,'Master Data',''),(21328,'2018-06-19 05:18:01','Test Administrator - No 1',2,'Master Data',''),(21329,'2018-06-19 05:18:10','Test Administrator - No 1',2,'Master Data',''),(21330,'2018-06-19 05:19:47','Test Administrator - No 1',5,'metadata_product','ID: 11'),(21331,'2018-06-19 05:19:49','Test Administrator - No 1',2,'Master Data',''),(21332,'2018-06-19 05:19:56','Test Administrator - No 1',5,'metadata_product','ID: 7'),(21333,'2018-06-19 05:19:58','Test Administrator - No 1',2,'Master Data',''),(21334,'2018-06-19 05:20:02','Test Administrator - No 1',5,'metadata_product','ID: 6'),(21335,'2018-06-19 05:20:05','Test Administrator - No 1',2,'Master Data',''),(21336,'2018-06-19 05:20:08','Test Administrator - No 1',5,'metadata_product','ID: 9'),(21337,'2018-06-19 05:20:10','Test Administrator - No 1',2,'Master Data',''),(21338,'2018-06-19 05:20:15','Test Administrator - No 1',5,'metadata_product','ID: 8'),(21339,'2018-06-19 05:20:17','Test Administrator - No 1',2,'Master Data',''),(21340,'2018-06-19 05:20:21','Test Administrator - No 1',5,'metadata_product','ID: 10'),(21341,'2018-06-19 05:20:22','Test Administrator - No 1',2,'Master Data',''),(21342,'2018-06-19 05:26:22','Sulochana',2,'Model','Model ID:3'),(21343,'2018-06-19 06:15:26','Sulochana',8,'Login Success','Username: Sulochana|IP: 182.161.15.207'),(21344,'2018-06-19 06:15:39','Sulochana',2,'Master Data',''),(21345,'2018-06-19 06:15:59','Sulochana',2,'Master Data',''),(21346,'2018-06-19 06:16:08','Sulochana',11,'Model','Product ID:1'),(21347,'2018-06-19 06:16:16','Sulochana',11,'Model','Product ID:4'),(21348,'2018-06-19 06:16:22','Sulochana',11,'Model','Product ID:1'),(21349,'2018-06-19 06:16:36','Sulochana',2,'Master Data',''),(21350,'2018-06-19 06:17:12','Sulochana',2,'Product Type',''),(21351,'2018-06-19 06:17:20','Sulochana',2,'Suppliers',''),(21352,'2018-06-19 06:17:27','Sulochana',2,'News',''),(21353,'2018-06-19 06:17:28','Sulochana',2,'GRN',''),(21354,'2018-06-19 06:17:37','Sulochana',2,'News',''),(21355,'2018-06-19 06:17:40','Sulochana',2,'Items',''),(21356,'2018-06-19 06:17:57','Sulochana',2,'Add Item',''),(21357,'2018-06-19 06:18:06','Sulochana',2,'Items',''),(21358,'2018-06-19 06:18:10','Sulochana',2,'Master Data',''),(21359,'2018-06-19 06:18:43','Sulochana',2,'Master Data',''),(21360,'2018-06-19 06:18:54','Sulochana',2,'Master Data',''),(21361,'2018-06-19 06:19:03','Sulochana',2,'Master Data',''),(21362,'2018-06-19 06:19:18','Sulochana',2,'Master Data',''),(21363,'2018-06-19 06:19:42','Sulochana',1,'Model Field','Model ID : 10,Field ID : 3'),(21364,'2018-06-19 06:20:08','Sulochana',2,'Master Data',''),(21365,'2018-06-19 06:20:41','Sulochana',2,'Master Data',''),(21366,'2018-06-19 06:21:06','Sulochana',1,'Field Value','Value: CHARMANT'),(21367,'2018-06-19 06:21:29','Sulochana',1,'Field Value','Value: ELLE'),(21368,'2018-06-19 06:21:36','Sulochana',2,'Master Data',''),(21369,'2018-06-19 06:21:45','Sulochana',3,'Select Model Field Values',''),(21370,'2018-06-19 06:21:50','Sulochana',2,'Master Data',''),(21371,'2018-06-19 06:22:00','Sulochana',1,'Model Field','Model ID : 9,Field ID : 3'),(21372,'2018-06-19 06:22:09','Sulochana',3,'Select Model Field Values',''),(21373,'2018-06-19 06:22:48','Sulochana',11,'Model','Product ID:1'),(21374,'2018-06-19 06:22:50','Sulochana',11,'Model','Product ID:4'),(21375,'2018-06-19 06:37:25','Sulochana',2,'Master Data',''),(21376,'2018-06-19 06:49:37','Sulochana',2,'Master Data',''),(21377,'2018-06-19 06:51:20','Sulochana',1,'Model Field','Model ID : 8,Field ID : 3'),(21378,'2018-06-19 06:51:29','Sulochana',3,'Select Model Field Values',''),(21379,'2018-06-19 06:51:35','Sulochana',2,'Master Data',''),(21380,'2018-06-19 06:51:47','Sulochana',2,'Master Data',''),(21381,'2018-06-19 06:51:58','Sulochana',1,'Model Field','Model ID : 11,Field ID : 3'),(21382,'2018-06-19 06:52:05','Sulochana',3,'Select Model Field Values',''),(21383,'2018-06-19 06:52:10','Sulochana',2,'Master Data',''),(21384,'2018-06-19 06:52:20','Sulochana',2,'Master Data',''),(21385,'2018-06-19 06:52:30','Sulochana',1,'Model Field','Model ID : 12,Field ID : 3'),(21386,'2018-06-19 06:52:37','Sulochana',3,'Select Model Field Values',''),(21387,'2018-06-19 06:52:45','Sulochana',2,'Master Data',''),(21388,'2018-06-19 06:52:59','Sulochana',1,'Model Field','Model ID : 5,Field ID : 3'),(21389,'2018-06-19 06:53:07','Sulochana',3,'Select Model Field Values',''),(21390,'2018-06-19 06:53:13','Sulochana',3,'Select Model Field Values',''),(21391,'2018-06-19 06:53:19','Sulochana',2,'Master Data',''),(21392,'2018-06-19 06:53:38','Sulochana',1,'Model Field','Model ID : 7,Field ID : 3'),(21393,'2018-06-19 06:53:46','Sulochana',3,'Select Model Field Values',''),(21394,'2018-06-19 06:53:51','Sulochana',2,'Master Data',''),(21395,'2018-06-19 06:54:01','Sulochana',2,'Master Data',''),(21396,'2018-06-19 06:54:15','Sulochana',1,'Model Field','Model ID : 4,Field ID : 3'),(21397,'2018-06-19 06:54:22','Sulochana',3,'Select Model Field Values',''),(21398,'2018-06-19 06:54:28','Sulochana',2,'Master Data',''),(21399,'2018-06-19 06:54:37','Sulochana',2,'Master Data',''),(21400,'2018-06-19 06:54:47','Sulochana',1,'Model Field','Model ID : 16,Field ID : 3'),(21401,'2018-06-19 06:54:54','Sulochana',3,'Select Model Field Values',''),(21402,'2018-06-19 06:55:02','Sulochana',3,'Select Model Field Values',''),(21403,'2018-06-19 06:55:08','Sulochana',2,'Master Data',''),(21404,'2018-06-19 06:55:20','Sulochana',2,'Master Data',''),(21405,'2018-06-19 06:55:35','Sulochana',2,'Master Data',''),(21406,'2018-06-19 06:55:52','Sulochana',2,'Master Data',''),(21407,'2018-06-19 06:56:17','Sulochana',1,'Model Field','Model ID : 17,Field ID : 3'),(21408,'2018-06-19 06:56:27','Sulochana',3,'Select Model Field Values',''),(21409,'2018-06-19 06:56:33','Sulochana',2,'Master Data',''),(21410,'2018-06-19 06:56:48','Sulochana',3,'Select Model Field Values',''),(21411,'2018-06-19 06:56:50','Sulochana',3,'Select Model Field Values',''),(21412,'2018-06-19 06:56:55','Sulochana',2,'Master Data',''),(21413,'2018-06-19 06:57:27','Sulochana',2,'Master Data',''),(21414,'2018-06-19 06:57:43','Sulochana',1,'Model Field','Model ID : 18,Field ID : 3'),(21415,'2018-06-19 06:57:50','Sulochana',3,'Select Model Field Values',''),(21416,'2018-06-19 06:59:44','Sulochana',2,'Master Data',''),(21417,'2018-06-19 07:00:06','Sulochana',1,'Model Field','Model ID : 15,Field ID : 3'),(21418,'2018-06-19 07:00:07','Sulochana',1,'Model Field','Model ID : 15,Field ID : 3'),(21419,'2018-06-19 07:00:14','Sulochana',5,'model_field','ID: 21'),(21420,'2018-06-19 07:00:23','Sulochana',3,'Select Model Field Values',''),(21421,'2018-06-19 07:01:12','Sulochana',2,'Master Data',''),(21422,'2018-06-19 07:01:17','Sulochana',11,'Model','Product ID:4'),(21423,'2018-06-19 07:01:28','Sulochana',11,'Model','Product ID:1'),(21424,'2018-06-19 07:01:33','Sulochana',11,'Model','Product ID:3'),(21425,'2018-06-19 07:01:35','Sulochana',11,'Model','Product ID:4'),(21426,'2018-06-19 07:01:57','Sulochana',11,'Model','Product ID:4'),(21427,'2018-06-19 07:02:18','Sulochana',11,'Model','Product ID:4'),(21428,'2018-06-19 07:04:15','Sulochana',2,'Items',''),(21429,'2018-06-19 07:04:26','Sulochana',11,'Model','Product ID:4'),(21430,'2018-06-19 07:04:58','Sulochana',11,'Model','Product ID:4'),(21431,'2018-06-19 07:08:24','Test Administrator - No 1',2,'Master Data',''),(21432,'2018-06-19 07:09:30','Test Administrator - No 1',11,'Model','Product ID:4'),(21433,'2018-06-19 07:09:35','Test Administrator - No 1',2,'Model','Model ID:19'),(21434,'2018-06-19 07:28:03','Test Administrator - No 1',11,'Model','Product ID:4'),(21435,'2018-06-19 07:28:06','Test Administrator - No 1',2,'Model','Model ID:19'),(21436,'2018-06-19 08:04:00','Test Administrator - No 1',11,'Model','Product ID:4'),(21437,'2018-06-19 08:13:45','Sulochana',2,'Items',''),(21438,'2018-06-19 08:13:53','Sulochana',2,'Add Item',''),(21439,'2018-06-19 08:16:37','Sulochana',3,'model_field','ID: 7'),(21440,'2018-06-19 08:16:45','Sulochana',3,'Select Model Field Values',''),(21441,'2018-06-19 08:17:03','Sulochana',2,'Add Item',''),(21442,'2018-06-19 08:17:06','Sulochana',2,'Add Item',''),(21443,'2018-06-19 08:17:09','Sulochana',2,'Master Data',''),(21444,'2018-06-19 08:17:23','Sulochana',2,'Master Data',''),(21445,'2018-06-19 08:17:47','Sulochana',2,'Master Data',''),(21446,'2018-06-19 08:17:49','Sulochana',2,'Add Item',''),(21447,'2018-06-19 08:17:53','Sulochana',2,'Add Item',''),(21448,'2018-06-19 08:17:55','Sulochana',2,'Add Item',''),(21449,'2018-06-19 08:18:00','Sulochana',2,'Items',''),(21450,'2018-06-19 08:18:05','Sulochana',2,'Add Item',''),(21451,'2018-06-19 08:19:34','Sulochana',2,'Add Item',''),(21452,'2018-06-19 08:19:36','Sulochana',2,'Add Item',''),(21453,'2018-06-19 08:19:45','Sulochana',2,'Items',''),(21454,'2018-06-19 08:19:51','Sulochana',2,'Items',''),(21455,'2018-06-19 08:20:00','Sulochana',2,'Add Item',''),(21456,'2018-06-19 08:23:29','Sulochana',2,'Items',''),(21457,'2018-06-19 08:23:49','Sulochana',2,'Add Item',''),(21458,'2018-06-19 08:23:53','Sulochana',2,'Items',''),(21459,'2018-06-19 08:23:59','Sulochana',2,'Items',''),(21460,'2018-06-19 08:24:15','Sulochana',2,'Items',''),(21461,'2018-06-19 08:24:30','Sulochana',2,'Add Item',''),(21462,'2018-06-19 08:24:37','Sulochana',2,'Items',''),(21463,'2018-06-19 08:25:13','Sulochana',2,'Master Data',''),(21464,'2018-06-19 08:25:39','Sulochana',2,'Master Data',''),(21465,'2018-06-19 08:26:01','Sulochana',1,'Model Field','Model ID : 3,Field ID : 3'),(21466,'2018-06-19 08:26:08','Sulochana',3,'Select Model Field Values',''),(21467,'2018-06-19 08:26:14','Sulochana',2,'Master Data',''),(21468,'2018-06-19 08:26:40','Sulochana',1,'Model Field','Model ID : 2,Field ID : 3'),(21469,'2018-06-19 08:26:52','Sulochana',3,'Select Model Field Values',''),(21470,'2018-06-19 08:26:58','Sulochana',2,'Master Data',''),(21471,'2018-06-19 08:27:17','Sulochana',2,'Master Data',''),(21472,'2018-06-19 08:27:32','Sulochana',1,'Model Field','Model ID : 13,Field ID : 3'),(21473,'2018-06-19 08:27:39','Sulochana',3,'Select Model Field Values',''),(21474,'2018-06-19 08:27:44','Sulochana',2,'Master Data',''),(21475,'2018-06-19 08:28:02','Sulochana',1,'Model Field','Model ID : 14,Field ID : 3'),(21476,'2018-06-19 08:28:08','Sulochana',3,'Select Model Field Values',''),(21477,'2018-06-19 08:28:14','Sulochana',2,'Master Data',''),(21478,'2018-06-19 08:28:28','Sulochana',2,'Master Data',''),(21479,'2018-06-19 08:28:49','Sulochana',2,'Master Data',''),(21480,'2018-06-19 08:28:52','Sulochana',11,'Model','Product ID:4'),(21481,'2018-06-19 08:29:21','Sulochana',2,'Item Images',''),(21482,'2018-06-19 08:29:48','Sulochana',1,'Image Upload','File Name: 985746892697075.jpg'),(21483,'2018-06-19 08:29:59','Sulochana',11,'Model','Product ID:4'),(21484,'2018-06-19 08:30:05','Sulochana',3,'Model Image','Model ID : 19'),(21485,'2018-06-19 08:30:06','Sulochana',2,'Item Images',''),(21486,'2018-06-19 08:30:12','Sulochana',11,'Model','Product ID:4'),(21487,'2018-06-19 08:31:08','Sulochana',11,'Model','Product ID:4'),(21488,'2018-06-19 08:32:04','Sulochana',2,'Model','Model ID:19'),(21489,'2018-06-19 08:32:18','Sulochana',2,'Model','Model ID:19'),(21490,'2018-06-19 08:32:21','Sulochana',11,'Model','Product ID:4'),(21491,'2018-06-19 08:32:30','Sulochana',2,'Model','Model ID:15'),(21492,'2018-06-19 08:32:36','Sulochana',2,'Item','Item ID:15'),(21493,'2018-06-19 08:32:58','Sulochana',2,'Model','Model ID:15'),(21494,'2018-06-19 08:33:05','Sulochana',2,'Item','Item ID:13'),(21495,'2018-06-19 08:33:33','Sulochana',2,'Item','Item ID:6'),(21496,'2018-06-19 08:33:49','Sulochana',2,'Item','Item ID:6'),(21497,'2018-06-19 08:34:10','Sulochana',2,'Item Images',''),(21498,'2018-06-19 08:34:16','Sulochana',2,'Master Data',''),(21499,'2018-06-19 08:34:22','Sulochana',2,'Items',''),(21500,'2018-06-19 08:34:32','Sulochana',2,'Add Item',''),(21501,'2018-06-19 08:38:12','Test Administrator - No 1',2,'Master Data',''),(21502,'2018-06-19 08:42:16','Test Administrator - No 1',2,'Master Data',''),(21503,'2018-06-19 08:42:21','Test Administrator - No 1',2,'Items',''),(21504,'2018-06-19 08:42:27','Test Administrator - No 1',2,'Add Item',''),(21505,'2018-06-19 08:42:43','Sulochana',2,'Add Item',''),(21506,'2018-06-19 08:43:21','Sulochana',11,'Model','Product ID:4'),(21507,'2018-06-19 08:43:28','Sulochana',2,'Model','Model ID:19'),(21508,'2018-06-19 08:43:40','Sulochana',2,'Model','Model ID:19'),(21509,'2018-06-19 08:44:36','Sulochana',2,'Add Item Next',''),(21510,'2018-06-19 08:45:33','Sulochana',1,'Image Upload','File Name: 191315901286416.jpg'),(21511,'2018-06-19 08:45:37','Sulochana',1,'Image Upload','File Name: 182558832573299.jpg'),(21512,'2018-06-19 08:45:41','Sulochana',1,'Image Upload','File Name: 275265078824718.jpg'),(21513,'2018-06-19 08:45:45','Sulochana',1,'Image Upload','File Name: 533415085458342.jpg'),(21514,'2018-06-19 08:46:01','Sulochana',1,'Add Item','ID : 17'),(21515,'2018-06-19 08:46:03','Sulochana',2,'Items',''),(21516,'2018-06-19 08:47:18','Sulochana',2,'Item Images',''),(21517,'2018-06-19 08:49:34','Sulochana',1,'Image Upload','File Name: 365534750439730.jpg'),(21518,'2018-06-19 08:49:37','Sulochana',1,'Image Upload','File Name: 222565109657142.jpg'),(21519,'2018-06-19 08:50:26','Sulochana',1,'Image Upload','File Name: 176154430528045.jpg'),(21520,'2018-06-19 08:50:45','Sulochana',3,'Item Images','Item ID : 17'),(21521,'2018-06-19 08:50:49','Sulochana',2,'Item Images',''),(21522,'2018-06-19 08:52:59','Sulochana',1,'Image Upload','File Name: 117287501355827.jpg'),(21523,'2018-06-19 08:53:03','Sulochana',1,'Image Upload','File Name: 226917133120367.jpg'),(21524,'2018-06-19 08:53:41','Sulochana',1,'Image Upload','File Name: 267206559242587.jpg'),(21525,'2018-06-19 08:54:53','Test Administrator - No 1',2,'Add Item',''),(21526,'2018-06-19 08:57:58','Sulochana',3,'Item Images','Item ID : 17'),(21527,'2018-06-19 08:58:00','Sulochana',2,'Item Images',''),(21528,'2018-06-19 08:58:38','Sulochana',2,'Item Images',''),(21529,'2018-06-19 08:58:39','Sulochana',3,'Item Images','Item ID : 17'),(21530,'2018-06-19 08:58:49','Sulochana',2,'Item Images',''),(21531,'2018-06-19 08:59:05','Sulochana',2,'Item Images',''),(21532,'2018-06-19 08:59:17','Sulochana',2,'Items',''),(21533,'2018-06-19 08:59:32','Sulochana',2,'Add Item',''),(21534,'2018-06-19 09:01:16','Sulochana',2,'Add Item',''),(21535,'2018-06-19 09:01:36','Sulochana',2,'Add Item',''),(21536,'2018-06-19 09:03:41','Sulochana',2,'Add Item',''),(21537,'2018-06-19 09:10:16','Sulochana',2,'Add Item',''),(21538,'2018-06-19 09:10:57','Sulochana',2,'Master Data',''),(21539,'2018-06-19 09:11:49','Sulochana',2,'Master Data',''),(21540,'2018-06-19 09:13:17','Sulochana',2,'Master Data',''),(21541,'2018-06-19 09:15:50','Sulochana',2,'Master Data',''),(21542,'2018-06-19 09:16:30','Sulochana',2,'Master Data',''),(21543,'2018-06-19 09:16:59','Sulochana',2,'Master Data',''),(21544,'2018-06-19 09:17:32','Sulochana',2,'Master Data',''),(21545,'2018-06-19 09:17:43','Sulochana',2,'Master Data',''),(21546,'2018-06-19 09:18:19','Sulochana',2,'Items',''),(21547,'2018-06-19 09:18:29','Sulochana',2,'Add Item',''),(21548,'2018-06-19 09:19:23','Sulochana',2,'Add Item Next',''),(21549,'2018-06-19 09:21:25','Sulochana',1,'Image Upload','File Name: 968622712579676.jpg'),(21550,'2018-06-19 09:21:29','Sulochana',1,'Image Upload','File Name: 321261037617330.jpg'),(21551,'2018-06-19 09:21:47','Sulochana',1,'Image Upload','File Name: 137542434192569.jpg'),(21552,'2018-06-19 09:21:49','Sulochana',1,'Image Upload','File Name: 106854821485824.jpg'),(21553,'2018-06-19 09:22:05','Sulochana',1,'Image Upload','File Name: 181581933855808.jpg'),(21554,'2018-06-19 09:24:54','Sulochana',1,'Add Item','ID : 18'),(21555,'2018-06-19 09:24:59','Sulochana',2,'Items',''),(21556,'2018-06-19 09:25:19','Sulochana',2,'Model','Model ID:19'),(21557,'2018-06-19 09:25:27','Sulochana',2,'Item','Item ID:18'),(21558,'2018-06-19 09:25:54','Sulochana',2,'Item Images',''),(21559,'2018-06-19 09:27:35','Sulochana',1,'Image Upload','File Name: 200962390283274.jpg'),(21560,'2018-06-19 09:27:42','Sulochana',1,'Image Upload','File Name: 515266539006466.jpg'),(21561,'2018-06-19 09:27:58','Sulochana',1,'Image Upload','File Name: 110793697675982.jpg'),(21562,'2018-06-19 09:28:02','Sulochana',1,'Image Upload','File Name: 126193977746306.jpg'),(21563,'2018-06-19 09:28:15','Sulochana',1,'Image Upload','File Name: 118983923016012.jpg'),(21564,'2018-06-19 09:42:48','Sulochana',3,'Item Images','Item ID : 18'),(21565,'2018-06-19 09:42:49','Sulochana',2,'Item Images',''),(21566,'2018-06-19 09:43:04','Sulochana',2,'Item Images',''),(21567,'2018-06-19 09:43:13','Sulochana',2,'Item','Item ID:18'),(21568,'2018-06-19 09:43:25','Sulochana',2,'Model','Model ID:19'),(21569,'2018-06-19 09:43:33','Sulochana',2,'Item','Item ID:18'),(21570,'2018-06-19 09:43:40','Sulochana',2,'Model','Model ID:19'),(21571,'2018-06-19 09:43:44','Sulochana',3,'Item Images','Item ID : 18'),(21572,'2018-06-19 09:43:45','Sulochana',2,'Item Images',''),(21573,'2018-06-19 09:43:49','Sulochana',2,'Item Images',''),(21574,'2018-06-19 09:43:55','Sulochana',2,'Items',''),(21575,'2018-06-19 09:44:39','Sulochana',11,'Model','Product ID:4'),(21576,'2018-06-19 09:47:55','Sulochana',2,'Master Data',''),(21577,'2018-06-19 09:48:28','Sulochana',1,'Model','Name: R7064'),(21578,'2018-06-19 09:48:31','Sulochana',2,'Master Data',''),(21579,'2018-06-19 09:49:04','Sulochana',1,'Model Field','Model ID : 20,Field ID : 3'),(21580,'2018-06-19 09:49:13','Sulochana',3,'Select Model Field Values',''),(21581,'2018-06-19 09:49:18','Sulochana',2,'Master Data',''),(21582,'2018-06-19 10:21:20','Sulochana',2,'Master Data',''),(21583,'2018-06-19 10:21:47','Sulochana',2,'Items',''),(21584,'2018-06-19 10:22:06','Sulochana',2,'Add Item',''),(21585,'2018-06-19 10:23:21','Sulochana',2,'Add Item Next',''),(21586,'2018-06-19 10:24:00','Sulochana',1,'Image Upload','File Name: 114671823882263.jpg'),(21587,'2018-06-19 10:24:03','Sulochana',1,'Image Upload','File Name: 379225112432077.jpg'),(21588,'2018-06-19 10:24:06','Sulochana',1,'Image Upload','File Name: 158553659435012.jpg'),(21589,'2018-06-19 10:24:08','Sulochana',2,'Master Data',''),(21590,'2018-06-19 10:24:20','Sulochana',2,'Item Images',''),(21591,'2018-06-19 10:24:37','Sulochana',1,'Image Upload','File Name: 122903692214418.jpg'),(21592,'2018-06-19 10:24:41','Sulochana',3,'Model Image','Model ID : 20'),(21593,'2018-06-19 10:24:41','Sulochana',2,'Item Images',''),(21594,'2018-06-19 10:24:57','Sulochana',2,'Add Item Next',''),(21595,'2018-06-19 10:25:17','Sulochana',1,'Image Upload','File Name: 249028551336753.jpg'),(21596,'2018-06-19 10:25:19','Sulochana',1,'Image Upload','File Name: 284154460129573.jpg'),(21597,'2018-06-19 10:25:21','Sulochana',1,'Image Upload','File Name: 273617339320361.jpg'),(21598,'2018-06-19 10:25:36','Sulochana',2,'Add Item Next',''),(21599,'2018-06-19 10:29:27','Sulochana',1,'Image Upload','File Name: 210905351597988.jpg'),(21600,'2018-06-19 10:29:40','Sulochana',2,'Add Item Next',''),(21601,'2018-06-19 10:29:46','Sulochana',1,'Add Item','ID : 19'),(21602,'2018-06-19 10:29:46','Sulochana',2,'Items',''),(21603,'2018-06-19 10:30:04','Sulochana',2,'Item Images',''),(21604,'2018-06-19 10:30:21','Sulochana',1,'Image Upload','File Name: 110116029820357.jpg'),(21605,'2018-06-19 10:30:42','Sulochana',1,'Image Upload','File Name: 863322632431750.jpg'),(21606,'2018-06-19 10:30:44','Sulochana',1,'Image Upload','File Name: 745533603637443.jpg'),(21607,'2018-06-19 10:30:59','Sulochana',3,'Item Images','Item ID : 19'),(21608,'2018-06-19 10:30:59','Sulochana',2,'Item Images',''),(21609,'2018-06-19 10:35:41','Sulochana',3,'Item Images','Item ID : 19'),(21610,'2018-06-19 10:35:42','Sulochana',2,'Item Images',''),(21611,'2018-06-19 10:42:38','Sulochana',2,'Item Images',''),(21612,'2018-06-19 10:47:03','Sulochana',3,'Model Image','Model ID : 20'),(21613,'2018-06-19 10:47:04','Sulochana',2,'Item Images',''),(21614,'2018-06-19 11:05:18','Sulochana',2,'Model','Model ID:19'),(21615,'2018-06-19 11:05:46','Sulochana',11,'Model','Product ID:1'),(21616,'2018-06-19 11:09:47','Sulochana',2,'Item Images',''),(21617,'2018-06-19 11:09:52','Sulochana',2,'Item Images',''),(21618,'2018-06-19 11:09:56','Sulochana',2,'Item Images',''),(21619,'2018-06-19 11:09:58','Sulochana',2,'Master Data',''),(21620,'2018-06-19 11:10:25','Sulochana',1,'Model','Name: R2609'),(21621,'2018-06-19 11:10:27','Sulochana',2,'Master Data',''),(21622,'2018-06-19 11:10:41','Sulochana',2,'Item Images',''),(21623,'2018-06-19 11:10:55','Sulochana',1,'Image Upload','File Name: 150113487513926.jpg'),(21624,'2018-06-19 11:11:02','Sulochana',3,'Model Image','Model ID : 21'),(21625,'2018-06-19 11:11:03','Sulochana',2,'Item Images',''),(21626,'2018-06-19 11:11:15','Sulochana',2,'Master Data',''),(21627,'2018-06-19 11:11:53','Sulochana',2,'Items',''),(21628,'2018-06-19 11:12:07','Sulochana',2,'Add Item',''),(21629,'2018-06-19 11:13:01','Sulochana',2,'Add Item Next',''),(21630,'2018-06-19 11:13:04','Sulochana',1,'Add Item','ID : 20'),(21631,'2018-06-19 11:13:04','Sulochana',2,'Items',''),(21632,'2018-06-19 11:13:25','Sulochana',2,'Item Images',''),(21633,'2018-06-19 11:13:47','Sulochana',1,'Image Upload','File Name: 799477191363489.jpg'),(21634,'2018-06-19 11:13:49','Sulochana',1,'Image Upload','File Name: 649706927237942.jpg'),(21635,'2018-06-19 11:13:51','Sulochana',1,'Image Upload','File Name: 510102730853901.jpg'),(21636,'2018-06-19 11:13:56','Sulochana',3,'Item Images','Item ID : 20'),(21637,'2018-06-19 11:13:56','Sulochana',2,'Item Images',''),(21638,'2018-06-19 11:14:01','Sulochana',2,'Item Images',''),(21639,'2018-06-19 11:15:09','Sulochana',3,'Item Images','Item ID : 20'),(21640,'2018-06-19 11:15:10','Sulochana',2,'Item Images',''),(21641,'2018-06-19 11:15:17','Sulochana',2,'Product Type',''),(21642,'2018-06-19 11:15:18','Sulochana',2,'Master Data',''),(21643,'2018-06-19 11:16:13','Sulochana',1,'Model','Name: R7047'),(21644,'2018-06-19 11:16:26','Sulochana',2,'Master Data',''),(21645,'2018-06-19 11:16:50','Sulochana',3,'Model','Name: R7047'),(21646,'2018-06-19 11:20:40','Sulochana',2,'Master Data',''),(21647,'2018-06-19 11:20:52','Sulochana',2,'Item Images',''),(21648,'2018-06-19 11:21:07','Sulochana',1,'Image Upload','File Name: 327447993981518.jpg'),(21649,'2018-06-19 11:21:11','Sulochana',3,'Model Image','Model ID : 22'),(21650,'2018-06-19 11:21:12','Sulochana',2,'Item Images',''),(21651,'2018-06-19 11:21:21','Sulochana',2,'Master Data',''),(21652,'2018-06-19 11:22:05','Sulochana',1,'Field Value','Value: GM'),(21653,'2018-06-19 11:22:35','Sulochana',2,'Master Data',''),(21654,'2018-06-19 11:25:45','Sulochana',2,'Items',''),(21655,'2018-06-19 11:26:18','Sulochana',2,'Add Item',''),(21656,'2018-06-19 11:27:24','Sulochana',2,'Add Item Next',''),(21657,'2018-06-19 11:27:27','Sulochana',1,'Add Item','ID : 21'),(21658,'2018-06-19 11:27:27','Sulochana',2,'Items',''),(21659,'2018-06-19 11:27:39','Sulochana',2,'Item Images',''),(21660,'2018-06-19 11:27:59','Sulochana',1,'Image Upload','File Name: 135715092316186.jpg'),(21661,'2018-06-19 11:28:01','Sulochana',1,'Image Upload','File Name: 240472864052348.jpg'),(21662,'2018-06-19 11:28:04','Sulochana',1,'Image Upload','File Name: 643989539763148.jpg'),(21663,'2018-06-19 11:28:07','Sulochana',3,'Item Images','Item ID : 21'),(21664,'2018-06-19 11:28:07','Sulochana',2,'Item Images',''),(21665,'2018-06-19 11:28:17','Sulochana',2,'Master Data',''),(21666,'2018-06-19 11:28:49','Sulochana',2,'Master Data',''),(21667,'2018-06-19 11:29:18','Sulochana',1,'Model Field','Model ID : 22,Field ID : 3'),(21668,'2018-06-19 11:29:27','Sulochana',3,'Select Model Field Values',''),(21669,'2018-06-19 11:29:32','Sulochana',2,'Master Data',''),(21670,'2018-06-19 11:30:00','Sulochana',2,'Master Data',''),(21671,'2018-06-19 11:30:13','Sulochana',2,'Item Images',''),(21672,'2018-06-19 11:30:18','Sulochana',2,'Master Data',''),(21673,'2018-06-19 11:31:13','Sulochana',11,'Model','Product ID:1'),(21674,'2018-06-19 11:31:17','Sulochana',11,'Model','Product ID:4'),(21675,'2018-06-19 11:31:25','Sulochana',2,'Model','Model ID:22'),(21676,'2018-06-19 11:31:30','Sulochana',2,'Item','Item ID:21'),(21677,'2018-06-20 02:58:15','Guest',11,'Model','Product ID:4'),(21678,'2018-06-20 03:02:16','Guest',11,'Model','Product ID:4'),(21679,'2018-06-20 03:02:28','Sulochana',8,'Login Success','Username: Sulochana|IP: 111.223.146.135'),(21680,'2018-06-20 03:02:39','Sulochana',2,'Master Data',''),(21681,'2018-06-20 03:04:07','Sulochana',1,'Model','Name: R7054'),(21682,'2018-06-20 03:04:09','Sulochana',2,'Master Data',''),(21683,'2018-06-20 03:04:24','Sulochana',2,'Item Images',''),(21684,'2018-06-20 03:04:48','Sulochana',1,'Image Upload','File Name: 381028446154909.jpg'),(21685,'2018-06-20 03:05:09','Sulochana',3,'Model Image','Model ID : 23'),(21686,'2018-06-20 03:05:09','Sulochana',2,'Item Images',''),(21687,'2018-06-20 03:05:14','Sulochana',2,'Item Images',''),(21688,'2018-06-20 03:05:22','Sulochana',2,'Master Data',''),(21689,'2018-06-20 03:05:57','Sulochana',2,'Master Data',''),(21690,'2018-06-20 03:06:15','Sulochana',1,'Model Field','Model ID : 23,Field ID : 3'),(21691,'2018-06-20 03:06:22','Sulochana',3,'Select Model Field Values',''),(21692,'2018-06-20 03:06:46','Sulochana',2,'Items',''),(21693,'2018-06-20 03:06:56','Sulochana',2,'Add Item',''),(21694,'2018-06-20 03:07:13','Sulochana',3,'Field Value','Value: RODENSTOCK'),(21695,'2018-06-20 03:08:16','Sulochana',2,'Add Item Next',''),(21696,'2018-06-20 03:08:20','Sulochana',1,'Add Item','ID : 22'),(21697,'2018-06-20 03:08:20','Sulochana',2,'Items',''),(21698,'2018-06-20 03:08:35','Sulochana',2,'Item Images',''),(21699,'2018-06-20 03:08:58','Sulochana',1,'Image Upload','File Name: 263339940038846.jpg'),(21700,'2018-06-20 03:09:00','Sulochana',1,'Image Upload','File Name: 203894415419308.jpg'),(21701,'2018-06-20 03:09:03','Sulochana',1,'Image Upload','File Name: 930389204327424.jpg'),(21702,'2018-06-20 03:55:46','Sulochana',3,'Item Images','Item ID : 22'),(21703,'2018-06-20 03:55:47','Sulochana',2,'Item Images',''),(21704,'2018-06-20 05:06:41','Sulochana',11,'Model','Product ID:4'),(21705,'2018-06-20 05:06:45','Sulochana',11,'Model','Product ID:4'),(21706,'2018-06-20 07:48:59','Sulochana',8,'Login Success','Username: Sulochana|IP: 111.223.146.135'),(21707,'2018-06-20 10:03:39','Sulochana',8,'Login Success','Username: Sulochana|IP: 111.223.146.135'),(21708,'2018-06-20 10:59:21','Sulochana',2,'Master Data',''),(21709,'2018-06-20 10:59:43','Sulochana',1,'Model Field','Model ID : 21,Field ID : 3'),(21710,'2018-06-20 10:59:50','Sulochana',3,'Select Model Field Values',''),(21711,'2018-06-20 10:59:51','Sulochana',3,'Select Model Field Values',''),(21712,'2018-06-20 11:05:51','Sulochana',11,'Model','Product ID:4'),(21713,'2018-06-20 11:06:08','Sulochana',11,'Model','Product ID:1'),(21714,'2018-06-20 11:10:00','Sulochana',11,'Model','Product ID:2'),(21715,'2018-06-20 11:10:07','Sulochana',11,'Model','Product ID:2'),(21716,'2018-06-25 10:44:04','Guest',11,'Model','Product ID:4'),(21717,'2018-06-25 10:44:24','Guest',2,'Model','Model ID:19'),(21718,'2018-06-25 10:44:46','Guest',2,'Item','Item ID:18'),(21719,'2018-06-25 10:44:54','Guest',2,'Model','Model ID:19'),(21720,'2018-06-25 10:45:01','Guest',2,'Item','Item ID:17'),(21721,'2018-06-25 10:45:43','Guest',2,'Model','Model ID:19'),(21722,'2018-06-25 10:45:46','Guest',11,'Model','Product ID:4'),(21723,'2018-06-25 10:45:50','Guest',2,'Model','Model ID:11'),(21724,'2018-06-25 10:46:05','Guest',2,'Model','Model ID:11'),(21725,'2018-06-25 10:46:12','Guest',2,'Model','Model ID:11'),(21726,'2018-06-25 10:46:19','Guest',11,'Model','Product ID:4'),(21727,'2018-06-25 10:46:23','Guest',2,'Model','Model ID:12'),(21728,'2018-06-25 10:46:28','Guest',2,'Item','Item ID:10'),(21729,'2018-06-25 10:46:36','Guest',2,'Model','Model ID:12'),(21730,'2018-06-25 10:46:41','Guest',11,'Model','Product ID:4'),(21731,'2018-06-25 10:46:45','Guest',2,'Model','Model ID:21'),(21732,'2018-06-25 10:46:50','Guest',2,'Item','Item ID:20'),(21733,'2018-06-25 11:00:29','Guest',2,'Model','Model ID:21'),(21734,'2018-06-25 11:00:32','Guest',11,'Model','Product ID:4'),(21735,'2018-06-25 11:01:45','Guest',2,'Model','Model ID:15'),(21736,'2018-06-25 11:02:39','Guest',2,'Item','Item ID:15'),(21737,'2018-06-25 11:04:16','Sulochana',8,'Login Success','Username: Sulochana|IP: 182.161.20.149'),(21738,'2018-06-25 11:04:34','Sulochana',2,'GRN',''),(21739,'2018-06-25 11:04:56','Sulochana',2,'Users',''),(21740,'2018-06-25 11:06:21','Sulochana',3,'Field','ID: 4'),(21741,'2018-06-25 11:06:33','Sulochana',11,'Model','Product ID:4'),(21742,'2018-06-25 11:06:38','Sulochana',2,'Model','Model ID:4'),(21743,'2018-06-25 11:40:41','Sulochana',2,'Item','Item ID:4'),(21744,'2018-06-25 11:41:03','Sulochana',1,'Cart Item','Item ID:4'),(21745,'2018-06-25 11:41:06','Sulochana',2,'Item','Item ID:4'),(21746,'2018-06-26 10:19:33','Guest',11,'Model','Product ID:4'),(21747,'2018-06-26 10:19:41','Guest',2,'Model','Model ID:4'),(21748,'2018-06-26 10:19:45','Guest',2,'Item','Item ID:4'),(21749,'2018-06-26 10:19:53','Guest',2,'Model','Model ID:4'),(21750,'2018-06-26 10:19:58','Guest',11,'Model','Product ID:4'),(21751,'2018-06-26 10:20:01','Guest',2,'Model','Model ID:17'),(21752,'2018-06-26 10:20:08','Guest',2,'Item','Item ID:16'),(21753,'2018-06-26 10:20:14','Guest',2,'Model','Model ID:17'),(21754,'2018-06-26 10:20:16','Guest',11,'Model','Product ID:4'),(21755,'2018-06-26 10:20:20','Guest',2,'Model','Model ID:20'),(21756,'2018-06-26 10:20:24','Guest',2,'Item','Item ID:19'),(21757,'2018-06-26 10:20:33','Guest',11,'Model','Product ID:4'),(21758,'2018-06-26 10:20:39','Guest',2,'Model','Model ID:19'),(21759,'2018-06-26 10:20:43','Guest',2,'Item','Item ID:18'),(21760,'2018-06-26 10:20:46','Guest',2,'Model','Model ID:19'),(21761,'2018-06-26 10:20:50','Guest',2,'Item','Item ID:17'),(21762,'2018-06-26 10:20:55','Guest',2,'Model','Model ID:19'),(21763,'2018-06-26 10:55:03','Guest',2,'Model','Model ID:19'),(21764,'2018-06-26 10:55:09','Guest',2,'Item','Item ID:18'),(21765,'2018-06-26 10:55:20','Guest',11,'Model','Product ID:4'),(21766,'2018-06-26 10:55:23','Guest',2,'Model','Model ID:4'),(21767,'2018-06-26 10:55:28','Guest',2,'Item','Item ID:4'),(21768,'2018-06-26 10:55:32','Guest',1,'Cart Item','Item ID:4'),(21769,'2018-06-26 10:55:35','Guest',2,'Item','Item ID:4'),(21770,'2018-06-26 10:55:42','Guest',2,'Shopping Cart',''),(21771,'2018-06-26 11:12:50','Guest',2,'Order Process',''),(21772,'2018-06-26 11:13:28','Guest',8,'Customer','Customer ID:2'),(21773,'2018-06-26 11:13:31','Guest',2,'Order Process',''),(21774,'2018-06-26 11:14:39','Guest',0,'','Your Order Detail: ORD/1000'),(21775,'2018-06-26 11:14:39','Guest',1,'Order','Order ID:1'),(21776,'2018-06-26 11:14:40','Guest',2,'Shipping Details',''),(21777,'2018-06-28 04:09:17','Sulochana',8,'Login Success','Username: Sulochana|IP: 111.223.159.57'),(21778,'2018-06-28 04:09:31','Sulochana',2,'Master Data',''),(21779,'2018-06-28 04:12:01','Sulochana',2,'Master Data',''),(21780,'2018-06-28 04:13:00','Sulochana',1,'Model','Name: R7408'),(21781,'2018-06-28 04:13:02','Sulochana',2,'Master Data',''),(21782,'2018-06-28 04:13:17','Sulochana',2,'Item Images',''),(21783,'2018-06-28 04:13:23','Sulochana',2,'Master Data',''),(21784,'2018-06-28 04:13:36','Sulochana',2,'Item Images',''),(21785,'2018-06-28 04:16:34','Sulochana',1,'Image Upload','File Name: 247125545896427.jpg'),(21786,'2018-06-28 04:16:44','Sulochana',3,'Model Image','Model ID : 24'),(21787,'2018-06-28 04:16:44','Sulochana',2,'Item Images',''),(21788,'2018-06-28 04:16:48','Sulochana',2,'Item Images',''),(21789,'2018-06-28 04:16:54','Sulochana',2,'Item Images',''),(21790,'2018-06-28 04:17:26','Sulochana',2,'Items',''),(21791,'2018-06-28 04:17:37','Sulochana',2,'Add Item',''),(21792,'2018-06-28 04:18:54','Sulochana',2,'Master Data',''),(21793,'2018-06-28 04:19:09','Sulochana',3,'Model','Name: R7408'),(21794,'2018-06-28 04:19:11','Sulochana',2,'Master Data',''),(21795,'2018-06-28 04:20:03','Sulochana',1,'Model Field','Model ID : 24,Field ID : 4'),(21796,'2018-06-28 04:20:11','Sulochana',5,'model_field','ID: 30'),(21797,'2018-06-28 04:20:21','Sulochana',3,'Select Model Field Values',''),(21798,'2018-06-28 04:20:26','Sulochana',2,'Master Data',''),(21799,'2018-06-28 04:22:16','Sulochana',2,'Master Data',''),(21800,'2018-06-28 04:22:56','Sulochana',2,'Master Data',''),(21801,'2018-06-28 04:23:02','Sulochana',2,'Product Type',''),(21802,'2018-06-28 04:23:08','Sulochana',2,'Master Data',''),(21803,'2018-06-28 04:23:54','Sulochana',11,'Model','Product ID:1'),(21804,'2018-06-28 04:24:00','Sulochana',2,'Model','Model ID:3'),(21805,'2018-06-28 04:24:15','Sulochana',2,'Item','Item ID:3'),(21806,'2018-06-28 04:24:24','Sulochana',2,'Model','Model ID:3'),(21807,'2018-06-28 04:27:32','Sulochana',3,'Field','ID: 4'),(21808,'2018-06-28 04:27:50','Sulochana',2,'Add Item',''),(21809,'2018-06-28 04:28:28','Sulochana',2,'Master Data',''),(21810,'2018-06-28 04:28:34','Sulochana',2,'Master Data',''),(21811,'2018-06-28 04:29:18','Sulochana',3,'model_field','ID: 30'),(21812,'2018-06-28 04:29:29','Sulochana',3,'Select Model Field Values',''),(21813,'2018-06-28 04:29:40','Sulochana',2,'Add Item',''),(21814,'2018-06-28 04:29:41','Sulochana',2,'Add Item',''),(21815,'2018-06-28 04:31:05','Sulochana',2,'Master Data',''),(21816,'2018-06-28 04:31:21','Sulochana',2,'Product Type',''),(21817,'2018-06-28 04:31:28','Sulochana',2,'Master Data',''),(21818,'2018-06-28 04:31:32','Sulochana',2,'Master Data',''),(21819,'2018-06-28 04:38:55','Sulochana',2,'Master Data',''),(21820,'2018-06-28 04:39:15','Sulochana',2,'Master Data',''),(21821,'2018-06-28 04:39:35','Sulochana',3,'Model','Name: R7406'),(21822,'2018-06-28 04:39:37','Sulochana',2,'Master Data',''),(21823,'2018-06-28 04:39:51','Sulochana',2,'Items',''),(21824,'2018-06-28 04:43:14','Sulochana',2,'Items',''),(21825,'2018-06-28 04:46:42','Sulochana',2,'Add Item',''),(21826,'2018-07-05 11:58:07','Sulochana',8,'Login Success','Username: Sulochana|IP: 182.161.31.195'),(21827,'2018-07-05 11:58:12','Sulochana',11,'Model','Product ID:1'),(21828,'2018-07-05 11:58:22','Sulochana',2,'Model','Model ID:3'),(21829,'2018-07-05 11:58:30','Sulochana',2,'Item','Item ID:3'),(21830,'2018-07-05 12:06:31','Sulochana',2,'Brands',''),(21831,'2018-07-09 03:04:50','Sulochana',8,'Login Success','Username: Sulochana|IP: 111.223.148.170'),(21832,'2018-07-09 03:04:54','Sulochana',11,'Model','Product ID:1'),(21833,'2018-07-09 03:05:05','Sulochana',2,'Master Data',''),(21834,'2018-07-09 03:05:13','Sulochana',2,'Master Data',''),(21835,'2018-07-09 03:07:59','Sulochana',1,'Model','Name: R2607'),(21836,'2018-07-09 03:08:01','Sulochana',2,'Master Data',''),(21837,'2018-07-09 03:08:57','Sulochana',2,'Items',''),(21838,'2018-07-09 03:09:08','Sulochana',2,'Add Item',''),(21839,'2018-07-09 03:10:29','Sulochana',2,'Add Item Next',''),(21840,'2018-07-09 03:10:35','Sulochana',1,'Add Item','ID : 23'),(21841,'2018-07-09 03:10:35','Sulochana',2,'Items',''),(21842,'2018-07-09 03:10:58','Sulochana',2,'Item Images',''),(21843,'2018-07-09 03:11:45','Sulochana',1,'Image Upload','File Name: 129125215829769.jpg'),(21844,'2018-07-09 03:11:47','Sulochana',1,'Image Upload','File Name: 489828231738376.jpg'),(21845,'2018-07-09 03:11:49','Sulochana',1,'Image Upload','File Name: 209796876411368.jpg'),(21846,'2018-07-09 03:12:29','Sulochana',3,'Item Images','Item ID : 23'),(21847,'2018-07-09 03:12:29','Sulochana',2,'Item Images',''),(21848,'2018-07-09 03:12:50','Sulochana',2,'Master Data',''),(21849,'2018-07-09 03:15:16','Sulochana',1,'Model','Name: R1416'),(21850,'2018-07-09 03:15:19','Sulochana',2,'Master Data',''),(21851,'2018-07-09 03:16:14','Sulochana',2,'Items',''),(21852,'2018-07-09 03:16:26','Sulochana',2,'Add Item',''),(21853,'2018-07-09 03:17:52','Sulochana',2,'Add Item Next',''),(21854,'2018-07-09 03:17:56','Sulochana',1,'Add Item','ID : 24'),(21855,'2018-07-09 03:17:57','Sulochana',2,'Items',''),(21856,'2018-07-09 03:18:09','Sulochana',2,'Item',''),(21857,'2018-07-09 03:18:17','Sulochana',2,'Items',''),(21858,'2018-07-09 03:18:27','Sulochana',2,'Item Images',''),(21859,'2018-07-09 03:19:05','Sulochana',1,'Image Upload','File Name: 175110843044926.jpg'),(21860,'2018-07-09 03:19:07','Sulochana',1,'Image Upload','File Name: 288961511691111.jpg'),(21861,'2018-07-09 03:19:09','Sulochana',1,'Image Upload','File Name: 694614787152648.jpg'),(21862,'2018-07-09 03:19:37','Sulochana',3,'Item Images','Item ID : 24'),(21863,'2018-07-09 03:19:37','Sulochana',2,'Item Images',''),(21864,'2018-07-09 03:20:33','Sulochana',3,'Item Images','Item ID : 24'),(21865,'2018-07-09 03:20:34','Sulochana',2,'Item Images',''),(21866,'2018-07-09 03:21:04','Sulochana',3,'Item Images','Item ID : 24'),(21867,'2018-07-09 03:21:04','Sulochana',2,'Item Images',''),(21868,'2018-07-09 03:22:12','Sulochana',3,'Item Images','Item ID : 24'),(21869,'2018-07-09 03:22:12','Sulochana',2,'Item Images',''),(21870,'2018-07-09 03:22:26','Sulochana',2,'Items',''),(21871,'2018-07-09 03:22:45','Sulochana',2,'Master Data',''),(21872,'2018-07-09 03:55:53','Sulochana',11,'Model','Product ID:2'),(21873,'2018-07-09 03:55:57','Sulochana',11,'Model','Product ID:4'),(21874,'2018-07-09 03:56:12','Sulochana',11,'Model','Product ID:1'),(21875,'2018-07-09 03:56:15','Sulochana',2,'Model','Model ID:1'),(21876,'2018-07-09 03:56:25','Sulochana',2,'Item','Item ID:1'),(21877,'2018-07-09 03:56:32','Sulochana',2,'Model','Model ID:1'),(21878,'2018-07-09 03:56:34','Sulochana',11,'Model','Product ID:1'),(21879,'2018-07-09 03:56:37','Sulochana',2,'Model','Model ID:2'),(21880,'2018-07-09 03:56:47','Sulochana',2,'Item','Item ID:2'),(21881,'2018-07-09 03:57:45','Sulochana',2,'Model','Model ID:2'),(21882,'2018-07-09 03:57:48','Sulochana',11,'Model','Product ID:1'),(21883,'2018-07-09 03:57:51','Sulochana',2,'Model','Model ID:24'),(21884,'2018-07-09 03:58:13','Sulochana',2,'Model','Model ID:24'),(21885,'2018-07-09 03:58:27','Sulochana',2,'Model','Model ID:24'),(21886,'2018-07-09 03:59:25','Sulochana',2,'Item Images',''),(21887,'2018-07-09 03:59:34','Sulochana',2,'Items',''),(21888,'2018-07-09 03:59:39','Sulochana',2,'Model','Model ID:24'),(21889,'2018-07-09 03:59:43','Sulochana',11,'Model','Product ID:1'),(21890,'2018-07-09 03:59:45','Sulochana',11,'Model','Product ID:1'),(21891,'2018-07-09 03:59:49','Sulochana',2,'Model','Model ID:26'),(21892,'2018-07-09 03:59:54','Sulochana',2,'Item','Item ID:24'),(21893,'2018-07-09 04:00:14','Sulochana',2,'Item Images',''),(21894,'2018-07-09 04:00:47','Sulochana',1,'Image Upload','File Name: 126446345761847.jpg'),(21895,'2018-07-09 04:00:53','Sulochana',3,'Model Image','Model ID : 26'),(21896,'2018-07-09 04:00:53','Sulochana',2,'Item Images',''),(21897,'2018-07-09 04:27:45','Sulochana',3,'Model Image','Model ID : 26'),(21898,'2018-07-09 04:27:45','Sulochana',2,'Item Images',''),(21899,'2018-07-09 04:27:50','Sulochana',2,'Item','Item ID:24'),(21900,'2018-07-09 04:27:52','Sulochana',11,'Model','Product ID:1'),(21901,'2018-07-09 04:41:48','Sulochana',2,'Model','Model ID:26'),(21902,'2018-07-09 04:41:54','Sulochana',11,'Model','Product ID:1'),(21903,'2018-07-09 04:42:07','Sulochana',11,'Model','Product ID:1'),(21904,'2018-07-09 04:59:39','Sulochana',11,'Model','Product ID:2'),(21905,'2018-07-09 04:59:43','Sulochana',11,'Model','Product ID:4'),(21906,'2018-07-09 04:59:55','Sulochana',2,'Model','Model ID:16'),(21907,'2018-07-09 05:00:03','Sulochana',11,'Model','Product ID:4'),(21908,'2018-07-09 05:02:43','Sulochana',2,'Model','Model ID:25'),(21909,'2018-07-09 05:02:48','Sulochana',2,'Item','Item ID:23'),(21910,'2018-07-09 05:04:08','Sulochana',2,'Items',''),(21911,'2018-07-09 05:04:14','Sulochana',2,'Items',''),(21912,'2018-07-09 05:04:38','Sulochana',2,'Item Images',''),(21913,'2018-07-09 05:04:43','Sulochana',2,'Items',''),(21914,'2018-07-09 05:04:50','Sulochana',2,'Master Data',''),(21915,'2018-07-09 05:04:55','Sulochana',2,'Master Data',''),(21916,'2018-07-09 05:05:18','Sulochana',2,'Item Images',''),(21917,'2018-07-09 05:20:39','Sulochana',1,'Image Upload','File Name: 188946820075114.jpg'),(21918,'2018-07-09 05:21:02','Sulochana',3,'Model Image','Model ID : 25'),(21919,'2018-07-09 05:21:02','Sulochana',2,'Item Images',''),(21920,'2018-07-09 05:21:16','Sulochana',11,'Model','Product ID:1'),(21921,'2018-07-09 05:21:21','Sulochana',11,'Model','Product ID:2'),(21922,'2018-07-09 05:21:23','Sulochana',11,'Model','Product ID:4'),(21923,'2018-07-09 08:30:08','Sulochana',8,'Login Success','Username: Sulochana|IP: 111.223.148.170'),(21924,'2018-07-10 02:57:41','Guest',11,'Model','Product ID:4'),(21925,'2018-07-10 09:44:45','Sulochana',8,'Login Success','Username: Sulochana|IP: 182.161.7.154'),(21926,'2018-07-10 09:45:04','Sulochana',2,'Master Data',''),(21927,'2018-07-10 09:49:27','Sulochana',1,'Model','Name: ET19596'),(21928,'2018-07-10 09:49:29','Sulochana',2,'Master Data',''),(21929,'2018-07-10 09:51:03','Sulochana',2,'Item Images',''),(21930,'2018-07-10 09:51:38','Sulochana',1,'Image Upload','File Name: 107631497856073.jpg'),(21931,'2018-07-10 09:51:41','Sulochana',3,'Model Image','Model ID : 27'),(21932,'2018-07-10 09:51:41','Sulochana',2,'Item Images',''),(21933,'2018-07-10 09:51:53','Sulochana',2,'Item Images',''),(21934,'2018-07-10 09:52:03','Sulochana',2,'Items',''),(21935,'2018-07-10 09:52:14','Sulochana',2,'Add Item',''),(21936,'2018-07-10 09:53:32','Sulochana',2,'Item Images',''),(21937,'2018-07-10 09:53:40','Sulochana',2,'Master Data',''),(21938,'2018-07-10 09:54:34','Sulochana',2,'Add Item',''),(21939,'2018-07-10 09:55:45','Sulochana',2,'Add Item Next',''),(21940,'2018-07-10 09:55:51','Sulochana',1,'Add Item','ID : 25'),(21941,'2018-07-10 09:55:52','Sulochana',2,'Items',''),(21942,'2018-07-10 09:57:12','Sulochana',2,'Item Images',''),(21943,'2018-07-10 09:57:31','Sulochana',1,'Image Upload','File Name: 273542475794996.jpg'),(21944,'2018-07-10 09:57:34','Sulochana',1,'Image Upload','File Name: 156053442441360.jpg'),(21945,'2018-07-10 09:57:36','Sulochana',1,'Image Upload','File Name: 238111675662099.jpg'),(21946,'2018-07-10 09:57:49','Sulochana',3,'Item Images','Item ID : 25'),(21947,'2018-07-10 09:57:50','Sulochana',2,'Item Images',''),(21948,'2018-07-10 09:57:57','Sulochana',3,'Item Images','Item ID : 25'),(21949,'2018-07-10 09:57:58','Sulochana',2,'Item Images',''),(21950,'2018-07-10 09:59:17','Sulochana',11,'Model','Product ID:1'),(21951,'2018-07-10 09:59:56','Sulochana',2,'Master Data',''),(21952,'2018-07-10 10:01:31','Sulochana',2,'Master Data',''),(21953,'2018-07-10 10:01:44','Sulochana',2,'Master Data',''),(21954,'2018-07-10 10:04:44','Sulochana',1,'Model','Name: ET17877'),(21955,'2018-07-10 10:04:46','Sulochana',2,'Master Data',''),(21956,'2018-07-10 10:05:00','Sulochana',2,'Item Images',''),(21957,'2018-07-10 10:05:14','Sulochana',1,'Image Upload','File Name: 307592393745086.jpg'),(21958,'2018-07-10 10:05:17','Sulochana',3,'Model Image','Model ID : 28'),(21959,'2018-07-10 10:05:18','Sulochana',2,'Item Images',''),(21960,'2018-07-10 10:05:23','Sulochana',2,'Item Images',''),(21961,'2018-07-10 10:05:28','Sulochana',2,'Master Data',''),(21962,'2018-07-10 10:06:17','Sulochana',2,'Items',''),(21963,'2018-07-10 10:06:28','Sulochana',2,'Add Item',''),(21964,'2018-07-10 10:07:42','Sulochana',2,'Add Item Next',''),(21965,'2018-07-10 10:07:45','Sulochana',1,'Add Item','ID : 26'),(21966,'2018-07-10 10:07:46','Sulochana',2,'Items',''),(21967,'2018-07-10 10:08:03','Sulochana',2,'Item Images',''),(21968,'2018-07-10 10:08:19','Sulochana',1,'Image Upload','File Name: 290355642400324.jpg'),(21969,'2018-07-10 10:08:21','Sulochana',1,'Image Upload','File Name: 102831912528085.jpg'),(21970,'2018-07-10 10:08:23','Sulochana',1,'Image Upload','File Name: 310413612921784.jpg'),(21971,'2018-07-10 10:10:15','Sulochana',3,'Item Images','Item ID : 26'),(21972,'2018-07-10 10:10:16','Sulochana',2,'Item Images',''),(21973,'2018-07-10 10:10:34','Sulochana',11,'Model','Product ID:1'),(21974,'2018-07-10 10:11:49','Sulochana',2,'Master Data',''),(21975,'2018-07-10 10:12:25','Sulochana',1,'Model','Name: ET19767'),(21976,'2018-07-10 10:12:27','Sulochana',2,'Master Data',''),(21977,'2018-07-10 10:14:46','Sulochana',1,'Field Value','Value: 505'),(21978,'2018-07-10 10:15:36','Sulochana',2,'Master Data',''),(21979,'2018-07-10 10:15:49','Sulochana',2,'Item Images',''),(21980,'2018-07-10 10:16:05','Sulochana',1,'Image Upload','File Name: 237915945645385.jpg'),(21981,'2018-07-10 10:16:14','Sulochana',1,'Image Upload','File Name: 245616897371195.jpg'),(21982,'2018-07-10 10:16:18','Sulochana',3,'Model Image','Model ID : 29'),(21983,'2018-07-10 10:16:18','Sulochana',2,'Item Images',''),(21984,'2018-07-10 10:16:29','Sulochana',2,'Items',''),(21985,'2018-07-10 10:16:48','Sulochana',2,'Add Item',''),(21986,'2018-07-10 10:17:53','Sulochana',2,'Add Item Next',''),(21987,'2018-07-10 10:18:07','Sulochana',1,'Image Upload','File Name: 982794299550174.jpg'),(21988,'2018-07-10 10:18:10','Sulochana',1,'Image Upload','File Name: 438827483574475.jpg'),(21989,'2018-07-10 10:18:12','Sulochana',1,'Image Upload','File Name: 158372094896723.jpg'),(21990,'2018-07-10 10:18:24','Sulochana',1,'Add Item','ID : 27'),(21991,'2018-07-10 10:18:25','Sulochana',2,'Items',''),(21992,'2018-07-10 10:18:42','Sulochana',2,'Item Images',''),(21993,'2018-07-10 10:19:08','Sulochana',1,'Image Upload','File Name: 958616387429137.jpg'),(21994,'2018-07-10 10:19:10','Sulochana',1,'Image Upload','File Name: 232247997517739.jpg'),(21995,'2018-07-10 10:19:13','Sulochana',1,'Image Upload','File Name: 311972618991655.jpg'),(21996,'2018-07-10 10:19:21','Sulochana',3,'Item Images','Item ID : 27'),(21997,'2018-07-10 10:19:22','Sulochana',2,'Item Images',''),(21998,'2018-07-10 10:19:39','Sulochana',11,'Model','Product ID:1'),(21999,'2018-07-10 10:22:23','Sulochana',2,'Master Data',''),(22000,'2018-07-10 10:23:10','Sulochana',1,'Model','Name: R7052'),(22001,'2018-07-10 10:23:12','Sulochana',2,'Master Data',''),(22002,'2018-07-10 10:23:54','Sulochana',2,'Item Images',''),(22003,'2018-07-10 10:24:09','Sulochana',2,'Master Data',''),(22004,'2018-07-10 10:24:19','Sulochana',2,'Item Images',''),(22005,'2018-07-10 10:24:38','Sulochana',1,'Image Upload','File Name: 121849702770791.jpg'),(22006,'2018-07-10 10:24:41','Sulochana',3,'Model Image','Model ID : 30'),(22007,'2018-07-10 10:24:42','Sulochana',2,'Item Images',''),(22008,'2018-07-10 10:24:47','Sulochana',2,'Item Images',''),(22009,'2018-07-10 10:24:56','Sulochana',2,'Items',''),(22010,'2018-07-10 10:25:08','Sulochana',2,'Add Item',''),(22011,'2018-07-10 10:25:48','Sulochana',2,'Add Item Next',''),(22012,'2018-07-10 10:26:08','Sulochana',1,'Image Upload','File Name: 209183750031695.jpg'),(22013,'2018-07-10 10:26:11','Sulochana',1,'Image Upload','File Name: 239392904360286.jpg'),(22014,'2018-07-10 10:26:14','Sulochana',1,'Image Upload','File Name: 215333622853373.jpg'),(22015,'2018-07-10 10:26:21','Sulochana',1,'Add Item','ID : 28'),(22016,'2018-07-10 10:26:22','Sulochana',2,'Items',''),(22017,'2018-07-10 10:26:37','Sulochana',2,'Item Images',''),(22018,'2018-07-10 10:26:57','Sulochana',1,'Image Upload','File Name: 221078506198748.jpg'),(22019,'2018-07-10 10:26:59','Sulochana',1,'Image Upload','File Name: 154108348611626.jpg'),(22020,'2018-07-10 10:27:02','Sulochana',1,'Image Upload','File Name: 798110012554000.jpg'),(22021,'2018-07-10 10:27:13','Sulochana',3,'Item Images','Item ID : 28'),(22022,'2018-07-10 10:27:14','Sulochana',2,'Item Images',''),(22023,'2018-07-10 10:27:51','Sulochana',11,'Model','Product ID:2'),(22024,'2018-07-10 10:30:56','Sulochana',11,'Model','Product ID:1'),(22025,'2018-07-10 10:31:04','Sulochana',2,'Model','Model ID:24'),(22026,'2018-07-10 10:31:14','Sulochana',2,'Model','Model ID:24'),(22027,'2018-07-10 10:31:30','Sulochana',2,'Items',''),(22028,'2018-07-10 10:32:53','Sulochana',2,'Add Item',''),(22029,'2018-07-10 10:34:10','Sulochana',2,'Add Item Next',''),(22030,'2018-07-10 10:34:25','Sulochana',2,'Model','Model ID:24'),(22031,'2018-07-10 10:34:30','Sulochana',2,'Model','Model ID:24'),(22032,'2018-07-10 10:34:38','Sulochana',2,'Model','Model ID:24'),(22033,'2018-07-10 10:35:03','Sulochana',2,'Items',''),(22034,'2018-07-10 10:36:32','Sulochana',2,'Items',''),(22035,'2018-07-10 10:37:28','Sulochana',11,'Model','Product ID:1'),(22036,'2018-07-10 10:37:31','Sulochana',11,'Model','Product ID:4'),(22037,'2018-07-10 10:38:05','Sulochana',11,'Model','Product ID:1'),(22038,'2018-07-10 10:38:19','Sulochana',2,'Model','Model ID:24'),(22039,'2018-07-10 10:38:29','Sulochana',2,'Model','Model ID:24'),(22040,'2018-07-10 10:38:53','Sulochana',2,'Add Item',''),(22041,'2018-07-10 10:39:49','Sulochana',2,'Add Item Next',''),(22042,'2018-07-10 10:39:53','Sulochana',1,'Add Item','ID : 29'),(22043,'2018-07-10 10:39:53','Sulochana',2,'Items',''),(22044,'2018-07-10 10:40:12','Sulochana',2,'Item Images',''),(22045,'2018-07-10 10:40:52','Sulochana',1,'Image Upload','File Name: 641961603835761.jpg'),(22046,'2018-07-10 10:41:11','Sulochana',1,'Image Upload','File Name: 195100928050218.jpg'),(22047,'2018-07-10 10:41:14','Sulochana',1,'Image Upload','File Name: 145358351248808.jpg'),(22048,'2018-07-10 10:41:16','Sulochana',1,'Image Upload','File Name: 381090102501861.jpg'),(22049,'2018-07-10 10:41:28','Sulochana',3,'Item Images','Item ID : 29'),(22050,'2018-07-10 10:41:29','Sulochana',2,'Item Images',''),(22051,'2018-07-10 10:41:36','Sulochana',2,'Item','Item ID:29'),(22052,'2018-07-10 10:41:49','Sulochana',11,'Model','Product ID:1'),(22053,'2018-07-10 10:51:10','Sulochana',11,'Model','Product ID:4'),(22054,'2018-07-10 10:51:42','Sulochana',2,'Model','Model ID:19'),(22055,'2018-07-10 10:51:48','Sulochana',2,'Item','Item ID:18'),(22056,'2018-07-10 10:52:06','Sulochana',2,'Model','Model ID:19'),(22057,'2018-07-10 10:52:11','Sulochana',2,'Item','Item ID:17'),(22058,'2018-07-10 10:52:24','Sulochana',2,'Model','Model ID:19'),(22059,'2018-07-10 10:52:37','Sulochana',2,'Master Data',''),(22060,'2018-07-10 10:52:52','Sulochana',2,'Item Images',''),(22061,'2018-07-10 10:53:05','Sulochana',3,'Item Images','Item ID : 18'),(22062,'2018-07-10 10:53:05','Sulochana',2,'Item Images',''),(22063,'2018-07-10 10:53:11','Sulochana',2,'Item Images',''),(22064,'2018-07-10 10:53:19','Sulochana',2,'Items',''),(22065,'2018-07-10 10:53:30','Sulochana',2,'Item Images',''),(22066,'2018-07-10 10:53:37','Sulochana',3,'Item Images','Item ID : 17'),(22067,'2018-07-10 10:53:38','Sulochana',2,'Item Images',''),(22068,'2018-07-10 10:53:44','Sulochana',2,'Item','Item ID:17'),(22069,'2018-07-10 10:53:53','Sulochana',11,'Model','Product ID:4'),(22070,'2018-07-10 10:53:59','Sulochana',2,'Model','Model ID:19'),(22071,'2018-07-10 10:54:03','Sulochana',2,'Item','Item ID:18'),(22072,'2018-07-10 10:54:08','Sulochana',2,'Model','Model ID:19'),(22073,'2018-07-10 10:54:13','Sulochana',2,'Item','Item ID:17'),(22074,'2018-07-10 10:54:53','Sulochana',3,'Item Images','Item ID : 17'),(22075,'2018-07-10 10:54:53','Sulochana',2,'Item Images',''),(22076,'2018-07-10 10:55:06','Sulochana',2,'Item Images',''),(22077,'2018-07-10 10:55:26','Sulochana',2,'Master Data',''),(22078,'2018-07-10 10:55:31','Sulochana',2,'Items',''),(22079,'2018-07-10 10:55:45','Sulochana',2,'Item Images',''),(22080,'2018-07-10 10:55:52','Sulochana',3,'Item Images','Item ID : 17'),(22081,'2018-07-10 10:55:53','Sulochana',2,'Item Images',''),(22082,'2018-07-10 10:55:58','Sulochana',2,'Item Images',''),(22083,'2018-07-10 10:56:14','Sulochana',2,'Items',''),(22084,'2018-07-10 10:56:25','Sulochana',2,'Item Images',''),(22085,'2018-07-10 10:56:49','Sulochana',3,'Item Images','Item ID : 17'),(22086,'2018-07-10 10:56:50','Sulochana',2,'Item Images',''),(22087,'2018-07-10 10:57:07','Sulochana',3,'Item Images','Item ID : 17'),(22088,'2018-07-10 10:57:07','Sulochana',2,'Item Images',''),(22089,'2018-07-10 10:57:17','Sulochana',3,'Item Images','Item ID : 17'),(22090,'2018-07-10 10:57:18','Sulochana',2,'Item Images',''),(22091,'2018-07-10 10:58:42','Sulochana',3,'Item Images','Item ID : 17'),(22092,'2018-07-10 10:58:43','Sulochana',2,'Item Images',''),(22093,'2018-07-10 10:58:44','Sulochana',3,'Item Images','Item ID : 17'),(22094,'2018-07-10 10:58:45','Sulochana',2,'Item Images',''),(22095,'2018-07-10 10:58:53','Sulochana',11,'Model','Product ID:1'),(22096,'2018-07-10 10:59:00','Sulochana',11,'Model','Product ID:3'),(22097,'2018-07-10 10:59:05','Sulochana',11,'Model','Product ID:4'),(22098,'2018-07-10 10:59:11','Sulochana',2,'Model','Model ID:19'),(22099,'2018-07-10 10:59:17','Sulochana',2,'Item','Item ID:17'),(22100,'2018-07-10 11:06:26','Sulochana',2,'Item Images',''),(22101,'2018-07-10 11:06:41','Sulochana',2,'Items',''),(22102,'2018-07-10 11:07:00','Sulochana',2,'Item Images',''),(22103,'2018-07-10 11:07:49','Sulochana',1,'Image Upload','File Name: 244840705318304.jpg'),(22104,'2018-07-10 11:11:13','Sulochana',1,'Image Upload','File Name: 891739034791273.jpg'),(22105,'2018-07-10 11:11:15','Sulochana',1,'Image Upload','File Name: 955324226125375.jpg'),(22106,'2018-07-10 11:12:42','Sulochana',1,'Image Upload','File Name: 149632320113425.jpg'),(22107,'2018-07-10 11:12:43','Sulochana',1,'Image Upload','File Name: 227150950990208.jpg'),(22108,'2018-07-10 11:12:45','Sulochana',1,'Image Upload','File Name: 118892325626235.jpg'),(22109,'2018-07-10 11:13:04','Sulochana',3,'Item Images','Item ID : 18'),(22110,'2018-07-10 11:13:04','Sulochana',2,'Item Images',''),(22111,'2018-07-10 11:14:25','Sulochana',3,'Item Images','Item ID : 18'),(22112,'2018-07-10 11:14:26','Sulochana',2,'Item Images',''),(22113,'2018-07-10 11:14:33','Sulochana',2,'Model','Model ID:19'),(22114,'2018-07-10 11:14:40','Sulochana',2,'Item','Item ID:18'),(22115,'2018-07-10 11:14:46','Sulochana',2,'Model','Model ID:19'),(22116,'2018-07-10 11:14:51','Sulochana',2,'Item','Item ID:17'),(22117,'2018-07-10 11:14:54','Sulochana',2,'Model','Model ID:19'),(22118,'2018-07-10 11:15:00','Sulochana',2,'Item','Item ID:18'),(22119,'2018-07-10 11:15:05','Sulochana',2,'Model','Model ID:19'),(22120,'2018-07-10 11:15:13','Sulochana',2,'Item','Item ID:17'),(22121,'2018-07-10 11:15:38','Sulochana',11,'Model','Product ID:4'),(22122,'2018-07-10 11:15:43','Sulochana',2,'Model','Model ID:19'),(22123,'2018-07-10 11:15:48','Sulochana',2,'Item','Item ID:18'),(22124,'2018-07-10 11:15:52','Sulochana',2,'Model','Model ID:19'),(22125,'2018-07-10 11:15:58','Sulochana',2,'Item','Item ID:17'),(22126,'2018-07-10 11:16:34','Sulochana',11,'Model','Product ID:4'),(22127,'2018-07-10 11:16:56','Sulochana',11,'Model','Product ID:1'),(22128,'2018-07-10 11:17:18','Sulochana',11,'Model','Product ID:3'),(22129,'2018-07-10 11:43:14','Sulochana',2,'Brands',''),(22130,'2018-07-10 11:43:19','Sulochana',2,'News',''),(22131,'2018-07-10 11:43:31','Sulochana',2,'Suppliers',''),(22132,'2018-07-10 11:43:48','Sulochana',2,'Suppliers',''),(22133,'2018-07-11 02:58:37','Guest',11,'Model','Product ID:3'),(22134,'2018-07-11 03:10:58','Sulochana',8,'Login Success','Username: Sulochana|IP: 111.223.154.25'),(22135,'2018-07-11 06:01:13','Sulochana',8,'Login Success','Username: Sulochana|IP: 111.223.154.25'),(22136,'2018-07-11 06:01:34','Sulochana',11,'Model','Product ID:1'),(22137,'2018-07-11 08:53:45','Guest',11,'Model','Product ID:2'),(22138,'2018-07-11 08:53:54','Guest',11,'Model','Product ID:2'),(22139,'2018-07-12 10:38:03','Guest',11,'Model','Product ID:1'),(22140,'2018-07-12 10:38:16','Guest',11,'Model','Product ID:3'),(22141,'2018-07-13 07:29:58','Sulochana',8,'Login Success','Username: Sulochana|IP: 182.161.18.228'),(22142,'2018-07-14 07:48:56','Guest',11,'Model','Product ID:2'),(22143,'2018-07-14 07:49:07','Guest',11,'Model','Product ID:1'),(22144,'2018-07-16 04:09:56','Sulochana',8,'Login Success','Username: Sulochana|IP: 111.223.149.52'),(22145,'2018-07-16 04:10:32','Sulochana',2,'Master Data',''),(22146,'2018-07-16 04:10:41','Sulochana',2,'Master Data',''),(22147,'2018-07-16 04:12:46','Sulochana',11,'Model','Product ID:1'),(22148,'2018-07-16 04:12:53','Sulochana',2,'Model','Model ID:24'),(22149,'2018-07-16 04:13:01','Sulochana',2,'Item','Item ID:29'),(22150,'2018-07-16 04:15:59','Sulochana',1,'Model','Name: ET19597'),(22151,'2018-07-16 04:16:01','Sulochana',2,'Master Data',''),(22152,'2018-07-16 04:16:16','Sulochana',2,'Item Images',''),(22153,'2018-07-16 04:16:35','Sulochana',1,'Image Upload','File Name: 158063746519754.jpg'),(22154,'2018-07-16 04:16:39','Sulochana',3,'Model Image','Model ID : 31'),(22155,'2018-07-16 04:16:40','Sulochana',2,'Item Images',''),(22156,'2018-07-16 04:16:44','Sulochana',3,'Model Image','Model ID : 31'),(22157,'2018-07-16 04:16:45','Sulochana',2,'Item Images',''),(22158,'2018-07-16 04:17:02','Sulochana',2,'Item Images',''),(22159,'2018-07-16 04:17:05','Sulochana',2,'Item Images',''),(22160,'2018-07-16 04:17:12','Sulochana',2,'Master Data',''),(22161,'2018-07-16 04:18:28','Sulochana',2,'Items',''),(22162,'2018-07-16 04:18:42','Sulochana',2,'Add Item',''),(22163,'2018-07-16 04:19:50','Sulochana',2,'Add Item Next',''),(22164,'2018-07-16 04:19:55','Sulochana',1,'Add Item','ID : 30'),(22165,'2018-07-16 04:19:56','Sulochana',2,'Items',''),(22166,'2018-07-16 04:20:08','Sulochana',2,'Item Images',''),(22167,'2018-07-16 04:20:26','Sulochana',1,'Image Upload','File Name: 260802967477965.jpg'),(22168,'2018-07-16 04:20:28','Sulochana',1,'Image Upload','File Name: 985214553622980.jpg'),(22169,'2018-07-16 04:20:30','Sulochana',1,'Image Upload','File Name: 256399264286959.jpg'),(22170,'2018-07-16 04:20:53','Sulochana',3,'Item Images','Item ID : 30'),(22171,'2018-07-16 04:20:54','Sulochana',2,'Item Images',''),(22172,'2018-07-16 04:21:03','Sulochana',2,'Item Images',''),(22173,'2018-07-16 04:23:47','Sulochana',2,'Master Data',''),(22174,'2018-07-16 04:24:06','Sulochana',1,'Model','Name: ET17891'),(22175,'2018-07-16 04:24:09','Sulochana',2,'Master Data',''),(22176,'2018-07-16 04:24:30','Sulochana',2,'Item Images',''),(22177,'2018-07-16 04:24:43','Sulochana',1,'Image Upload','File Name: 166540063215436.jpg'),(22178,'2018-07-16 04:24:47','Sulochana',3,'Model Image','Model ID : 32'),(22179,'2018-07-16 04:24:48','Sulochana',2,'Item Images',''),(22180,'2018-07-16 04:24:58','Sulochana',2,'Master Data',''),(22181,'2018-07-16 04:27:52','Sulochana',2,'Items',''),(22182,'2018-07-16 04:28:00','Sulochana',2,'Add Item',''),(22183,'2018-07-16 04:28:49','Sulochana',2,'Add Item Next',''),(22184,'2018-07-16 04:28:52','Sulochana',1,'Add Item','ID : 31'),(22185,'2018-07-16 04:28:53','Sulochana',2,'Items',''),(22186,'2018-07-16 04:30:31','Sulochana',2,'Item Images',''),(22187,'2018-07-16 04:30:48','Sulochana',1,'Image Upload','File Name: 204025446897634.jpg'),(22188,'2018-07-16 04:33:32','Sulochana',1,'Image Upload','File Name: 166337911098458.jpg'),(22189,'2018-07-16 04:33:34','Sulochana',1,'Image Upload','File Name: 221377232098924.jpg'),(22190,'2018-07-16 04:33:48','Sulochana',3,'Item Images','Item ID : 31'),(22191,'2018-07-16 04:33:49','Sulochana',2,'Item Images',''),(22192,'2018-07-16 04:35:07','Sulochana',3,'Item Images','Item ID : 31'),(22193,'2018-07-16 04:35:08','Sulochana',2,'Item Images',''),(22194,'2018-07-16 04:35:13','Sulochana',2,'Item Images',''),(22195,'2018-07-16 04:35:23','Sulochana',2,'Master Data',''),(22196,'2018-07-16 04:37:08','Sulochana',2,'Master Data',''),(22197,'2018-07-16 04:40:26','Sulochana',1,'Model','Name: N8659'),(22198,'2018-07-16 04:40:28','Sulochana',2,'Master Data',''),(22199,'2018-07-16 04:42:00','Sulochana',2,'Master Data',''),(22200,'2018-07-16 04:42:14','Sulochana',2,'Item Images',''),(22201,'2018-07-16 04:44:30','Sulochana',1,'Image Upload','File Name: 211463299185799.jpg'),(22202,'2018-07-16 04:44:32','Sulochana',1,'Image Upload','File Name: 973568556975989.jpg'),(22203,'2018-07-16 04:44:48','Sulochana',2,'Master Data',''),(22204,'2018-07-16 04:45:57','Sulochana',2,'Items',''),(22205,'2018-07-16 04:46:15','Sulochana',2,'Add Item',''),(22206,'2018-07-16 04:48:09','Sulochana',2,'Add Item Next',''),(22207,'2018-07-16 04:48:12','Sulochana',1,'Add Item','ID : 32'),(22208,'2018-07-16 04:48:13','Sulochana',2,'Items',''),(22209,'2018-07-16 04:48:35','Sulochana',2,'Item Images',''),(22210,'2018-07-16 04:49:17','Sulochana',1,'Image Upload','File Name: 173636368973395.jpg'),(22211,'2018-07-16 04:57:24','Sulochana',1,'Image Upload','File Name: 313491109609305.jpg'),(22212,'2018-07-16 04:59:54','Sulochana',1,'Image Upload','File Name: 270546546686991.jpg'),(22213,'2018-07-16 04:59:56','Sulochana',1,'Image Upload','File Name: 121161449741316.jpg'),(22214,'2018-07-16 04:59:58','Sulochana',1,'Image Upload','File Name: 203722310408425.jpg'),(22215,'2018-07-16 05:00:41','Sulochana',3,'Item Images','Item ID : 32'),(22216,'2018-07-16 05:00:42','Sulochana',2,'Item Images',''),(22217,'2018-07-16 05:24:49','Sulochana',2,'Master Data',''),(22218,'2018-07-16 05:30:30','Sulochana',1,'Model','Name: N8728'),(22219,'2018-07-16 05:30:32','Sulochana',2,'Master Data',''),(22220,'2018-07-16 05:32:09','Sulochana',2,'Item Images',''),(22221,'2018-07-16 05:32:45','Sulochana',1,'Image Upload','File Name: 132513387893165.jpg'),(22222,'2018-07-16 05:32:48','Sulochana',3,'Model Image','Model ID : 34'),(22223,'2018-07-16 05:32:49','Sulochana',2,'Item Images',''),(22224,'2018-07-16 05:32:54','Sulochana',2,'Item Images',''),(22225,'2018-07-16 05:32:54','Sulochana',2,'Master Data',''),(22226,'2018-07-16 05:33:46','Sulochana',2,'Item Images',''),(22227,'2018-07-16 05:33:53','Sulochana',2,'Items',''),(22228,'2018-07-16 05:34:36','Sulochana',2,'Add Item',''),(22229,'2018-07-16 05:35:23','Sulochana',2,'Add Item Next',''),(22230,'2018-07-16 05:35:28','Sulochana',1,'Add Item','ID : 33'),(22231,'2018-07-16 05:35:28','Sulochana',2,'Items',''),(22232,'2018-07-16 05:35:49','Sulochana',2,'Item Images',''),(22233,'2018-07-16 05:36:11','Sulochana',1,'Image Upload','File Name: 245461475243749.jpg'),(22234,'2018-07-16 05:36:14','Sulochana',1,'Image Upload','File Name: 131653555612919.jpg'),(22235,'2018-07-16 05:40:02','Guest',11,'Model','Product ID:4'),(22236,'2018-07-16 05:47:49','Guest',11,'Model','Product ID:4'),(22237,'2018-07-16 07:49:42','Guest',2,'Model','Model ID:33'),(22238,'2018-07-16 08:18:17','Guest',11,'Model','Product ID:3'),(22239,'2018-07-16 08:20:02','Guest',11,'Model','Product ID:2'),(22240,'2018-07-16 08:50:39','Guest',11,'Model','Product ID:4'),(22241,'2018-07-16 11:39:45','Guest',11,'Model','Product ID:2'),(22242,'2018-07-18 03:54:05','Guest',11,'Model','Product ID:2'),(22243,'2018-07-18 07:58:19','Guest',11,'Model','Product ID:1'),(22244,'2018-07-18 08:16:42','Guest',2,'Model','Model ID:1'),(22245,'2018-07-23 03:16:21','Sulochana',8,'Login Success','Username: Sulochana|IP: 182.161.19.151'),(22246,'2018-07-23 03:16:37','Sulochana',11,'Model','Product ID:4'),(22247,'2018-07-23 03:16:59','Sulochana',2,'Model','Model ID:33'),(22248,'2018-07-23 03:17:05','Sulochana',2,'Item','Item ID:32'),(22249,'2018-07-23 03:17:16','Sulochana',2,'Model','Model ID:33'),(22250,'2018-07-23 03:17:26','Sulochana',2,'Master Data',''),(22251,'2018-07-23 03:17:48','Sulochana',2,'Item Images',''),(22252,'2018-07-23 03:18:52','Sulochana',1,'Image Upload','File Name: 121773702115161.jpg'),(22253,'2018-07-23 03:20:55','Sulochana',2,'Item Images',''),(22254,'2018-07-23 03:21:11','Sulochana',1,'Image Upload','File Name: 126548922816147.jpg'),(22255,'2018-07-23 03:21:30','Sulochana',3,'Model Image','Model ID : 33'),(22256,'2018-07-23 03:21:31','Sulochana',2,'Item Images',''),(22257,'2018-07-23 03:28:50','Sulochana',3,'Model Image','Model ID : 33'),(22258,'2018-07-23 03:28:50','Sulochana',2,'Item Images',''),(22259,'2018-07-23 03:28:53','Sulochana',2,'Model','Model ID:33'),(22260,'2018-07-23 03:29:04','Sulochana',2,'Item Images',''),(22261,'2018-07-23 03:29:06','Sulochana',2,'Item Images',''),(22262,'2018-07-23 03:29:40','Sulochana',2,'Master Data',''),(22263,'2018-07-23 03:29:44','Sulochana',8,'Login Success','Username: Sulochana|IP: 182.161.19.151'),(22264,'2018-07-23 03:41:02','Sulochana',2,'Master Data',''),(22265,'2018-07-23 03:52:26','Sulochana',1,'Model','Name: N8698'),(22266,'2018-07-23 03:52:28','Sulochana',2,'Master Data',''),(22267,'2018-07-23 03:53:01','Sulochana',2,'Item Images',''),(22268,'2018-07-23 03:54:36','Sulochana',1,'Image Upload','File Name: 707885840276219.jpg'),(22269,'2018-07-23 03:54:41','Sulochana',3,'Model Image','Model ID : 35'),(22270,'2018-07-23 03:54:41','Sulochana',2,'Item Images',''),(22271,'2018-07-23 03:54:50','Sulochana',2,'Master Data',''),(22272,'2018-07-23 03:55:51','Sulochana',2,'Items',''),(22273,'2018-07-23 03:56:09','Sulochana',2,'Add Item',''),(22274,'2018-07-23 03:56:56','Sulochana',2,'Add Item Next',''),(22275,'2018-07-23 03:57:02','Sulochana',1,'Add Item','ID : 34'),(22276,'2018-07-23 03:57:02','Sulochana',2,'Items',''),(22277,'2018-07-23 03:57:28','Sulochana',2,'Item Images',''),(22278,'2018-07-23 03:57:45','Sulochana',1,'Image Upload','File Name: 478983809320481.jpg'),(22279,'2018-07-23 03:57:48','Sulochana',1,'Image Upload','File Name: 971337937996166.jpg'),(22280,'2018-07-23 03:57:50','Sulochana',1,'Image Upload','File Name: 206290690357059.jpg'),(22281,'2018-07-23 03:58:11','Sulochana',3,'Item Images','Item ID : 34'),(22282,'2018-07-23 03:58:12','Sulochana',2,'Item Images',''),(22283,'2018-07-23 03:58:25','Sulochana',3,'Item Images','Item ID : 34'),(22284,'2018-07-23 03:58:26','Sulochana',2,'Item Images',''),(22285,'2018-07-23 03:58:53','Sulochana',2,'Master Data',''),(22286,'2018-07-23 03:59:00','Sulochana',2,'Master Data',''),(22287,'2018-07-23 04:01:42','Sulochana',1,'Model','Name: N8609'),(22288,'2018-07-23 04:01:44','Sulochana',2,'Master Data',''),(22289,'2018-07-23 04:02:07','Sulochana',2,'Item Images',''),(22290,'2018-07-23 04:02:21','Sulochana',2,'Item Images',''),(22291,'2018-07-23 04:03:11','Sulochana',1,'Image Upload','File Name: 121563041412215.jpg'),(22292,'2018-07-23 04:03:19','Sulochana',3,'Model Image','Model ID : 36'),(22293,'2018-07-23 04:03:20','Sulochana',2,'Item Images',''),(22294,'2018-07-23 04:03:24','Sulochana',2,'Item Images',''),(22295,'2018-07-23 04:03:33','Sulochana',2,'Items',''),(22296,'2018-07-23 04:04:05','Sulochana',2,'Add Item',''),(22297,'2018-07-23 04:04:11','Sulochana',2,'Items',''),(22298,'2018-07-23 04:04:46','Sulochana',2,'Add Item',''),(22299,'2018-07-23 04:06:27','Sulochana',2,'Items',''),(22300,'2018-07-23 04:06:42','Sulochana',2,'Master Data',''),(22301,'2018-07-23 04:08:07','Sulochana',2,'Master Data',''),(22302,'2018-07-23 04:08:29','Sulochana',2,'Master Data',''),(22303,'2018-07-23 04:08:34','Sulochana',2,'Items',''),(22304,'2018-07-23 04:08:35','Sulochana',2,'Items',''),(22305,'2018-07-23 04:08:56','Sulochana',2,'Add Item',''),(22306,'2018-07-23 04:11:47','Sulochana',2,'Add Item Next',''),(22307,'2018-07-23 04:11:51','Sulochana',1,'Add Item','ID : 35'),(22308,'2018-07-23 04:11:52','Sulochana',2,'Items',''),(22309,'2018-07-23 04:12:08','Sulochana',2,'Item Images',''),(22310,'2018-07-23 04:12:57','Sulochana',1,'Image Upload','File Name: 327208094488147.jpg'),(22311,'2018-07-23 04:12:59','Sulochana',1,'Image Upload','File Name: 492522875064577.jpg'),(22312,'2018-07-23 04:14:07','Sulochana',1,'Image Upload','File Name: 228791312028033.jpg'),(22313,'2018-07-23 04:14:13','Sulochana',3,'Item Images','Item ID : 35'),(22314,'2018-07-23 04:14:14','Sulochana',2,'Item Images',''),(22315,'2018-07-23 04:14:30','Sulochana',3,'Item Images','Item ID : 35'),(22316,'2018-07-23 04:14:31','Sulochana',2,'Item Images',''),(22317,'2018-07-23 04:14:56','Sulochana',11,'Model','Product ID:4'),(22318,'2018-07-23 04:15:47','Sulochana',2,'Master Data',''),(22319,'2018-07-23 04:19:59','Sulochana',1,'Model','Name: AB3126'),(22320,'2018-07-23 04:20:03','Sulochana',2,'Master Data',''),(22321,'2018-07-23 04:21:48','Sulochana',2,'Item Images',''),(22322,'2018-07-23 04:22:00','Sulochana',1,'Image Upload','File Name: 226562302898242.jpg'),(22323,'2018-07-23 04:22:04','Sulochana',3,'Model Image','Model ID : 37'),(22324,'2018-07-23 04:22:05','Sulochana',2,'Item Images',''),(22325,'2018-07-23 04:22:09','Sulochana',2,'Item Images',''),(22326,'2018-07-23 04:22:11','Sulochana',2,'Master Data',''),(22327,'2018-07-23 04:22:34','Sulochana',2,'Items',''),(22328,'2018-07-23 04:22:42','Sulochana',2,'Add Item',''),(22329,'2018-07-23 04:25:16','Sulochana',2,'Add Item Next',''),(22330,'2018-07-23 04:25:20','Sulochana',1,'Add Item','ID : 36'),(22331,'2018-07-23 04:25:21','Sulochana',2,'Items',''),(22332,'2018-07-23 04:25:28','Sulochana',2,'Add Item',''),(22333,'2018-07-23 04:25:32','Sulochana',2,'Items',''),(22334,'2018-07-23 04:25:50','Sulochana',2,'Item Images',''),(22335,'2018-07-23 04:26:11','Sulochana',1,'Image Upload','File Name: 231596420098143.jpg'),(22336,'2018-07-23 04:26:20','Sulochana',1,'Image Upload','File Name: 157007621249984.jpg'),(22337,'2018-07-23 04:26:27','Sulochana',1,'Image Upload','File Name: 261689656750959.jpg'),(22338,'2018-07-23 04:26:40','Sulochana',3,'Item Images','Item ID : 36'),(22339,'2018-07-23 04:26:40','Sulochana',2,'Item Images',''),(22340,'2018-07-23 04:26:48','Sulochana',3,'Item Images','Item ID : 36'),(22341,'2018-07-23 04:26:49','Sulochana',2,'Item Images',''),(22342,'2018-07-23 04:26:52','Sulochana',11,'Model','Product ID:4'),(22343,'2018-07-23 04:26:57','Sulochana',2,'Model','Model ID:37'),(22344,'2018-07-23 04:27:03','Sulochana',11,'Model','Product ID:4'),(22345,'2018-07-23 04:31:30','Sulochana',2,'Master Data',''),(22346,'2018-07-23 04:32:47','Sulochana',2,'Items',''),(22347,'2018-07-23 04:33:42','Sulochana',2,'Item',''),(22348,'2018-07-23 04:33:49','Sulochana',2,'Items',''),(22349,'2018-07-23 04:33:59','Sulochana',2,'Product Type',''),(22350,'2018-07-23 04:34:03','Sulochana',2,'Master Data',''),(22351,'2018-07-23 04:34:31','Sulochana',2,'Master Data',''),(22352,'2018-07-23 04:34:44','Sulochana',2,'Master Data',''),(22353,'2018-07-23 04:34:55','Sulochana',2,'Master Data',''),(22354,'2018-07-23 04:35:34','Sulochana',1,'Model Field','Model ID : 36,Field ID : 3'),(22355,'2018-07-23 04:35:52','Sulochana',2,'Product Type',''),(22356,'2018-07-23 04:36:01','Sulochana',2,'Master Data',''),(22357,'2018-07-23 04:36:27','Sulochana',1,'Field Value','Value: ADLIB'),(22358,'2018-07-23 04:36:50','Sulochana',1,'Field Value','Value: NO 1 SPORT'),(22359,'2018-07-23 04:37:11','Sulochana',3,'Select Model Field Values',''),(22360,'2018-07-23 04:37:22','Sulochana',2,'Master Data',''),(22361,'2018-07-23 04:37:35','Sulochana',1,'Model Field','Model ID : 37,Field ID : 3'),(22362,'2018-07-23 04:37:42','Sulochana',3,'Select Model Field Values',''),(22363,'2018-07-23 04:37:48','Sulochana',2,'Master Data',''),(22364,'2018-07-23 04:38:11','Sulochana',1,'Model Field','Model ID : 33,Field ID : 3'),(22365,'2018-07-23 04:38:19','Sulochana',3,'Select Model Field Values',''),(22366,'2018-07-23 04:38:59','Sulochana',3,'Select Model Field Values',''),(22367,'2018-07-23 04:39:08','Sulochana',2,'Master Data',''),(22368,'2018-07-23 04:39:43','Sulochana',1,'Model Field','Model ID : 35,Field ID : 3'),(22369,'2018-07-23 04:39:52','Sulochana',3,'Select Model Field Values',''),(22370,'2018-07-23 04:50:16','Sulochana',3,'Select Model Field Values',''),(22371,'2018-07-23 04:51:10','Sulochana',3,'Select Model Field Values',''),(22372,'2018-07-23 04:51:36','Sulochana',2,'Master Data',''),(22373,'2018-07-23 04:51:50','Sulochana',2,'Master Data',''),(22374,'2018-07-23 04:52:09','Sulochana',1,'Model Field','Model ID : 34,Field ID : 3'),(22375,'2018-07-23 04:52:20','Sulochana',3,'Select Model Field Values',''),(22376,'2018-07-23 04:52:35','Sulochana',2,'Master Data',''),(22377,'2018-07-23 04:53:10','Sulochana',1,'Model Field','Model ID : 26,Field ID : 3'),(22378,'2018-07-23 04:53:19','Sulochana',3,'Select Model Field Values',''),(22379,'2018-07-23 04:53:29','Sulochana',3,'Select Model Field Values',''),(22380,'2018-07-23 04:53:39','Sulochana',2,'Items',''),(22381,'2018-07-23 04:53:50','Sulochana',2,'Item Images',''),(22382,'2018-07-23 04:53:55','Sulochana',2,'Items',''),(22383,'2018-07-23 04:54:10','Sulochana',2,'Master Data',''),(22384,'2018-07-23 04:54:48','Sulochana',2,'Master Data',''),(22385,'2018-07-23 04:55:12','Sulochana',1,'Model Field','Model ID : 25,Field ID : 3'),(22386,'2018-07-23 04:55:20','Sulochana',3,'Select Model Field Values',''),(22387,'2018-07-23 04:55:35','Sulochana',2,'Master Data',''),(22388,'2018-07-23 04:56:09','Sulochana',2,'Master Data',''),(22389,'2018-07-23 04:56:34','Sulochana',1,'Model Field','Model ID : 24,Field ID : 3'),(22390,'2018-07-23 04:56:40','Sulochana',5,'model_field','ID: 30'),(22391,'2018-07-23 04:56:49','Sulochana',3,'Select Model Field Values',''),(22392,'2018-07-23 04:56:56','Sulochana',11,'Model','Product ID:4'),(22393,'2018-07-23 04:57:22','Sulochana',2,'Master Data',''),(22394,'2018-07-23 04:57:40','Sulochana',1,'Model Field','Model ID : 30,Field ID : 3'),(22395,'2018-07-23 04:57:46','Sulochana',3,'Select Model Field Values',''),(22396,'2018-07-23 04:57:52','Sulochana',11,'Model','Product ID:4'),(22397,'2018-07-23 04:58:02','Sulochana',11,'Model','Product ID:1'),(22398,'2018-07-23 04:58:34','Sulochana',2,'Master Data',''),(22399,'2018-07-23 04:58:58','Sulochana',2,'Master Data',''),(22400,'2018-07-23 04:59:27','Sulochana',1,'Model Field','Model ID : 27,Field ID : 3'),(22401,'2018-07-23 04:59:34','Sulochana',3,'Select Model Field Values',''),(22402,'2018-07-23 04:59:52','Sulochana',3,'Select Model Field Values',''),(22403,'2018-07-23 05:00:49','Sulochana',2,'Master Data',''),(22404,'2018-07-23 05:01:38','Sulochana',1,'Model Field','Model ID : 28,Field ID : 3'),(22405,'2018-07-23 05:01:46','Sulochana',3,'Select Model Field Values',''),(22406,'2018-07-23 05:01:56','Sulochana',3,'Select Model Field Values',''),(22407,'2018-07-23 05:02:34','Sulochana',3,'Select Model Field Values',''),(22408,'2018-07-23 05:03:05','Sulochana',3,'Select Model Field Values',''),(22409,'2018-07-23 05:03:16','Sulochana',2,'Model','Model ID:29'),(22410,'2018-07-23 05:03:32','Sulochana',2,'Master Data',''),(22411,'2018-07-23 05:03:39','Sulochana',2,'Master Data',''),(22412,'2018-07-23 05:04:03','Sulochana',1,'Model Field','Model ID : 29,Field ID : 3'),(22413,'2018-07-23 05:04:10','Sulochana',3,'Select Model Field Values',''),(22414,'2018-07-23 05:04:33','Sulochana',3,'Select Model Field Values',''),(22415,'2018-07-23 05:04:44','Sulochana',11,'Model','Product ID:1'),(22416,'2018-07-23 05:05:09','Sulochana',2,'Master Data',''),(22417,'2018-07-23 05:05:42','Sulochana',2,'Master Data',''),(22418,'2018-07-23 05:05:58','Sulochana',11,'Model','Product ID:1'),(22419,'2018-07-23 05:06:19','Sulochana',1,'Model Field','Model ID : 31,Field ID : 3'),(22420,'2018-07-23 05:06:30','Sulochana',3,'Select Model Field Values',''),(22421,'2018-07-23 05:06:41','Sulochana',11,'Model','Product ID:1'),(22422,'2018-07-23 05:06:59','Sulochana',2,'Master Data',''),(22423,'2018-07-23 05:07:18','Sulochana',1,'Model Field','Model ID : 32,Field ID : 3'),(22424,'2018-07-23 05:07:24','Sulochana',3,'Select Model Field Values',''),(22425,'2018-07-23 05:07:32','Sulochana',11,'Model','Product ID:1'),(22426,'2018-07-23 05:07:40','Sulochana',11,'Model','Product ID:3'),(22427,'2018-07-23 05:08:30','Sulochana',3,'Select Model Field Values',''),(22428,'2018-07-23 05:08:34','Sulochana',11,'Model','Product ID:4'),(22429,'2018-07-23 05:10:31','Sulochana',2,'Model','Model ID:16'),(22430,'2018-07-23 05:10:35','Sulochana',11,'Model','Product ID:4'),(22431,'2018-07-23 05:11:33','Sulochana',2,'Master Data',''),(22432,'2018-07-23 05:11:45','Sulochana',2,'Items',''),(22433,'2018-07-23 05:16:10','Sulochana',2,'Master Data',''),(22434,'2018-07-23 05:16:56','Sulochana',1,'Model','Name: ET17558'),(22435,'2018-07-23 05:16:58','Sulochana',2,'Master Data',''),(22436,'2018-07-23 05:17:22','Sulochana',1,'Model Field','Model ID : 38,Field ID : 3'),(22437,'2018-07-23 05:17:31','Sulochana',3,'Select Model Field Values',''),(22438,'2018-07-23 05:17:41','Sulochana',2,'Master Data',''),(22439,'2018-07-23 05:17:47','Sulochana',2,'Master Data',''),(22440,'2018-07-23 05:18:48','Sulochana',2,'Items',''),(22441,'2018-07-23 05:19:52','Sulochana',2,'Add Item',''),(22442,'2018-07-23 05:21:35','Sulochana',2,'Add Item Next',''),(22443,'2018-07-23 05:21:39','Sulochana',1,'Add Item','ID : 37'),(22444,'2018-07-23 05:21:40','Sulochana',2,'Items',''),(22445,'2018-07-23 05:22:12','Sulochana',2,'Item Images',''),(22446,'2018-07-23 05:22:50','Sulochana',1,'Image Upload','File Name: 327764890474838.jpg'),(22447,'2018-07-23 05:22:51','Sulochana',1,'Image Upload','File Name: 216716474298896.jpg'),(22448,'2018-07-23 05:22:53','Sulochana',1,'Image Upload','File Name: 517398581627099.jpg'),(22449,'2018-07-23 05:23:21','Sulochana',3,'Item Images','Item ID : 37'),(22450,'2018-07-23 05:23:21','Sulochana',2,'Item Images',''),(22451,'2018-07-23 05:25:16','Sulochana',3,'Item Images','Item ID : 37'),(22452,'2018-07-23 05:25:17','Sulochana',2,'Item Images',''),(22453,'2018-07-23 06:04:51','Sulochana',3,'Item Images','Item ID : 37'),(22454,'2018-07-23 06:04:52','Sulochana',2,'Item Images',''),(22455,'2018-07-23 06:06:00','Sulochana',2,'Master Data',''),(22456,'2018-07-23 06:06:59','Sulochana',1,'Model','Name: AB3138'),(22457,'2018-07-23 06:07:02','Sulochana',2,'Master Data',''),(22458,'2018-07-23 06:07:14','Sulochana',1,'Model Field','Model ID : 39,Field ID : 3'),(22459,'2018-07-23 06:07:21','Sulochana',3,'Select Model Field Values',''),(22460,'2018-07-23 06:07:26','Sulochana',2,'Master Data',''),(22461,'2018-07-23 06:07:49','Sulochana',2,'Items',''),(22462,'2018-07-23 06:07:57','Sulochana',2,'Add Item',''),(22463,'2018-07-23 06:08:40','Sulochana',2,'Add Item Next',''),(22464,'2018-07-23 06:08:43','Sulochana',1,'Add Item','ID : 38'),(22465,'2018-07-23 06:08:44','Sulochana',2,'Items',''),(22466,'2018-07-23 06:09:25','Sulochana',2,'Item Images',''),(22467,'2018-07-23 06:09:48','Sulochana',1,'Image Upload','File Name: 238797546418223.jpg'),(22468,'2018-07-23 06:10:00','Sulochana',1,'Image Upload','File Name: 222974418515014.jpg'),(22469,'2018-07-23 06:10:12','Sulochana',1,'Image Upload','File Name: 996444819053121.jpg'),(22470,'2018-07-23 06:10:15','Sulochana',3,'Item Images','Item ID : 38'),(22471,'2018-07-23 06:10:16','Sulochana',2,'Item Images',''),(22472,'2018-07-23 06:10:28','Sulochana',2,'Master Data',''),(22473,'2018-07-23 06:10:43','Sulochana',2,'Item Images',''),(22474,'2018-07-23 06:10:55','Sulochana',1,'Image Upload','File Name: 242895403635614.jpg'),(22475,'2018-07-23 06:11:09','Sulochana',3,'Model Image','Model ID : 39'),(22476,'2018-07-23 06:11:10','Sulochana',2,'Item Images',''),(22477,'2018-07-23 06:11:37','Sulochana',2,'Items',''),(22478,'2018-07-23 06:11:54','Sulochana',2,'Item Images',''),(22479,'2018-07-23 06:12:14','Sulochana',1,'Image Upload','File Name: 731560196233089.jpg'),(22480,'2018-07-23 06:12:16','Sulochana',1,'Image Upload','File Name: 114100585932112.jpg'),(22481,'2018-07-23 06:12:33','Sulochana',3,'Item Images','Item ID : 38'),(22482,'2018-07-23 06:12:34','Sulochana',2,'Item Images',''),(22483,'2018-07-23 06:12:41','Sulochana',3,'Item Images','Item ID : 38'),(22484,'2018-07-23 06:12:41','Sulochana',2,'Item Images',''),(22485,'2018-07-25 03:26:50','Test Administrator - No 1',8,'Login Success','Username: Test Administrator - No 1|IP: 112.134.5.186'),(22486,'2018-07-25 03:27:07','Test Administrator - No 1',2,'Items',''),(22487,'2018-07-25 03:27:24','Test Administrator - No 1',2,'Item',''),(22488,'2018-07-25 03:27:57','Test Administrator - No 1',2,'Items',''),(22489,'2018-07-25 03:28:16','Test Administrator - No 1',2,'Item Images',''),(22490,'2018-07-25 03:28:44','Test Administrator - No 1',2,'Items',''),(22491,'2018-07-25 03:28:58','Test Administrator - No 1',2,'Master Data',''),(22492,'2018-07-25 03:29:28','Test Administrator - No 1',2,'Master Data',''),(22493,'2018-07-25 03:29:37','Test Administrator - No 1',2,'Master Data',''),(22494,'2018-07-25 05:02:33','Sulochana',8,'Login Success','Username: Sulochana|IP: 182.161.12.139'),(22495,'2018-07-25 05:02:45','Sulochana',11,'Model','Product ID:4'),(22496,'2018-07-25 05:03:22','Sulochana',2,'Master Data',''),(22497,'2018-07-25 05:05:10','Sulochana',1,'Model','Name: AB3140'),(22498,'2018-07-25 05:05:12','Sulochana',2,'Master Data',''),(22499,'2018-07-25 05:05:20','Sulochana',2,'Item Images',''),(22500,'2018-07-25 05:05:50','Sulochana',1,'Image Upload','File Name: 234966304249226.jpg'),(22501,'2018-07-25 05:05:53','Sulochana',3,'Model Image','Model ID : 40'),(22502,'2018-07-25 05:05:54','Sulochana',2,'Item Images',''),(22503,'2018-07-25 05:06:17','Sulochana',2,'Master Data',''),(22504,'2018-07-25 05:08:13','Sulochana',1,'Field Value','Value: OR'),(22505,'2018-07-25 05:09:18','Sulochana',2,'Master Data',''),(22506,'2018-07-25 05:09:43','Sulochana',2,'Master Data',''),(22507,'2018-07-25 05:09:59','Sulochana',1,'Model Field','Model ID : 40,Field ID : 3'),(22508,'2018-07-25 05:10:08','Sulochana',3,'Select Model Field Values',''),(22509,'2018-07-25 05:10:19','Sulochana',2,'Items',''),(22510,'2018-07-25 05:10:28','Sulochana',2,'Add Item',''),(22511,'2018-07-25 05:11:03','Sulochana',2,'Add Item Next',''),(22512,'2018-07-25 05:11:08','Sulochana',1,'Add Item','ID : 39'),(22513,'2018-07-25 05:11:09','Sulochana',2,'Items',''),(22514,'2018-07-25 05:11:32','Sulochana',2,'Item Images',''),(22515,'2018-07-25 05:11:47','Sulochana',1,'Image Upload','File Name: 134049347028807.jpg'),(22516,'2018-07-25 05:11:48','Sulochana',1,'Image Upload','File Name: 286872631892263.jpg'),(22517,'2018-07-25 05:11:50','Sulochana',1,'Image Upload','File Name: 291808980982359.jpg'),(22518,'2018-07-25 05:11:56','Sulochana',3,'Item Images','Item ID : 39'),(22519,'2018-07-25 05:11:56','Sulochana',2,'Item Images',''),(22520,'2018-07-25 05:12:02','Sulochana',11,'Model','Product ID:4'),(22521,'2018-07-25 05:13:39','Sulochana',2,'Master Data',''),(22522,'2018-07-25 05:14:00','Sulochana',1,'Model','Name: N8728'),(22523,'2018-07-25 05:14:05','Sulochana',2,'Master Data',''),(22524,'2018-07-25 05:14:32','Sulochana',2,'Model','Model ID:34'),(22525,'2018-07-25 05:15:44','Sulochana',2,'Item Images',''),(22526,'2018-07-25 05:15:51','Sulochana',2,'Master Data',''),(22527,'2018-07-25 05:16:45','Sulochana',11,'Model','Product ID:4'),(22528,'2018-07-25 05:18:24','Sulochana',3,'Model','Name: ET17382'),(22529,'2018-07-25 05:18:26','Sulochana',2,'Master Data',''),(22530,'2018-07-25 05:18:45','Sulochana',2,'Item Images',''),(22531,'2018-07-25 05:19:06','Sulochana',1,'Image Upload','File Name: 324491094900482.jpg'),(22532,'2018-07-25 05:19:18','Sulochana',1,'Image Upload','File Name: 277377316901495.jpg'),(22533,'2018-07-25 05:19:21','Sulochana',3,'Model Image','Model ID : 41'),(22534,'2018-07-25 05:19:22','Sulochana',2,'Item Images',''),(22535,'2018-07-25 05:19:55','Sulochana',3,'Model Image','Model ID : 41'),(22536,'2018-07-25 05:19:55','Sulochana',2,'Item Images',''),(22537,'2018-07-25 05:20:06','Sulochana',2,'Master Data',''),(22538,'2018-07-25 05:20:24','Sulochana',1,'Model Field','Model ID : 41,Field ID : 3'),(22539,'2018-07-25 05:20:32','Sulochana',3,'Select Model Field Values',''),(22540,'2018-07-25 05:20:48','Sulochana',2,'Master Data',''),(22541,'2018-07-25 05:21:19','Sulochana',2,'Items',''),(22542,'2018-07-25 05:21:28','Sulochana',2,'Add Item',''),(22543,'2018-07-25 05:22:11','Sulochana',2,'Add Item Next',''),(22544,'2018-07-25 05:22:14','Sulochana',1,'Add Item','ID : 40'),(22545,'2018-07-25 05:22:15','Sulochana',2,'Items',''),(22546,'2018-07-25 05:22:52','Sulochana',2,'Item Images',''),(22547,'2018-07-25 05:23:07','Sulochana',1,'Image Upload','File Name: 185210509778223.jpg'),(22548,'2018-07-25 05:23:08','Sulochana',1,'Image Upload','File Name: 170987098593419.jpg'),(22549,'2018-07-25 05:23:10','Sulochana',1,'Image Upload','File Name: 206163430790802.jpg'),(22550,'2018-07-25 05:23:24','Sulochana',3,'Item Images','Item ID : 40'),(22551,'2018-07-25 05:23:24','Sulochana',2,'Item Images',''),(22552,'2018-07-25 05:23:48','Sulochana',3,'Item Images','Item ID : 40'),(22553,'2018-07-25 05:23:49','Sulochana',2,'Item Images',''),(22554,'2018-07-25 06:00:23','Sulochana',2,'Items',''),(22555,'2018-07-25 06:00:33','Sulochana',2,'Add Item',''),(22556,'2018-07-25 06:01:56','Sulochana',2,'Master Data',''),(22557,'2018-07-25 06:02:24','Sulochana',1,'Model','Name: AB3140U'),(22558,'2018-07-25 06:02:27','Sulochana',2,'Master Data',''),(22559,'2018-07-25 06:02:48','Sulochana',1,'Model Field','Model ID : 42,Field ID : 3'),(22560,'2018-07-25 06:02:56','Sulochana',3,'Select Model Field Values',''),(22561,'2018-07-25 06:03:08','Sulochana',2,'Master Data',''),(22562,'2018-07-25 06:03:49','Sulochana',2,'Master Data',''),(22563,'2018-07-25 06:04:00','Sulochana',2,'Master Data',''),(22564,'2018-07-25 06:04:10','Sulochana',2,'Item Images',''),(22565,'2018-07-25 06:04:38','Sulochana',1,'Image Upload','File Name: 255486456873847.jpg'),(22566,'2018-07-25 06:04:43','Sulochana',3,'Model Image','Model ID : 42'),(22567,'2018-07-25 06:04:44','Sulochana',2,'Item Images',''),(22568,'2018-07-25 06:05:08','Sulochana',2,'Master Data',''),(22569,'2018-07-25 06:05:12','Sulochana',3,'Model Image','Model ID : 42'),(22570,'2018-07-25 06:05:13','Sulochana',2,'Item Images',''),(22571,'2018-07-25 06:05:41','Sulochana',2,'Items',''),(22572,'2018-07-25 06:05:50','Sulochana',2,'Add Item',''),(22573,'2018-07-25 06:06:40','Sulochana',2,'Add Item Next',''),(22574,'2018-07-25 06:06:44','Sulochana',1,'Add Item','ID : 41'),(22575,'2018-07-25 06:06:44','Sulochana',2,'Items',''),(22576,'2018-07-25 06:07:23','Sulochana',2,'Item Images',''),(22577,'2018-07-25 06:07:43','Sulochana',1,'Image Upload','File Name: 253607849313643.jpg'),(22578,'2018-07-25 06:07:44','Sulochana',1,'Image Upload','File Name: 223223295210942.jpg'),(22579,'2018-07-25 06:07:45','Sulochana',1,'Image Upload','File Name: 942838641644190.jpg'),(22580,'2018-07-25 06:07:53','Sulochana',3,'Item Images','Item ID : 41'),(22581,'2018-07-25 06:07:54','Sulochana',2,'Item Images',''),(22582,'2018-07-25 06:10:41','Sulochana',2,'Master Data',''),(22583,'2018-07-25 06:11:20','Sulochana',3,'Model','Name: AB3138U'),(22584,'2018-07-25 06:11:23','Sulochana',2,'Master Data',''),(22585,'2018-07-25 06:11:38','Sulochana',3,'Model','Name: AB3140U'),(22586,'2018-07-25 06:11:41','Sulochana',2,'Master Data',''),(22587,'2018-07-25 06:11:55','Sulochana',2,'Items',''),(22588,'2018-07-25 06:12:08','Sulochana',2,'Add Item',''),(22589,'2018-07-25 06:12:41','Sulochana',11,'Model','Product ID:4'),(22590,'2018-07-25 06:12:59','Sulochana',2,'Model','Model ID:39'),(22591,'2018-07-25 06:13:17','Sulochana',2,'Items',''),(22592,'2018-07-25 06:13:43','Sulochana',2,'Add Item',''),(22593,'2018-07-25 06:13:58','Sulochana',2,'Item','Item ID:38'),(22594,'2018-07-25 06:14:43','Sulochana',1,'Edit Item','ID : 38'),(22595,'2018-07-25 06:14:44','Sulochana',2,'Items',''),(22596,'2018-07-25 06:15:44','Sulochana',2,'Master Data',''),(22597,'2018-07-25 06:16:26','Sulochana',2,'Items',''),(22598,'2018-07-25 06:16:28','Sulochana',2,'Items',''),(22599,'2018-07-25 06:16:45','Sulochana',2,'Add Item',''),(22600,'2018-07-25 06:17:31','Sulochana',2,'Add Item Next',''),(22601,'2018-07-25 06:17:37','Sulochana',1,'Add Item','ID : 42'),(22602,'2018-07-25 06:17:38','Sulochana',2,'Items',''),(22603,'2018-07-25 06:17:58','Sulochana',2,'Master Data',''),(22604,'2018-07-25 06:18:05','Sulochana',2,'Item Images',''),(22605,'2018-07-25 06:20:09','Sulochana',1,'Image Upload','File Name: 104945103989230.jpg'),(22606,'2018-07-25 06:20:48','Sulochana',2,'Item Images',''),(22607,'2018-07-25 06:21:03','Sulochana',1,'Image Upload','File Name: 852601863215806.jpg'),(22608,'2018-07-25 06:21:05','Sulochana',1,'Image Upload','File Name: 225601835584167.jpg'),(22609,'2018-07-25 06:21:06','Sulochana',1,'Image Upload','File Name: 669157093289192.jpg'),(22610,'2018-07-25 06:21:15','Sulochana',3,'Item Images','Item ID : 42'),(22611,'2018-07-25 06:21:15','Sulochana',2,'Item Images',''),(22612,'2018-07-25 06:21:29','Sulochana',3,'Model Image','Model ID : 39'),(22613,'2018-07-25 06:21:30','Sulochana',3,'Model Image','Model ID : 39'),(22614,'2018-07-25 06:21:30','Sulochana',2,'Item Images',''),(22615,'2018-07-25 06:26:33','Sulochana',2,'Master Data',''),(22616,'2018-07-25 06:26:39','Sulochana',11,'Model','Product ID:4'),(22617,'2018-07-25 06:27:17','Sulochana',1,'Model','Name: AB3136U'),(22618,'2018-07-25 06:27:19','Sulochana',2,'Master Data',''),(22619,'2018-07-25 06:27:30','Sulochana',2,'Item Images',''),(22620,'2018-07-25 06:27:55','Sulochana',1,'Image Upload','File Name: 259621424927457.jpg'),(22621,'2018-07-25 06:28:13','Sulochana',3,'Model Image','Model ID : 43'),(22622,'2018-07-25 06:28:14','Sulochana',2,'Item Images',''),(22623,'2018-07-25 06:28:28','Sulochana',2,'Master Data',''),(22624,'2018-07-25 06:28:43','Sulochana',1,'Model Field','Model ID : 43,Field ID : 3'),(22625,'2018-07-25 06:28:52','Sulochana',3,'Select Model Field Values',''),(22626,'2018-07-25 06:29:03','Sulochana',2,'Master Data',''),(22627,'2018-07-25 06:30:25','Sulochana',2,'Master Data',''),(22628,'2018-07-25 06:31:54','Sulochana',2,'Items',''),(22629,'2018-07-25 07:49:37','Sulochana',2,'Add Item',''),(22630,'2018-07-25 07:49:40','Sulochana',11,'Model','Product ID:4'),(22631,'2018-07-25 07:49:47','Sulochana',11,'Model','Product ID:4'),(22632,'2018-07-25 07:49:48','Sulochana',11,'Model','Product ID:4'),(22633,'2018-07-25 07:50:04','Sulochana',2,'Model','Model ID:43'),(22634,'2018-07-25 07:50:18','Sulochana',2,'Model','Model ID:43'),(22635,'2018-07-25 07:51:15','Sulochana',2,'Add Item Next',''),(22636,'2018-07-25 07:51:20','Sulochana',1,'Add Item','ID : 43'),(22637,'2018-07-25 07:51:21','Sulochana',2,'Items',''),(22638,'2018-07-25 07:51:58','Sulochana',2,'Item Images',''),(22639,'2018-07-25 07:52:20','Sulochana',1,'Image Upload','File Name: 267965619972446.jpg'),(22640,'2018-07-25 07:52:22','Sulochana',1,'Image Upload','File Name: 235536210989783.jpg'),(22641,'2018-07-25 07:52:23','Sulochana',1,'Image Upload','File Name: 166058870350756.jpg'),(22642,'2018-07-25 07:52:39','Sulochana',3,'Item Images','Item ID : 43'),(22643,'2018-07-25 07:52:40','Sulochana',2,'Item Images',''),(22644,'2018-07-25 07:52:42','Sulochana',2,'Users',''),(22645,'2018-07-25 07:53:01','Sulochana',2,'Master Data',''),(22646,'2018-07-25 07:53:08','Sulochana',2,'Master Data',''),(22647,'2018-07-25 07:53:29','Sulochana',11,'Model','Product ID:4'),(22648,'2018-07-25 07:55:39','Sulochana',3,'Model','Name: AB3136U'),(22649,'2018-07-25 07:55:43','Sulochana',2,'Master Data',''),(22650,'2018-07-25 07:59:04','Sulochana',11,'Model','Product ID:4'),(22651,'2018-07-25 08:02:48','Sulochana',3,'Item Images','Item ID : 43'),(22652,'2018-07-25 08:02:49','Sulochana',2,'Item Images',''),(22653,'2018-07-25 08:03:32','Sulochana',2,'Model','Model ID:40'),(22654,'2018-07-25 09:33:23','Sulochana',2,'Model','Model ID:40'),(22655,'2018-07-26 02:53:32','Guest',2,'Model','Model ID:40'),(22656,'2018-07-30 02:47:21','Guest',11,'Model','Product ID:2'),(22657,'2018-07-30 08:02:01','Guest',11,'Model','Product ID:2'),(22658,'2018-07-30 08:02:14','Sulochana',8,'Login Success','Username: Sulochana|IP: 182.161.6.126'),(22659,'2018-07-30 08:06:41','Sulochana',11,'Model','Product ID:4'),(22660,'2018-07-30 08:07:06','Sulochana',11,'Model','Product ID:1'),(22661,'2018-07-30 09:12:14','Sulochana',2,'Users',''),(22662,'2018-07-30 09:13:52','Sulochana',2,'Master Data',''),(22663,'2018-07-30 09:14:35','Sulochana',2,'Item Images',''),(22664,'2018-07-30 09:14:39','Sulochana',2,'Master Data',''),(22665,'2018-07-30 09:14:44','Sulochana',2,'Item Images',''),(22666,'2018-07-30 09:14:48','Sulochana',2,'Master Data',''),(22667,'2018-07-30 09:15:12','Sulochana',2,'Item Images',''),(22668,'2018-07-30 09:16:10','Sulochana',1,'Image Upload','File Name: 126449999004179.jpg'),(22669,'2018-07-30 09:16:29','Sulochana',3,'Model Image','Model ID : 28'),(22670,'2018-07-30 09:16:30','Sulochana',2,'Item Images',''),(22671,'2018-07-30 09:16:42','Sulochana',3,'Model Image','Model ID : 28'),(22672,'2018-07-30 09:16:43','Sulochana',2,'Item Images',''),(22673,'2018-07-30 09:16:52','Sulochana',2,'Master Data',''),(22674,'2018-07-30 09:17:15','Sulochana',2,'Item Images',''),(22675,'2018-07-30 09:17:29','Sulochana',2,'Master Data',''),(22676,'2018-07-30 09:17:47','Sulochana',2,'Item Images',''),(22677,'2018-07-30 09:17:57','Sulochana',3,'Model Image','Model ID : 28'),(22678,'2018-07-30 09:17:58','Sulochana',2,'Item Images',''),(22679,'2018-07-30 09:18:47','Sulochana',1,'Image Upload','File Name: 127415636699163.jpg'),(22680,'2018-07-30 09:18:56','Sulochana',3,'Model Image','Model ID : 28'),(22681,'2018-07-30 09:18:56','Sulochana',2,'Item Images',''),(22682,'2018-07-30 09:19:07','Sulochana',11,'Model','Product ID:1'),(22683,'2018-07-30 09:19:08','Sulochana',11,'Model','Product ID:1'),(22684,'2018-07-30 09:19:24','Sulochana',2,'Master Data',''),(22685,'2018-07-30 09:19:49','Sulochana',2,'Item Images',''),(22686,'2018-07-30 09:19:55','Sulochana',2,'Master Data',''),(22687,'2018-07-30 09:20:39','Sulochana',2,'Item Images',''),(22688,'2018-07-30 09:21:34','Sulochana',1,'Image Upload','File Name: 746346849013321.jpg'),(22689,'2018-07-30 09:21:47','Sulochana',3,'Model Image','Model ID : 3'),(22690,'2018-07-30 09:21:48','Sulochana',2,'Item Images',''),(22691,'2018-07-30 09:22:03','Sulochana',2,'Master Data',''),(22692,'2018-07-30 09:22:29','Sulochana',2,'Item Images',''),(22693,'2018-07-30 09:23:09','Sulochana',2,'Master Data',''),(22694,'2018-07-30 09:23:26','Sulochana',2,'Item Images',''),(22695,'2018-07-30 09:24:27','Sulochana',1,'Image Upload','File Name: 226997396545174.jpg'),(22696,'2018-07-30 09:24:35','Sulochana',3,'Model Image','Model ID : 27'),(22697,'2018-07-30 09:24:36','Sulochana',2,'Item Images',''),(22698,'2018-07-30 09:24:45','Sulochana',2,'Item Images',''),(22699,'2018-07-30 09:24:48','Sulochana',2,'Master Data',''),(22700,'2018-07-30 09:24:55','Sulochana',11,'Model','Product ID:1'),(22701,'2018-07-30 09:26:04','Sulochana',2,'Item Images',''),(22702,'2018-07-30 09:26:39','Sulochana',2,'Master Data',''),(22703,'2018-07-30 09:27:00','Sulochana',2,'Item Images',''),(22704,'2018-07-30 09:27:06','Sulochana',2,'Master Data',''),(22705,'2018-07-30 09:28:23','Sulochana',2,'Item Images',''),(22706,'2018-07-30 11:17:29','Sulochana',2,'Master Data',''),(22707,'2018-07-31 03:29:20','Guest',11,'Model','Product ID:1'),(22708,'2018-07-31 03:29:40','Sulochana',8,'Login Success','Username: Sulochana|IP: 182.161.26.78'),(22709,'2018-07-31 05:03:17','Test Administrator - No 1',8,'Login Success','Username: Test Administrator - No 1|IP: 112.134.2.124'),(22710,'2018-07-31 05:03:53','Test Administrator - No 1',2,'Items',''),(22711,'2018-07-31 05:03:58','Test Administrator - No 1',2,'Item Images',''),(22712,'2018-07-31 05:04:05','Test Administrator - No 1',2,'Items',''),(22713,'2018-07-31 05:04:36','Test Administrator - No 1',11,'Model','Product ID:3'),(22714,'2018-07-31 05:04:40','Test Administrator - No 1',11,'Model','Product ID:4'),(22715,'2018-07-31 05:04:59','Guest',11,'Model','Product ID:4'),(22716,'2018-07-31 05:05:06','Test Administrator - No 1',2,'Model','Model ID:33'),(22717,'2018-07-31 05:05:39','Test Administrator - No 1',2,'Item','Item ID:32'),(22718,'2018-07-31 05:06:26','Test Administrator - No 1',2,'GRN',''),(22719,'2018-07-31 05:06:35','Test Administrator - No 1',11,'Model','Product ID:4'),(22720,'2018-07-31 05:06:43','Test Administrator - No 1',2,'Model','Model ID:33'),(22721,'2018-07-31 05:07:02','Guest',11,'Model','Product ID:4'),(22722,'2018-07-31 05:07:07','Test Administrator - No 1',11,'Item',''),(22723,'2018-07-31 05:07:40','Test Administrator - No 1',2,'Items',''),(22724,'2018-07-31 05:07:56','Test Administrator - No 1',11,'Model','Product ID:4'),(22725,'2018-07-31 05:08:27','Test Administrator - No 1',2,'Item Images',''),(22726,'2018-07-31 05:08:33','Test Administrator - No 1',2,'Items',''),(22727,'2018-07-31 05:09:02','Test Administrator - No 1',2,'Model','Model ID:33'),(22728,'2018-07-31 05:09:36','Test Administrator - No 1',2,'Item',''),(22729,'2018-07-31 05:09:46','Test Administrator - No 1',2,'Items',''),(22730,'2018-07-31 05:10:02','Test Administrator - No 1',2,'Master Data',''),(22731,'2018-07-31 05:12:40','Test Administrator - No 1',2,'Master Data',''),(22732,'2018-07-31 05:13:42','Test Administrator - No 1',2,'Item','Item ID:32'),(22733,'2018-07-31 05:15:18','Test Administrator - No 1',2,'GRN',''),(22734,'2018-07-31 05:15:24','Test Administrator - No 1',11,'Item',''),(22735,'2018-07-31 05:15:43','Test Administrator - No 1',11,'Item',''),(22736,'2018-07-31 05:17:08','Test Administrator - No 1',2,'Item','Item ID:9'),(22737,'2018-07-31 05:17:20','Test Administrator - No 1',11,'Item',''),(22738,'2018-07-31 05:19:24','Test Administrator - No 1',2,'Model','Model ID:33'),(22739,'2018-07-31 05:19:29','Test Administrator - No 1',11,'Model','Product ID:4'),(22740,'2018-07-31 05:19:50','Test Administrator - No 1',2,'Model','Model ID:10'),(22741,'2018-07-31 05:19:59','Test Administrator - No 1',2,'Item','Item ID:9'),(22742,'2018-07-31 05:20:03','Test Administrator - No 1',2,'Model','Model ID:10'),(22743,'2018-07-31 05:20:03','Test Administrator - No 1',11,'Model','Product ID:4'),(22744,'2018-07-31 05:21:05','Test Administrator - No 1',2,'Master Data',''),(22745,'2018-07-31 05:21:48','Test Administrator - No 1',2,'Master Data',''),(22746,'2018-07-31 05:22:12','Test Administrator - No 1',2,'Master Data',''),(22747,'2018-07-31 05:22:32','Test Administrator - No 1',2,'Master Data',''),(22748,'2018-07-31 05:23:09','Test Administrator - No 1',3,'Model','Name: CH10428'),(22749,'2018-07-31 05:23:11','Test Administrator - No 1',2,'Master Data',''),(22750,'2018-07-31 05:23:15','Test Administrator - No 1',11,'Model','Product ID:4'),(22751,'2018-07-31 05:23:41','Test Administrator - No 1',2,'Model','Model ID:10'),(22752,'2018-07-31 05:23:47','Test Administrator - No 1',2,'Item','Item ID:9'),(22753,'2018-07-31 05:24:01','Test Administrator - No 1',2,'Items',''),(22754,'2018-07-31 05:24:15','Test Administrator - No 1',2,'Items',''),(22755,'2018-07-31 05:24:20','Test Administrator - No 1',2,'GRN',''),(22756,'2018-07-31 05:24:29','Test Administrator - No 1',11,'Item',''),(22757,'2018-07-31 05:25:08','Test Administrator - No 1',2,'Model','Model ID:10'),(22758,'2018-07-31 05:25:14','Test Administrator - No 1',11,'Model','Product ID:4'),(22759,'2018-07-31 05:25:22','Test Administrator - No 1',2,'Items',''),(22760,'2018-07-31 05:25:26','Test Administrator - No 1',2,'Items',''),(22761,'2018-07-31 05:26:06','Test Administrator - No 1',2,'Item',''),(22762,'2018-07-31 05:26:18','Test Administrator - No 1',2,'Items',''),(22763,'2018-07-31 05:26:26','Test Administrator - No 1',2,'GRN',''),(22764,'2018-07-31 05:26:45','Test Administrator - No 1',11,'Item',''),(22765,'2018-07-31 05:26:54','Test Administrator - No 1',11,'Item',''),(22766,'2018-07-31 05:27:00','Test Administrator - No 1',2,'Items',''),(22767,'2018-07-31 05:27:05','Test Administrator - No 1',2,'Items',''),(22768,'2018-07-31 05:27:27','Test Administrator - No 1',2,'GRN',''),(22769,'2018-07-31 05:27:31','Test Administrator - No 1',11,'Item',''),(22770,'2018-07-31 05:28:05','Test Administrator - No 1',11,'Model','Product ID:4'),(22771,'2018-07-31 05:28:10','Test Administrator - No 1',2,'Model','Model ID:10'),(22772,'2018-07-31 05:28:18','Test Administrator - No 1',2,'Item','Item ID:9'),(22773,'2018-07-31 05:28:24','Test Administrator - No 1',1,'Cart Item','Item ID:9'),(22774,'2018-07-31 05:28:29','Test Administrator - No 1',2,'Item','Item ID:9'),(22775,'2018-07-31 05:29:26','Test Administrator - No 1',2,'Shopping Cart',''),(22776,'2018-07-31 05:29:45','Test Administrator - No 1',2,'Order Process',''),(22777,'2018-07-31 05:31:33','Test Administrator - No 1',0,'','Welcome to Eyewear'),(22778,'2018-07-31 05:31:33','Test Administrator - No 1',1,'Customer Signup','3'),(22779,'2018-07-31 05:31:36','Test Administrator - No 1',2,'Order Process',''),(22780,'2018-07-31 05:31:51','Test Administrator - No 1',8,'Customer','Customer ID:3'),(22781,'2018-07-31 05:31:54','Test Administrator - No 1',2,'Order Process',''),(22782,'2018-07-31 05:32:02','Test Administrator - No 1',0,'','Your Order Detail: ORD/1001'),(22783,'2018-07-31 05:32:03','Test Administrator - No 1',1,'Order','Order ID:2'),(22784,'2018-07-31 05:32:03','Test Administrator - No 1',2,'Shipping Details',''),(22785,'2018-07-31 05:32:08','Sulochana',8,'Login Success','Username: Sulochana|IP: 182.161.26.78'),(22786,'2018-07-31 05:32:15','Sulochana',2,'Master Data',''),(22787,'2018-07-31 05:32:44','Test Administrator - No 1',1,'Shipping Profile','3'),(22788,'2018-07-31 05:32:47','Test Administrator - No 1',2,'Shipping Details',''),(22789,'2018-07-31 05:34:59','Sulochana',1,'Model','Name: N8009'),(22790,'2018-07-31 05:35:02','Sulochana',2,'Master Data',''),(22791,'2018-07-31 05:35:29','Sulochana',1,'Model Field','Model ID : 44,Field ID : 3'),(22792,'2018-07-31 05:35:36','Sulochana',3,'Select Model Field Values',''),(22793,'2018-07-31 05:35:46','Sulochana',2,'Master Data',''),(22794,'2018-07-31 05:36:48','Sulochana',1,'Field Value','Value: GR'),(22795,'2018-07-31 05:38:10','Test Administrator - No 1',2,'Shopping Cart',''),(22796,'2018-07-31 05:38:18','Sulochana',2,'Master Data',''),(22797,'2018-07-31 05:38:21','Test Administrator - No 1',2,'Model','Model ID:10'),(22798,'2018-07-31 05:38:31','Sulochana',2,'Item Images',''),(22799,'2018-07-31 05:38:31','Test Administrator - No 1',2,'Item','Item ID:9'),(22800,'2018-07-31 05:38:37','Test Administrator - No 1',1,'Cart Item','Item ID:9'),(22801,'2018-07-31 05:38:40','Test Administrator - No 1',2,'Item','Item ID:9'),(22802,'2018-07-31 05:38:56','Sulochana',1,'Image Upload','File Name: 320761418780446.jpg'),(22803,'2018-07-31 05:38:58','Sulochana',1,'Image Upload','File Name: 127109376093287.jpg'),(22804,'2018-07-31 05:38:59','Test Administrator - No 1',11,'Model','Product ID:4'),(22805,'2018-07-31 05:39:03','Sulochana',3,'Model Image','Model ID : 44'),(22806,'2018-07-31 05:39:04','Sulochana',2,'Item Images',''),(22807,'2018-07-31 05:39:07','Test Administrator - No 1',2,'Shopping Cart',''),(22808,'2018-07-31 05:39:13','Sulochana',2,'Items',''),(22809,'2018-07-31 05:39:22','Sulochana',2,'Add Item',''),(22810,'2018-07-31 05:39:22','Test Administrator - No 1',2,'Order Process',''),(22811,'2018-07-31 05:39:40','Test Administrator - No 1',0,'','Your Order Detail: ORD/1002'),(22812,'2018-07-31 05:39:40','Test Administrator - No 1',1,'Order','Order ID:3'),(22813,'2018-07-31 05:39:40','Test Administrator - No 1',2,'Shipping Details',''),(22814,'2018-07-31 05:40:04','Sulochana',2,'Add Item Next',''),(22815,'2018-07-31 05:40:07','Sulochana',1,'Add Item','ID : 44'),(22816,'2018-07-31 05:40:08','Sulochana',2,'Items',''),(22817,'2018-07-31 05:40:21','Sulochana',2,'Item Images',''),(22818,'2018-07-31 05:40:53','Sulochana',1,'Image Upload','File Name: 844593894935328.jpg'),(22819,'2018-07-31 05:40:55','Sulochana',1,'Image Upload','File Name: 152205827338464.jpg'),(22820,'2018-07-31 05:40:57','Sulochana',1,'Image Upload','File Name: 134527448042921.jpg'),(22821,'2018-07-31 05:41:10','Sulochana',3,'Item Images','Item ID : 44'),(22822,'2018-07-31 05:41:10','Sulochana',2,'Item Images',''),(22823,'2018-07-31 05:41:27','Sulochana',3,'Item Images','Item ID : 44'),(22824,'2018-07-31 05:41:28','Sulochana',2,'Item Images',''),(22825,'2018-07-31 05:41:36','Sulochana',2,'Item Images',''),(22826,'2018-07-31 05:41:45','Sulochana',2,'Master Data',''),(22827,'2018-07-31 05:42:09','Sulochana',2,'Items',''),(22828,'2018-07-31 05:42:16','Sulochana',2,'Add Item',''),(22829,'2018-07-31 05:43:24','Sulochana',2,'Item Images',''),(22830,'2018-07-31 05:43:32','Sulochana',2,'Master Data',''),(22831,'2018-07-31 05:44:03','Sulochana',2,'Master Data',''),(22832,'2018-07-31 05:45:07','Sulochana',2,'Add Item Next',''),(22833,'2018-07-31 05:45:10','Sulochana',1,'Add Item','ID : 45'),(22834,'2018-07-31 05:45:11','Sulochana',2,'Items',''),(22835,'2018-07-31 05:45:35','Sulochana',2,'Add Item',''),(22836,'2018-07-31 05:45:43','Sulochana',1,'Edit Item','ID : 45'),(22837,'2018-07-31 05:45:44','Sulochana',2,'Items',''),(22838,'2018-07-31 05:45:58','Sulochana',2,'Item Images',''),(22839,'2018-07-31 05:46:19','Sulochana',1,'Image Upload','File Name: 253561430814030.jpg'),(22840,'2018-07-31 05:46:21','Sulochana',1,'Image Upload','File Name: 219559713757825.jpg'),(22841,'2018-07-31 05:46:29','Sulochana',3,'Item Images','Item ID : 45'),(22842,'2018-07-31 05:46:29','Sulochana',2,'Item Images',''),(22843,'2018-07-31 05:46:35','Sulochana',3,'Item Images','Item ID : 45'),(22844,'2018-07-31 05:46:35','Sulochana',2,'Item Images',''),(22845,'2018-07-31 05:47:38','Sulochana',3,'Item Images','Item ID : 45'),(22846,'2018-07-31 05:47:38','Sulochana',2,'Item Images',''),(22847,'2018-07-31 05:48:09','Sulochana',2,'Items',''),(22848,'2018-07-31 05:48:17','Sulochana',2,'Add Item',''),(22849,'2018-07-31 05:49:08','Sulochana',2,'Add Item Next',''),(22850,'2018-07-31 05:49:11','Sulochana',1,'Add Item','ID : 46'),(22851,'2018-07-31 05:49:12','Sulochana',2,'Items',''),(22852,'2018-07-31 05:49:35','Sulochana',2,'Add Item',''),(22853,'2018-07-31 05:49:57','Sulochana',2,'Items',''),(22854,'2018-07-31 05:50:04','Sulochana',2,'Item Images',''),(22855,'2018-07-31 05:50:14','Sulochana',2,'Items',''),(22856,'2018-07-31 05:50:19','Sulochana',2,'Item',''),(22857,'2018-07-31 05:50:23','Sulochana',2,'Items',''),(22858,'2018-07-31 05:50:27','Sulochana',2,'Item Images',''),(22859,'2018-07-31 05:50:29','Sulochana',2,'Items',''),(22860,'2018-07-31 05:50:34','Sulochana',2,'Add Item',''),(22861,'2018-07-31 05:50:40','Sulochana',1,'Edit Item','ID : 46'),(22862,'2018-07-31 05:50:41','Sulochana',2,'Items',''),(22863,'2018-07-31 05:50:47','Sulochana',2,'Item Images',''),(22864,'2018-07-31 05:51:03','Sulochana',1,'Image Upload','File Name: 193988906960818.jpg'),(22865,'2018-07-31 05:51:05','Sulochana',1,'Image Upload','File Name: 119374656472807.jpg'),(22866,'2018-07-31 05:51:08','Sulochana',1,'Image Upload','File Name: 253580583817845.jpg'),(22867,'2018-07-31 05:51:15','Sulochana',3,'Item Images','Item ID : 46'),(22868,'2018-07-31 05:51:16','Sulochana',2,'Item Images',''),(22869,'2018-07-31 05:51:34','Sulochana',2,'Master Data',''),(22870,'2018-07-31 05:52:00','Sulochana',2,'Item Images',''),(22871,'2018-07-31 05:52:13','Sulochana',1,'Image Upload','File Name: 182604009135837.jpg'),(22872,'2018-07-31 05:52:17','Sulochana',3,'Model Image','Model ID : 44'),(22873,'2018-07-31 05:52:18','Sulochana',2,'Item Images',''),(22874,'2018-07-31 05:52:29','Sulochana',11,'Model','Product ID:4'),(22875,'2018-07-31 05:52:36','Sulochana',2,'Model','Model ID:44'),(22876,'2018-07-31 05:52:46','Sulochana',2,'Item','Item ID:46'),(22877,'2018-07-31 05:52:53','Sulochana',11,'Model','Product ID:4'),(22878,'2018-07-31 05:52:58','Sulochana',2,'Model','Model ID:44'),(22879,'2018-07-31 05:53:05','Sulochana',2,'Item','Item ID:45'),(22880,'2018-07-31 05:53:45','Sulochana',3,'Model Image','Model ID : 44'),(22881,'2018-07-31 05:53:46','Sulochana',2,'Item Images',''),(22882,'2018-07-31 05:57:15','Sulochana',2,'Master Data',''),(22883,'2018-07-31 05:57:45','Sulochana',1,'Model','Name: NS902'),(22884,'2018-07-31 05:57:48','Sulochana',2,'Master Data',''),(22885,'2018-07-31 05:58:49','Sulochana',2,'Master Data',''),(22886,'2018-07-31 05:59:53','Sulochana',2,'Master Data',''),(22887,'2018-07-31 06:00:15','Sulochana',1,'Model Field','Model ID : 45,Field ID : 3'),(22888,'2018-07-31 06:00:23','Sulochana',3,'Select Model Field Values',''),(22889,'2018-07-31 06:00:46','Sulochana',3,'Select Model Field Values',''),(22890,'2018-07-31 06:00:55','Sulochana',2,'Master Data',''),(22891,'2018-07-31 06:01:09','Sulochana',2,'Item Images',''),(22892,'2018-07-31 06:01:37','Sulochana',1,'Image Upload','File Name: 136517406501568.jpg'),(22893,'2018-07-31 06:01:46','Sulochana',3,'Model Image','Model ID : 45'),(22894,'2018-07-31 06:01:47','Sulochana',2,'Item Images',''),(22895,'2018-07-31 06:01:58','Sulochana',2,'Master Data',''),(22896,'2018-07-31 06:02:03','Sulochana',2,'Items',''),(22897,'2018-07-31 06:02:46','Sulochana',2,'Add Item',''),(22898,'2018-07-31 06:03:45','Sulochana',2,'Add Item Next',''),(22899,'2018-07-31 06:03:48','Sulochana',1,'Add Item','ID : 47'),(22900,'2018-07-31 06:03:49','Sulochana',2,'Items',''),(22901,'2018-07-31 06:04:08','Sulochana',2,'Item Images',''),(22902,'2018-07-31 06:04:27','Sulochana',1,'Image Upload','File Name: 253197190054224.jpg'),(22903,'2018-07-31 06:04:29','Sulochana',1,'Image Upload','File Name: 777028469136901.jpg'),(22904,'2018-07-31 06:04:32','Sulochana',1,'Image Upload','File Name: 365080409684670.jpg'),(22905,'2018-07-31 06:05:04','Sulochana',3,'Item Images','Item ID : 47'),(22906,'2018-07-31 06:05:05','Sulochana',2,'Item Images',''),(22907,'2018-07-31 06:06:17','Sulochana',3,'Item Images','Item ID : 47'),(22908,'2018-07-31 06:06:17','Sulochana',2,'Item Images',''),(22909,'2018-07-31 06:08:04','Sulochana',3,'Item Images','Item ID : 47'),(22910,'2018-07-31 06:08:05','Sulochana',2,'Item Images',''),(22911,'2018-07-31 06:08:09','Sulochana',2,'Item','Item ID:45'),(22912,'2018-07-31 06:08:13','Sulochana',11,'Model','Product ID:4'),(22913,'2018-07-31 06:08:28','Sulochana',2,'Model','Model ID:38'),(22914,'2018-07-31 06:08:35','Sulochana',2,'Item','Item ID:37'),(22915,'2018-07-31 06:08:50','Sulochana',2,'Master Data',''),(22916,'2018-07-31 06:09:26','Sulochana',2,'Item Images',''),(22917,'2018-07-31 06:10:29','Sulochana',1,'Image Upload','File Name: 639503303575991.jpg'),(22918,'2018-07-31 06:10:51','Sulochana',1,'Image Upload','File Name: 177229237458470.jpg'),(22919,'2018-07-31 06:10:59','Sulochana',3,'Model Image','Model ID : 38'),(22920,'2018-07-31 06:11:00','Sulochana',2,'Item Images',''),(22921,'2018-07-31 06:11:08','Sulochana',3,'Model Image','Model ID : 38'),(22922,'2018-07-31 06:11:09','Sulochana',2,'Item Images',''),(22923,'2018-07-31 06:11:17','Sulochana',2,'Item Images',''),(22924,'2018-07-31 06:11:21','Sulochana',2,'Item Images',''),(22925,'2018-07-31 06:11:31','Sulochana',2,'Master Data',''),(22926,'2018-07-31 06:18:51','Sulochana',2,'Master Data',''),(22927,'2018-07-31 06:19:10','Sulochana',1,'Model','Name: N8008'),(22928,'2018-07-31 06:19:12','Sulochana',2,'Master Data',''),(22929,'2018-07-31 06:19:22','Sulochana',2,'Item Images',''),(22930,'2018-07-31 06:20:13','Sulochana',1,'Image Upload','File Name: 274538466265401.jpg'),(22931,'2018-07-31 06:20:18','Sulochana',3,'Model Image','Model ID : 46'),(22932,'2018-07-31 06:20:19','Sulochana',2,'Item Images',''),(22933,'2018-07-31 06:20:32','Sulochana',2,'Master Data',''),(22934,'2018-07-31 06:21:14','Sulochana',2,'Master Data',''),(22935,'2018-07-31 06:21:46','Sulochana',1,'Model Field','Model ID : 46,Field ID : 3'),(22936,'2018-07-31 06:21:52','Sulochana',3,'Select Model Field Values',''),(22937,'2018-07-31 06:21:57','Sulochana',2,'Master Data',''),(22938,'2018-07-31 06:22:23','Sulochana',2,'Items',''),(22939,'2018-07-31 06:23:32','Sulochana',2,'Add Item',''),(22940,'2018-07-31 06:24:19','Sulochana',2,'Add Item Next',''),(22941,'2018-07-31 06:24:21','Sulochana',1,'Add Item','ID : 48'),(22942,'2018-07-31 06:24:22','Sulochana',2,'Items',''),(22943,'2018-07-31 06:24:37','Sulochana',2,'Item Images',''),(22944,'2018-07-31 06:25:17','Sulochana',1,'Image Upload','File Name: 929081891198651.jpg'),(22945,'2018-07-31 06:25:39','Sulochana',1,'Image Upload','File Name: 226882016866422.jpg'),(22946,'2018-07-31 06:25:42','Sulochana',1,'Image Upload','File Name: 110366484267870.jpg'),(22947,'2018-07-31 06:25:46','Sulochana',3,'Item Images','Item ID : 48'),(22948,'2018-07-31 06:25:47','Sulochana',2,'Item Images',''),(22949,'2018-07-31 07:44:38','Sulochana',3,'Item Images','Item ID : 48'),(22950,'2018-07-31 07:44:39','Sulochana',2,'Item Images',''),(22951,'2018-07-31 07:44:42','Sulochana',11,'Model','Product ID:4'),(22952,'2018-07-31 07:46:13','Sulochana',2,'Master Data',''),(22953,'2018-07-31 07:46:59','Sulochana',1,'Model','Name: ET17526'),(22954,'2018-07-31 07:47:02','Sulochana',2,'Master Data',''),(22955,'2018-07-31 07:47:57','Sulochana',2,'Master Data',''),(22956,'2018-07-31 07:48:34','Sulochana',1,'Model Field','Model ID : 47,Field ID : 3'),(22957,'2018-07-31 07:48:42','Sulochana',3,'Select Model Field Values',''),(22958,'2018-07-31 07:48:51','Sulochana',2,'Master Data',''),(22959,'2018-07-31 07:49:02','Sulochana',2,'Item Images',''),(22960,'2018-07-31 07:49:23','Sulochana',1,'Image Upload','File Name: 106910130236096.jpg'),(22961,'2018-07-31 07:49:30','Sulochana',3,'Model Image','Model ID : 47'),(22962,'2018-07-31 07:49:31','Sulochana',2,'Item Images',''),(22963,'2018-07-31 07:49:44','Sulochana',3,'Model Image','Model ID : 47'),(22964,'2018-07-31 07:49:44','Sulochana',2,'Item Images',''),(22965,'2018-07-31 07:49:56','Sulochana',3,'Model Image','Model ID : 47'),(22966,'2018-07-31 07:49:57','Sulochana',2,'Item Images',''),(22967,'2018-07-31 07:50:48','Sulochana',3,'Model Image','Model ID : 47'),(22968,'2018-07-31 07:50:48','Sulochana',2,'Item Images',''),(22969,'2018-07-31 07:50:56','Sulochana',2,'Items',''),(22970,'2018-07-31 07:51:05','Sulochana',2,'Add Item',''),(22971,'2018-07-31 07:51:59','Sulochana',2,'Add Item Next',''),(22972,'2018-07-31 07:52:04','Sulochana',1,'Add Item','ID : 49'),(22973,'2018-07-31 07:52:05','Sulochana',2,'Items',''),(22974,'2018-07-31 07:53:52','Sulochana',2,'Item Images',''),(22975,'2018-07-31 07:54:26','Sulochana',2,'Item Images',''),(22976,'2018-07-31 07:55:23','Sulochana',1,'Image Upload','File Name: 254444631707051.jpg'),(22977,'2018-07-31 07:55:24','Sulochana',1,'Image Upload','File Name: 151162002443633.jpg'),(22978,'2018-07-31 07:55:26','Sulochana',1,'Image Upload','File Name: 677254204735095.jpg'),(22979,'2018-07-31 07:55:34','Sulochana',3,'Item Images','Item ID : 49'),(22980,'2018-07-31 07:55:35','Sulochana',2,'Item Images',''),(22981,'2018-07-31 07:55:51','Sulochana',3,'Item Images','Item ID : 49'),(22982,'2018-07-31 07:55:51','Sulochana',2,'Item Images',''),(22983,'2018-07-31 09:10:41','Sulochana',1,'Image Upload','File Name: 327815911296597.jpg'),(22984,'2018-07-31 09:11:43','Sulochana',2,'Item Images',''),(22985,'2018-07-31 09:11:52','Sulochana',2,'Master Data',''),(22986,'2018-07-31 09:12:26','Sulochana',1,'Model','Name: EL14339'),(22987,'2018-07-31 09:12:28','Sulochana',2,'Master Data',''),(22988,'2018-07-31 09:13:01','Sulochana',2,'Master Data',''),(22989,'2018-07-31 09:13:24','Sulochana',1,'Model Field','Model ID : 48,Field ID : 3'),(22990,'2018-07-31 09:13:30','Sulochana',3,'Select Model Field Values',''),(22991,'2018-07-31 09:13:35','Sulochana',2,'Master Data',''),(22992,'2018-07-31 09:13:47','Sulochana',2,'Item Images',''),(22993,'2018-07-31 09:13:56','Sulochana',1,'Image Upload','File Name: 170649495510785.jpg'),(22994,'2018-07-31 09:13:59','Sulochana',3,'Model Image','Model ID : 48'),(22995,'2018-07-31 09:13:59','Sulochana',2,'Item Images',''),(22996,'2018-07-31 09:14:06','Sulochana',2,'Items',''),(22997,'2018-07-31 09:14:14','Sulochana',2,'Add Item',''),(22998,'2018-07-31 09:14:59','Sulochana',2,'Add Item Next',''),(22999,'2018-07-31 09:15:04','Sulochana',1,'Add Item','ID : 50'),(23000,'2018-07-31 09:15:05','Sulochana',2,'Items',''),(23001,'2018-07-31 09:52:08','Sulochana',2,'Model','Model ID:33'),(23002,'2018-07-31 10:00:56','Sulochana',2,'Items',''),(23003,'2018-07-31 10:01:06','Sulochana',2,'Add Item',''),(23004,'2018-07-31 10:01:07','Sulochana',2,'Add Item',''),(23005,'2018-07-31 10:01:20','Sulochana',2,'Items',''),(23006,'2018-07-31 10:01:29','Sulochana',2,'Master Data',''),(23007,'2018-07-31 10:01:34','Sulochana',2,'Master Data',''),(23008,'2018-07-31 10:36:48','Sulochana',2,'Master Data',''),(23009,'2018-07-31 10:55:57','Sulochana',2,'Product Type',''),(23010,'2018-07-31 10:56:03','Sulochana',2,'Suppliers',''),(23011,'2018-07-31 10:56:15','Sulochana',2,'Users',''),(23012,'2018-07-31 10:56:25','Sulochana',2,'Category',''),(23013,'2018-07-31 10:56:49','Sulochana',3,'Category','BRANDED '),(23014,'2018-07-31 10:56:52','Sulochana',2,'Category',''),(23015,'2018-07-31 10:58:01','Sulochana',3,'Category','UNBRANDED'),(23016,'2018-07-31 10:58:04','Sulochana',2,'Category',''),(23017,'2018-07-31 10:58:34','Sulochana',2,'Master Data',''),(23018,'2018-07-31 10:59:05','Sulochana',3,'Model','Name: N8008'),(23019,'2018-07-31 10:59:07','Sulochana',2,'Master Data',''),(23020,'2018-07-31 10:59:51','Sulochana',3,'Model','Name: N8009'),(23021,'2018-07-31 10:59:54','Sulochana',2,'Master Data',''),(23022,'2018-07-31 11:00:13','Sulochana',3,'Model','Name: N8609'),(23023,'2018-07-31 11:00:16','Sulochana',2,'Master Data',''),(23024,'2018-07-31 11:00:41','Sulochana',3,'Model','Name: N8659'),(23025,'2018-07-31 11:00:44','Sulochana',2,'Master Data',''),(23026,'2018-07-31 11:01:04','Sulochana',3,'Model','Name: N8698'),(23027,'2018-07-31 11:01:09','Sulochana',2,'Master Data',''),(23028,'2018-07-31 11:01:33','Sulochana',3,'Model','Name: N8728'),(23029,'2018-07-31 11:01:35','Sulochana',2,'Master Data',''),(23030,'2018-07-31 11:01:53','Sulochana',3,'Model','Name: NS902'),(23031,'2018-07-31 11:01:56','Sulochana',2,'Master Data',''),(23032,'2018-07-31 11:02:35','Sulochana',2,'Model','Model ID:33'),(23033,'2018-07-31 11:02:39','Sulochana',2,'Model','Model ID:33'),(23034,'2018-07-31 11:08:14','Sulochana',2,'Master Data',''),(23035,'2018-07-31 11:08:23','Sulochana',2,'Master Data',''),(23036,'2018-07-31 11:08:29','Sulochana',11,'Model','Product ID:4'),(23037,'2018-07-31 11:08:36','Sulochana',2,'Model','Model ID:48'),(23038,'2018-07-31 11:08:46','Sulochana',2,'Item','Item ID:50'),(23039,'2018-07-31 11:09:26','Sulochana',2,'Item Images',''),(23040,'2018-07-31 11:09:59','Sulochana',2,'Model','Model ID:48'),(23041,'2018-07-31 11:10:00','Sulochana',11,'Model','Product ID:4'),(23042,'2018-07-31 11:10:07','Sulochana',2,'Model','Model ID:48'),(23043,'2018-07-31 11:10:12','Sulochana',2,'Item','Item ID:50'),(23044,'2018-07-31 11:10:34','Sulochana',1,'Image Upload','File Name: 179596404056068.jpg'),(23045,'2018-07-31 11:10:36','Sulochana',1,'Image Upload','File Name: 107539736939521.jpg'),(23046,'2018-07-31 11:10:38','Sulochana',1,'Image Upload','File Name: 480807140952276.jpg'),(23047,'2018-07-31 11:10:55','Sulochana',3,'Model Image','Model ID : 48'),(23048,'2018-07-31 11:10:56','Sulochana',2,'Item Images',''),(23049,'2018-07-31 11:11:59','Sulochana',3,'Model Image','Model ID : 48'),(23050,'2018-07-31 11:12:00','Sulochana',2,'Item Images',''),(23051,'2018-07-31 11:12:33','Sulochana',11,'Model','Product ID:4'),(23052,'2018-07-31 11:12:39','Sulochana',2,'Model','Model ID:48'),(23053,'2018-07-31 11:12:44','Sulochana',2,'Item','Item ID:50'),(23054,'2018-07-31 11:13:05','Sulochana',2,'Items',''),(23055,'2018-07-31 11:13:10','Sulochana',2,'Items',''),(23056,'2018-07-31 11:13:29','Sulochana',2,'Item Images',''),(23057,'2018-07-31 11:13:45','Sulochana',1,'Image Upload','File Name: 829909631689573.jpg'),(23058,'2018-07-31 11:13:47','Sulochana',1,'Image Upload','File Name: 386130277376518.jpg'),(23059,'2018-07-31 11:13:49','Sulochana',1,'Image Upload','File Name: 290005812535488.jpg'),(23060,'2018-07-31 11:13:55','Sulochana',3,'Item Images','Item ID : 50'),(23061,'2018-07-31 11:13:56','Sulochana',2,'Item Images',''),(23062,'2018-07-31 11:14:06','Sulochana',11,'Model','Product ID:4'),(23063,'2018-07-31 11:14:13','Sulochana',2,'Model','Model ID:48'),(23064,'2018-07-31 11:21:52','Sulochana',2,'Item','Item ID:50'),(23065,'2018-07-31 11:22:13','Sulochana',11,'Model','Product ID:4'),(23066,'2018-07-31 11:22:18','Sulochana',2,'Model','Model ID:48'),(23067,'2018-07-31 11:22:50','Sulochana',2,'Item Images',''),(23068,'2018-07-31 11:23:04','Sulochana',3,'Model Image','Model ID : 48'),(23069,'2018-07-31 11:23:05','Sulochana',2,'Item Images',''),(23070,'2018-07-31 11:23:11','Sulochana',3,'Model Image','Model ID : 48'),(23071,'2018-07-31 11:23:12','Sulochana',2,'Item Images',''),(23072,'2018-07-31 12:21:04','Guest',11,'Model','Product ID:4'),(23073,'2018-07-31 12:21:17','Guest',2,'Model','Model ID:4'),(23074,'2018-07-31 12:21:29','Guest',2,'Item','Item ID:4'),(23075,'2018-07-31 12:21:46','Guest',1,'Cart Item','Item ID:4'),(23076,'2018-07-31 12:21:49','Guest',2,'Item','Item ID:4'),(23077,'2018-07-31 12:21:54','Guest',2,'Shopping Cart',''),(23078,'2018-07-31 12:22:03','Guest',2,'Order Process',''),(23079,'2018-07-31 12:22:14','Guest',2,'Order Process',''),(23080,'2018-07-31 12:22:14','Guest',2,'Order Process',''),(23081,'2018-07-31 12:22:14','Guest',2,'Order Process',''),(23082,'2018-07-31 12:23:59','Guest',2,'Order Process',''),(23083,'2018-07-31 12:24:32','Guest',8,'Customer','Customer ID:3'),(23084,'2018-07-31 12:24:35','Guest',2,'Order Process',''),(23085,'2018-07-31 12:24:43','Guest',2,'Prescription Process',''),(23086,'2018-07-31 12:25:04','Guest',2,'Prescription Process',''),(23087,'2018-08-01 11:47:55','Guest',2,'Shopping Cart',''),(23088,'2018-08-01 11:47:59','Guest',2,'Order Process',''),(23089,'2018-08-01 11:48:25','Guest',8,'Customer','Customer ID:3'),(23090,'2018-08-01 11:48:28','Guest',2,'Order Process',''),(23091,'2018-08-01 11:48:32','Guest',2,'Prescription Process',''),(23092,'2018-08-01 12:05:08','Guest',11,'Model','Product ID:4'),(23093,'2018-08-01 12:05:20','Guest',2,'Model','Model ID:4'),(23094,'2018-08-01 12:05:25','Guest',2,'Item','Item ID:4'),(23095,'2018-08-01 12:05:30','Guest',1,'Cart Item','Item ID:4'),(23096,'2018-08-01 12:05:32','Guest',2,'Item','Item ID:4'),(23097,'2018-08-01 12:05:44','Guest',2,'Shopping Cart',''),(23098,'2018-08-01 12:05:48','Guest',2,'Order Process',''),(23099,'2018-08-01 12:05:51','Guest',2,'Prescription Process',''),(23100,'2018-08-01 12:07:41','Guest',11,'Model','Product ID:4'),(23101,'2018-08-01 12:07:44','Guest',2,'Model','Model ID:4'),(23102,'2018-08-01 12:08:09','Guest',2,'Item','Item ID:4'),(23103,'2018-08-01 12:08:13','Guest',1,'Cart Item','Item ID:4'),(23104,'2018-08-01 12:08:16','Guest',2,'Item','Item ID:4'),(23105,'2018-08-01 12:08:19','Guest',2,'Shopping Cart',''),(23106,'2018-08-01 12:08:21','Guest',2,'Order Process',''),(23107,'2018-08-01 12:08:24','Guest',2,'Prescription Process',''),(23108,'2018-08-01 12:08:58','Guest',1,'Image Upload','File Name: ba6e3dbd49970d24274aad7dfefc7860.jpg'),(23109,'2018-08-01 12:10:06','Guest',11,'Model','Product ID:4'),(23110,'2018-08-01 12:10:10','Guest',2,'Model','Model ID:4'),(23111,'2018-08-01 12:10:17','Guest',2,'Item','Item ID:4'),(23112,'2018-08-01 12:10:20','Guest',1,'Cart Item','Item ID:4'),(23113,'2018-08-01 12:10:23','Guest',2,'Item','Item ID:4'),(23114,'2018-08-01 12:10:28','Guest',2,'Shopping Cart',''),(23115,'2018-08-01 12:10:31','Guest',2,'Order Process',''),(23116,'2018-08-01 12:10:34','Guest',2,'Prescription Process',''),(23117,'2018-08-01 12:10:40','Guest',0,'','Your Order Detail: ORD/1006'),(23118,'2018-08-01 12:10:40','Guest',1,'Order','Order ID:7'),(23119,'2018-08-01 12:10:41','Guest',2,'Shipping Details',''),(23120,'2018-08-02 03:31:22','Guest',11,'Model','Product ID:4'),(23121,'2018-08-02 03:35:43','Guest',2,'Model','Model ID:10'),(23122,'2018-08-02 03:35:58','Guest',2,'Item','Item ID:9'),(23123,'2018-08-02 03:36:07','Guest',1,'Cart Item','Item ID:9'),(23124,'2018-08-02 03:36:10','Guest',2,'Item','Item ID:9'),(23125,'2018-08-02 03:36:17','Guest',2,'Item','Item ID:9'),(23126,'2018-08-02 03:36:41','Guest',2,'Shopping Cart',''),(23127,'2018-08-02 03:37:15','Guest',2,'Order Process',''),(23128,'2018-08-02 03:39:33','Guest',8,'Customer','Customer ID:3'),(23129,'2018-08-02 03:39:41','Guest',2,'Order Process',''),(23130,'2018-08-02 03:40:21','Guest',2,'Prescription Process',''),(23131,'2018-08-02 03:41:36','Guest',0,'','Your Order Detail: ORD/1007'),(23132,'2018-08-02 03:41:36','Guest',1,'Order','Order ID:8'),(23133,'2018-08-02 03:41:37','Guest',2,'Shipping Details',''),(23134,'2018-08-02 03:53:03','Guest',11,'Model','Product ID:4'),(23135,'2018-08-02 03:53:12','Guest',2,'Model','Model ID:22'),(23136,'2018-08-02 03:53:18','Guest',2,'Item','Item ID:21'),(23137,'2018-08-02 03:53:27','Guest',2,'Model','Model ID:22'),(23138,'2018-08-02 03:54:55','Guest',11,'Model','Product ID:4'),(23139,'2018-08-02 03:55:15','Guest',2,'Model','Model ID:4'),(23140,'2018-08-02 03:55:21','Guest',2,'Item','Item ID:4'),(23141,'2018-08-02 03:55:31','Guest',1,'Cart Item','Item ID:4'),(23142,'2018-08-02 03:55:37','Guest',2,'Item','Item ID:4'),(23143,'2018-08-02 03:56:21','Guest',2,'Shopping Cart',''),(23144,'2018-08-02 03:58:04','Guest',2,'Model','Model ID:4'),(23145,'2018-08-02 03:58:16','Guest',11,'Model','Product ID:4'),(23146,'2018-08-02 03:58:26','Guest',2,'Model','Model ID:4'),(23147,'2018-08-02 03:58:53','Guest',2,'Shopping Cart',''),(23148,'2018-08-02 03:59:19','Guest',2,'Order Process',''),(23149,'2018-08-02 04:00:04','Guest',9,'Customer',''),(23150,'2018-08-02 04:00:06','Guest',2,'Order Process',''),(23151,'2018-08-02 04:03:20','Guest',8,'Customer','Customer ID:3'),(23152,'2018-08-02 04:03:25','Guest',2,'Order Process',''),(23153,'2018-08-02 04:04:24','Guest',2,'Prescription Process',''),(23154,'2018-08-02 04:08:24','Guest',0,'','Your Order Detail: ORD/1008'),(23155,'2018-08-02 04:08:24','Guest',1,'Order','Order ID:9'),(23156,'2018-08-02 04:08:25','Guest',2,'Shipping Details',''),(23157,'2018-08-02 04:13:14','Guest',2,'Shopping Cart',''),(23158,'2018-08-02 04:13:20','Guest',2,'Model','Model ID:4'),(23159,'2018-08-02 04:13:55','Guest',2,'Item','Item ID:4'),(23160,'2018-08-02 04:14:04','Guest',1,'Cart Item','Item ID:4'),(23161,'2018-08-02 04:14:07','Guest',2,'Item','Item ID:4'),(23162,'2018-08-02 04:14:16','Guest',2,'Shopping Cart',''),(23163,'2018-08-02 04:14:24','Guest',2,'Order Process',''),(23164,'2018-08-02 04:14:32','Guest',2,'Prescription Process',''),(23165,'2018-08-02 04:15:09','Guest',0,'','Your Order Detail: ORD/1009'),(23166,'2018-08-02 04:15:09','Guest',1,'Order','Order ID:10'),(23167,'2018-08-02 04:15:11','Guest',2,'Shipping Details',''),(23168,'2018-08-02 04:15:44','Guest',2,'Shopping Cart',''),(23169,'2018-08-02 04:15:53','Guest',2,'Model','Model ID:4'),(23170,'2018-08-02 04:16:00','Guest',2,'Item','Item ID:4'),(23171,'2018-08-02 04:16:08','Guest',1,'Cart Item','Item ID:4'),(23172,'2018-08-02 04:16:10','Guest',2,'Item','Item ID:4'),(23173,'2018-08-02 04:16:21','Guest',2,'Shopping Cart',''),(23174,'2018-08-02 04:16:27','Guest',2,'Order Process',''),(23175,'2018-08-02 04:16:31','Guest',2,'Prescription Process',''),(23176,'2018-08-02 11:37:09','Guest',11,'Model','Product ID:4'),(23177,'2018-08-02 11:40:11','Guest',11,'Model','Product ID:4'),(23178,'2018-08-02 11:44:59','Guest',11,'Model','Product ID:4'),(23179,'2018-08-02 11:45:20','Guest',2,'Shopping Cart',''),(23180,'2018-08-02 11:45:44','Guest',2,'Shopping Cart',''),(23181,'2018-08-02 11:47:49','Guest',2,'Shopping Cart',''),(23182,'2018-08-02 11:48:18','Guest',2,'Shopping Cart',''),(23183,'2018-08-02 11:48:45','Guest',2,'Shopping Cart',''),(23184,'2018-08-02 11:57:34','Guest',11,'Model','Product ID:4'),(23185,'2018-08-02 11:57:38','Guest',2,'Model','Model ID:4'),(23186,'2018-08-02 11:57:44','Guest',2,'Item','Item ID:4'),(23187,'2018-08-02 11:57:49','Guest',1,'Cart Item','Item ID:4'),(23188,'2018-08-02 11:57:51','Guest',2,'Item','Item ID:4'),(23189,'2018-08-02 11:57:57','Guest',2,'Shopping Cart',''),(23190,'2018-08-02 11:58:05','Guest',2,'Order Process',''),(23191,'2018-08-02 11:58:38','Guest',8,'Customer','Customer ID:3'),(23192,'2018-08-02 11:58:41','Guest',2,'Order Process',''),(23193,'2018-08-02 11:58:47','Guest',2,'Shopping Cart',''),(23194,'2018-08-02 11:58:50','Guest',2,'Order Process',''),(23195,'2018-08-02 11:58:53','Guest',2,'Prescription Process',''),(23196,'2018-08-02 12:00:37','Guest',1,'Image Upload','File Name: f9f5795f00e84b5bdf0b81435842bd3b.jpg'),(23197,'2018-08-02 12:00:40','Guest',2,'Shipping Details',''),(23198,'2018-08-02 12:01:28','Guest',1,'Shipping Profile','3'),(23199,'2018-08-02 12:01:31','Guest',2,'Shipping Details',''),(23200,'2018-08-02 12:01:34','Guest',2,'Shipping Details',''),(23201,'2018-08-02 12:01:36','Guest',2,'Shipping Details',''),(23202,'2018-08-02 12:01:36','Guest',2,'Shipping Details',''),(23203,'2018-08-02 12:01:36','Guest',2,'Shipping Details',''),(23204,'2018-08-02 12:01:36','Guest',2,'Shipping Details',''),(23205,'2018-08-02 12:01:40','Guest',2,'Shipping Details',''),(23206,'2018-08-02 12:01:43','Guest',2,'Prescription Process',''),(23207,'2018-08-02 12:02:14','Guest',1,'Image Upload','File Name: 832512266066682e52be8cfee4532fa8.jpg'),(23208,'2018-08-02 12:02:16','Guest',2,'Shipping Details',''),(23209,'2018-08-02 12:02:20','Guest',2,'Shipping Details',''),(23210,'2018-08-02 12:02:20','Guest',2,'Shipping Details',''),(23211,'2018-08-02 12:02:21','Guest',2,'Shipping Details',''),(23212,'2018-08-02 12:02:21','Guest',2,'Shipping Details',''),(23213,'2018-08-02 12:02:21','Guest',2,'Shipping Details',''),(23214,'2018-08-02 12:02:23','Guest',2,'Order Confirmation',''),(23215,'2018-08-02 12:02:24','Guest',2,'Order Confirmation',''),(23216,'2018-08-02 12:02:24','Guest',2,'Order Confirmation',''),(23217,'2018-08-02 12:02:24','Guest',2,'Order Confirmation',''),(23218,'2018-08-02 12:02:24','Guest',2,'Order Confirmation',''),(23219,'2018-08-02 12:05:08','Guest',2,'Order Confirmation',''),(23220,'2018-08-02 12:05:09','Guest',2,'Order Confirmation',''),(23221,'2018-08-02 12:05:10','Guest',2,'Order Confirmation',''),(23222,'2018-08-02 12:05:13','Guest',2,'Order Confirmation',''),(23223,'2018-08-02 12:05:13','Guest',2,'Order Confirmation',''),(23224,'2018-08-02 12:05:13','Guest',2,'Order Confirmation',''),(23225,'2018-08-02 12:05:13','Guest',2,'Order Confirmation',''),(23226,'2018-08-02 12:05:46','Guest',2,'Order Confirmation',''),(23227,'2018-08-02 12:05:50','Guest',2,'Order Confirmation',''),(23228,'2018-08-02 12:05:50','Guest',2,'Order Confirmation',''),(23229,'2018-08-02 12:05:51','Guest',2,'Order Confirmation',''),(23230,'2018-08-02 12:05:51','Guest',2,'Order Confirmation',''),(23231,'2018-08-02 12:05:54','Guest',0,'','Your Order Detail: ORD/1010'),(23232,'2018-08-02 12:05:54','Guest',1,'Order','Order ID:11'),(23233,'2018-08-02 12:12:48','Guest',11,'Model','Product ID:4'),(23234,'2018-08-02 12:13:00','Guest',2,'Model','Model ID:10'),(23235,'2018-08-02 12:13:05','Guest',2,'Model','Model ID:10'),(23236,'2018-08-02 12:13:23','Guest',2,'Shopping Cart',''),(23237,'2018-08-02 12:13:30','Guest',2,'Shopping Cart',''),(23238,'2018-08-02 12:15:45','Guest',2,'Model','Model ID:10'),(23239,'2018-08-02 12:15:51','Guest',11,'Model','Product ID:4'),(23240,'2018-08-02 12:17:52','Guest',2,'Model','Model ID:10'),(23241,'2018-08-02 12:18:00','Guest',2,'Shopping Cart',''),(23242,'2018-08-02 12:18:13','Guest',2,'Shopping Cart',''),(23243,'2018-08-02 12:20:34','Guest',2,'Shopping Cart',''),(23244,'2018-08-02 12:20:39','Guest',2,'Order Process',''),(23245,'2018-08-02 12:22:55','Guest',8,'Customer','Customer ID:3'),(23246,'2018-08-02 12:23:06','Guest',2,'Order Process',''),(23247,'2018-08-02 12:23:25','Guest',2,'Prescription Process',''),(23248,'2018-08-03 04:53:46','Guest',11,'Model','Product ID:1'),(23249,'2018-08-03 04:54:01','Guest',2,'Model','Model ID:1'),(23250,'2018-08-03 04:54:08','Guest',2,'Item','Item ID:1'),(23251,'2018-08-03 04:54:21','Guest',1,'Cart Item','Item ID:1'),(23252,'2018-08-03 04:54:26','Guest',2,'Item','Item ID:1'),(23253,'2018-08-03 04:54:30','Guest',11,'Model','Product ID:1'),(23254,'2018-08-03 04:54:34','Guest',2,'Model','Model ID:27'),(23255,'2018-08-03 04:54:42','Guest',2,'Item','Item ID:25'),(23256,'2018-08-03 04:55:14','Guest',11,'Model','Product ID:3'),(23257,'2018-08-03 04:55:20','Guest',11,'Model','Product ID:3'),(23258,'2018-08-03 04:55:30','Guest',11,'Model','Product ID:2'),(23259,'2018-08-03 04:55:37','Guest',11,'Model','Product ID:1'),(23260,'2018-08-03 04:55:44','Guest',11,'Model','Product ID:1'),(23261,'2018-08-03 04:55:56','Guest',11,'Model','Product ID:4'),(23262,'2018-08-03 04:56:01','Guest',2,'Model','Model ID:33'),(23263,'2018-08-03 04:56:12','Guest',2,'Item','Item ID:32'),(23264,'2018-08-03 04:56:14','Guest',2,'Model','Model ID:2'),(23265,'2018-08-03 04:56:26','Guest',2,'Item','Item ID:2'),(23266,'2018-08-03 04:56:30','Guest',1,'Cart Item','Item ID:2'),(23267,'2018-08-03 04:56:37','Guest',2,'Item','Item ID:2'),(23268,'2018-08-03 04:56:49','Guest',2,'Shopping Cart',''),(23269,'2018-08-03 04:56:55','Guest',2,'Item','Item ID:32'),(23270,'2018-08-03 04:57:00','Guest',3,'Cart Item',''),(23271,'2018-08-03 04:57:03','Guest',2,'Shopping Cart',''),(23272,'2018-08-03 04:57:14','Guest',2,'Model','Model ID:2'),(23273,'2018-08-03 04:58:02','Guest',2,'Shopping Cart',''),(23274,'2018-08-03 04:58:07','Guest',2,'Model','Model ID:2'),(23275,'2018-08-03 04:58:13','Guest',2,'Shopping Cart',''),(23276,'2018-08-03 04:58:28','Guest',2,'Order Process',''),(23277,'2018-08-03 04:58:44','Guest',2,'Shopping Cart',''),(23278,'2018-08-03 04:58:55','Guest',2,'Shopping Cart',''),(23279,'2018-08-03 04:59:05','Guest',2,'Order Process',''),(23280,'2018-08-03 05:00:32','Guest',11,'Model','Product ID:1'),(23281,'2018-08-03 05:02:39','Guest',11,'Model','Product ID:4'),(23282,'2018-08-03 05:03:20','Guest',2,'Model','Model ID:40'),(23283,'2018-08-03 05:03:26','Guest',2,'Item','Item ID:39'),(23284,'2018-08-03 05:04:01','Test Administrator - No 1',8,'Login Success','Username: Test Administrator - No 1|IP: 112.134.7.110'),(23285,'2018-08-03 05:04:20','Test Administrator - No 1',2,'GRN',''),(23286,'2018-08-03 05:04:40','Test Administrator - No 1',2,'Items',''),(23287,'2018-08-03 05:04:46','Test Administrator - No 1',2,'GRN',''),(23288,'2018-08-03 05:05:18','Test Administrator - No 1',2,'Items',''),(23289,'2018-08-03 05:05:24','Test Administrator - No 1',2,'Add Item',''),(23290,'2018-08-03 05:05:55','Test Administrator - No 1',2,'Items',''),(23291,'2018-08-03 05:06:25','Guest',2,'Model','Model ID:2'),(23292,'2018-08-03 05:07:14','Sulochana',8,'Login Success','Username: Sulochana|IP: 182.161.15.198'),(23293,'2018-08-03 05:07:20','Sulochana',2,'Master Data',''),(23294,'2018-08-03 05:07:48','Test Administrator - No 1',8,'Login Success','Username: Test Administrator - No 1|IP: 112.134.7.110'),(23295,'2018-08-03 05:07:57','Sulochana',2,'Items',''),(23296,'2018-08-03 05:08:02','Sulochana',2,'Add Item',''),(23297,'2018-08-03 05:08:12','Test Administrator - No 1',2,'GRN',''),(23298,'2018-08-03 05:08:52','Test Administrator - No 1',2,'Items',''),(23299,'2018-08-03 05:09:02','Test Administrator - No 1',2,'Item',''),(23300,'2018-08-03 05:09:16','Test Administrator - No 1',2,'Items',''),(23301,'2018-08-03 05:09:23','Test Administrator - No 1',2,'Add Item',''),(23302,'2018-08-03 05:09:40','Test Administrator - No 1',2,'Items',''),(23303,'2018-08-03 05:09:53','Test Administrator - No 1',2,'GRN',''),(23304,'2018-08-03 08:47:39','Guest',0,'','Welcome to Eyewear'),(23305,'2018-08-03 08:47:39','Guest',1,'Customer Signup','4'),(23306,'2018-08-03 08:47:42','Guest',2,'Order Process',''),(23307,'2018-08-03 08:48:46','Guest',8,'Customer','Customer ID:4'),(23308,'2018-08-03 08:48:49','Guest',2,'Order Process',''),(23309,'2018-08-03 08:49:01','Guest',2,'Prescription Process',''),(23310,'2018-08-03 08:55:54','Guest',2,'Shipping Details',''),(23311,'2018-08-03 09:12:31','Guest',1,'Shipping Profile','4'),(23312,'2018-08-03 09:13:35','Guest',1,'Shipping Profile','4'),(23313,'2018-08-03 09:13:38','Guest',2,'Shipping Details',''),(23314,'2018-08-03 09:13:50','Guest',2,'Order Confirmation',''),(23315,'2018-08-03 09:13:58','Guest',2,'Shipping Details',''),(23316,'2018-08-03 09:21:24','Guest',12,'Login Fail','Username: tksulochanak@gmail.com|IP: 182.161.15.198'),(23317,'2018-08-03 09:21:33','Sulochana',8,'Login Success','Username: Sulochana|IP: 182.161.15.198'),(23318,'2018-08-06 09:29:27','Test Administrator - No 1',8,'Login Success','Username: Test Administrator - No 1|IP: 112.134.5.118'),(23319,'2018-08-06 12:18:34','Guest',11,'Model','Product ID:1'),(23320,'2018-08-06 12:18:42','Guest',2,'Model','Model ID:1'),(23321,'2018-08-06 12:19:07','Guest',2,'Item','Item ID:1'),(23322,'2018-08-06 12:19:18','Test Administrator - No 1',11,'Model','Product ID:4'),(23323,'2018-08-06 12:19:21','Guest',1,'Cart Item','Item ID:1'),(23324,'2018-08-06 12:19:27','Test Administrator - No 1',2,'Model','Model ID:4'),(23325,'2018-08-06 12:19:28','Guest',2,'Item','Item ID:1'),(23326,'2018-08-06 12:19:32','Test Administrator - No 1',2,'Item','Item ID:4'),(23327,'2018-08-06 12:19:35','Test Administrator - No 1',1,'Cart Item','Item ID:4'),(23328,'2018-08-06 12:19:38','Test Administrator - No 1',2,'Item','Item ID:4'),(23329,'2018-08-06 12:19:39','Guest',2,'Shopping Cart',''),(23330,'2018-08-06 12:19:40','Test Administrator - No 1',2,'Shopping Cart',''),(23331,'2018-08-06 12:19:44','Test Administrator - No 1',2,'Order Process',''),(23332,'2018-08-06 12:19:56','Guest',2,'Order Process',''),(23333,'2018-08-06 12:20:23','Guest',8,'Customer','Customer ID:3'),(23334,'2018-08-06 12:20:26','Guest',2,'Order Process',''),(23335,'2018-08-06 12:20:36','Guest',2,'Prescription Process',''),(23336,'2018-08-06 12:22:00','Test Administrator - No 1',0,'','Welcome to Eyewear'),(23337,'2018-08-06 12:22:00','Test Administrator - No 1',1,'Customer Signup','5'),(23338,'2018-08-06 12:22:03','Test Administrator - No 1',2,'Order Process',''),(23339,'2018-08-06 12:22:17','Test Administrator - No 1',8,'Customer','Customer ID:5'),(23340,'2018-08-06 12:22:20','Test Administrator - No 1',2,'Order Process',''),(23341,'2018-08-06 12:22:24','Test Administrator - No 1',2,'Prescription Process',''),(23342,'2018-08-06 12:27:02','Test Administrator - No 1',2,'Prescription Process',''),(23343,'2018-08-06 12:27:42','Test Administrator - No 1',2,'Prescription Process',''),(23344,'2018-08-06 12:27:45','Test Administrator - No 1',2,'Shipping Details',''),(23345,'2018-08-06 12:28:14','Test Administrator - No 1',1,'Shipping Profile','5'),(23346,'2018-08-06 12:28:16','Test Administrator - No 1',2,'Shipping Details',''),(23347,'2018-08-06 12:28:19','Test Administrator - No 1',2,'Order Confirmation',''),(23348,'2018-08-06 12:28:40','Test Administrator - No 1',2,'Shipping Details',''),(23349,'2018-08-06 12:28:46','Test Administrator - No 1',2,'Shopping Cart',''),(23350,'2018-08-06 12:28:51','Test Administrator - No 1',2,'Order Process',''),(23351,'2018-08-06 12:28:54','Test Administrator - No 1',2,'Prescription Process',''),(23352,'2018-08-06 12:28:58','Test Administrator - No 1',2,'Shipping Details',''),(23353,'2018-08-06 12:29:02','Test Administrator - No 1',2,'Order Confirmation',''),(23354,'2018-08-06 12:35:04','Guest',2,'Prescription Process',''),(23355,'2018-08-06 12:35:18','Guest',1,'Image Upload','File Name: 149690603229544.png'),(23356,'2018-08-06 12:35:44','Guest',2,'Shipping Details',''),(23357,'2018-08-06 12:36:24','Guest',2,'Shipping Details',''),(23358,'2018-08-06 12:36:57','Guest',2,'Order Confirmation',''),(23359,'2018-08-06 12:36:58','Guest',2,'Order Confirmation',''),(23360,'2018-08-06 12:36:59','Guest',2,'Order Confirmation',''),(23361,'2018-08-06 12:36:59','Guest',2,'Order Confirmation',''),(23362,'2018-08-06 12:36:59','Guest',2,'Order Confirmation',''),(23363,'2018-08-06 12:37:00','Guest',2,'Order Confirmation',''),(23364,'2018-08-06 12:37:07','Guest',0,'','Your Order Detail: ORD/1011'),(23365,'2018-08-06 12:37:07','Guest',1,'Order','Order ID:12'),(23366,'2018-08-06 12:38:27','Test Administrator - No 1',2,'Shipping Details',''),(23367,'2018-08-06 12:38:32','Test Administrator - No 1',2,'Shipping Details',''),(23368,'2018-08-06 12:38:38','Test Administrator - No 1',2,'Shopping Cart',''),(23369,'2018-08-06 12:38:42','Test Administrator - No 1',2,'Order Process',''),(23370,'2018-08-06 12:38:45','Test Administrator - No 1',2,'Prescription Process',''),(23371,'2018-08-06 12:38:49','Test Administrator - No 1',2,'Shipping Details',''),(23372,'2018-08-06 12:38:55','Test Administrator - No 1',2,'Prescription Process',''),(23373,'2018-08-06 12:39:24','Test Administrator - No 1',2,'Shipping Details',''),(23374,'2018-08-06 12:40:05','Test Administrator - No 1',2,'Shipping Details',''),(23375,'2018-08-06 12:41:07','Test Administrator - No 1',2,'Prescription Process',''),(23376,'2018-08-06 12:42:33','Test Administrator - No 1',2,'Prescription Process',''),(23377,'2018-08-07 06:27:18','Guest',11,'Model','Product ID:4'),(23378,'2018-08-07 06:27:31','Guest',2,'Model','Model ID:33'),(23379,'2018-08-07 06:27:37','Guest',2,'Item','Item ID:32'),(23380,'2018-08-07 06:28:09','Guest',11,'Model','Product ID:1'),(23381,'2018-08-07 06:28:18','Guest',2,'Model','Model ID:26'),(23382,'2018-08-07 06:28:26','Guest',2,'Item','Item ID:24'),(23383,'2018-08-07 06:30:36','Guest',11,'Model','Product ID:3'),(23384,'2018-08-07 10:35:29','Guest',2,'Shopping Cart',''),(23385,'2018-08-07 10:35:37','Guest',2,'Order Process',''),(23386,'2018-08-07 10:35:56','Guest',8,'Customer','Customer ID:3'),(23387,'2018-08-07 10:35:58','Guest',2,'Order Process',''),(23388,'2018-08-07 10:36:23','Guest',2,'Prescription Process',''),(23389,'2018-08-07 10:36:28','Guest',2,'Shipping Details',''),(23390,'2018-08-07 10:36:32','Guest',2,'Shipping Details',''),(23391,'2018-08-07 10:36:33','Guest',2,'Shipping Details',''),(23392,'2018-08-07 10:36:33','Guest',2,'Shipping Details',''),(23393,'2018-08-07 10:36:33','Guest',2,'Shipping Details',''),(23394,'2018-08-07 10:36:34','Guest',2,'Shipping Details',''),(23395,'2018-08-07 10:36:40','Guest',2,'Shipping Details',''),(23396,'2018-08-07 10:36:41','Guest',2,'Shipping Details',''),(23397,'2018-08-07 10:36:42','Guest',2,'Shipping Details',''),(23398,'2018-08-07 10:36:42','Guest',2,'Shipping Details',''),(23399,'2018-08-07 10:36:42','Guest',2,'Shipping Details',''),(23400,'2018-08-07 10:36:55','Guest',2,'Order Confirmation',''),(23401,'2018-08-07 10:36:56','Guest',2,'Order Confirmation',''),(23402,'2018-08-07 10:36:56','Guest',2,'Order Confirmation',''),(23403,'2018-08-07 10:36:56','Guest',2,'Order Confirmation',''),(23404,'2018-08-07 10:36:56','Guest',2,'Order Confirmation',''),(23405,'2018-08-07 10:37:17','Guest',2,'Order Confirmation',''),(23406,'2018-08-07 10:37:20','Guest',2,'Order Confirmation',''),(23407,'2018-08-07 10:37:21','Guest',2,'Order Confirmation',''),(23408,'2018-08-07 10:37:21','Guest',2,'Order Confirmation',''),(23409,'2018-08-07 10:37:21','Guest',2,'Order Confirmation',''),(23410,'2018-08-07 10:37:28','Guest',0,'','Customer Invoice'),(23411,'2018-08-07 10:37:28','Guest',0,'','Your Order Detail: ORD/1012'),(23412,'2018-08-07 10:37:28','Guest',1,'Order','Order ID:13'),(23413,'2018-08-07 11:12:25','Guest',11,'Model','Product ID:4'),(23414,'2018-08-07 11:12:36','Guest',2,'Model','Model ID:4'),(23415,'2018-08-07 11:12:40','Guest',2,'Item','Item ID:4'),(23416,'2018-08-07 11:12:43','Guest',1,'Cart Item','Item ID:4'),(23417,'2018-08-07 11:12:46','Guest',2,'Item','Item ID:4'),(23418,'2018-08-07 11:12:49','Guest',2,'Shopping Cart',''),(23419,'2018-08-07 11:13:06','Guest',2,'Order Process',''),(23420,'2018-08-07 11:13:10','Guest',2,'Prescription Process',''),(23421,'2018-08-07 11:13:32','Guest',2,'Shipping Details',''),(23422,'2018-08-07 11:13:38','Guest',2,'Order Confirmation',''),(23423,'2018-08-07 11:13:39','Guest',2,'Order Confirmation',''),(23424,'2018-08-07 11:13:39','Guest',2,'Order Confirmation',''),(23425,'2018-08-07 11:13:39','Guest',2,'Order Confirmation',''),(23426,'2018-08-07 11:13:39','Guest',2,'Order Confirmation',''),(23427,'2018-08-07 11:13:46','Guest',0,'','Customer Invoice'),(23428,'2018-08-07 11:13:47','Guest',0,'','Your Order Detail: ORD/1013'),(23429,'2018-08-07 11:13:47','Guest',1,'Order','Order ID:14'),(23430,'2018-08-07 11:26:34','Guest',11,'Model','Product ID:3'),(23431,'2018-08-07 11:38:25','Guest',11,'Model','Product ID:4'),(23432,'2018-08-07 11:40:38','Sulochana',8,'Login Success','Username: Sulochana|IP: 111.223.134.38'),(23433,'2018-08-07 11:40:51','Sulochana',2,'Model','Model ID:38'),(23434,'2018-08-07 11:48:57','Test Administrator - No 1',8,'Login Success','Username: Test Administrator - No 1|IP: 112.134.3.253'),(23435,'2018-08-07 11:50:13','Test Administrator - No 1',11,'Model','Product ID:4'),(23436,'2018-08-07 11:50:44','Test Administrator - No 1',2,'Model','Model ID:4'),(23437,'2018-08-07 11:50:49','Test Administrator - No 1',2,'Item','Item ID:4'),(23438,'2018-08-07 11:50:53','Test Administrator - No 1',1,'Cart Item','Item ID:4'),(23439,'2018-08-07 11:50:55','Test Administrator - No 1',2,'Item','Item ID:4'),(23440,'2018-08-07 11:50:59','Test Administrator - No 1',2,'Shopping Cart',''),(23441,'2018-08-07 11:51:02','Test Administrator - No 1',2,'Order Process',''),(23442,'2018-08-07 11:51:05','Test Administrator - No 1',2,'Prescription Process',''),(23443,'2018-08-07 11:51:08','Test Administrator - No 1',2,'Shipping Details',''),(23444,'2018-08-07 11:51:11','Test Administrator - No 1',2,'Order Confirmation',''),(23445,'2018-08-07 11:51:12','Test Administrator - No 1',2,'Order Confirmation',''),(23446,'2018-08-07 11:51:12','Test Administrator - No 1',2,'Order Confirmation',''),(23447,'2018-08-07 11:51:12','Test Administrator - No 1',2,'Order Confirmation',''),(23448,'2018-08-07 11:51:12','Test Administrator - No 1',2,'Order Confirmation',''),(23449,'2018-08-07 11:51:14','Test Administrator - No 1',0,'','Customer Invoice'),(23450,'2018-08-07 11:51:14','Test Administrator - No 1',0,'','Your Order Detail: ORD/1014'),(23451,'2018-08-07 11:51:14','Test Administrator - No 1',1,'Order','Order ID:15'),(23452,'2018-08-08 02:58:31','Guest',2,'Model','Model ID:38'),(23453,'2018-08-08 05:25:35','Guest',11,'Model','Product ID:4'),(23454,'2018-08-08 05:25:43','Guest',2,'Model','Model ID:34'),(23455,'2018-08-08 05:25:50','Guest',2,'Item','Item ID:33'),(23456,'2018-08-08 05:26:05','Guest',2,'Model','Model ID:34'),(23457,'2018-08-08 05:26:10','Guest',11,'Model','Product ID:4'),(23458,'2018-08-08 05:26:14','Guest',2,'Model','Model ID:35'),(23459,'2018-08-08 05:26:20','Guest',2,'Item','Item ID:34'),(23460,'2018-08-08 05:26:23','Guest',2,'Model','Model ID:35'),(23461,'2018-08-08 05:26:27','Guest',11,'Model','Product ID:4'),(23462,'2018-08-08 05:26:32','Guest',2,'Model','Model ID:36'),(23463,'2018-08-08 05:26:40','Guest',2,'Item','Item ID:35'),(23464,'2018-08-08 05:26:43','Guest',2,'Model','Model ID:36'),(23465,'2018-08-08 05:26:53','Guest',2,'Item','Item ID:1'),(23466,'2018-08-08 05:27:03','Guest',1,'Cart Item','Item ID:1'),(23467,'2018-08-08 05:27:06','Guest',2,'Item','Item ID:1'),(23468,'2018-08-08 05:27:47','Guest',2,'Model','Model ID:36'),(23469,'2018-08-08 05:28:02','Guest',2,'Shopping Cart',''),(23470,'2018-08-08 05:28:07','Guest',2,'Order Process',''),(23471,'2018-08-08 05:28:37','Guest',8,'Customer','Customer ID:5'),(23472,'2018-08-08 05:28:40','Guest',2,'Order Process',''),(23473,'2018-08-08 05:29:00','Guest',2,'Prescription Process',''),(23474,'2018-08-08 05:29:39','Guest',1,'Image Upload','File Name: 114150464863053.png'),(23475,'2018-08-08 05:29:46','Guest',2,'Shipping Details',''),(23476,'2018-08-08 05:29:55','Guest',2,'Order Confirmation',''),(23477,'2018-08-08 05:29:56','Guest',2,'Order Confirmation',''),(23478,'2018-08-08 05:29:57','Guest',2,'Order Confirmation',''),(23479,'2018-08-08 05:29:57','Guest',2,'Order Confirmation',''),(23480,'2018-08-08 05:29:57','Guest',2,'Order Confirmation',''),(23481,'2018-08-08 05:30:06','Guest',0,'','Customer Invoice'),(23482,'2018-08-08 05:30:06','Guest',0,'','Your Order Detail: ORD/1015'),(23483,'2018-08-08 05:30:06','Guest',1,'Order','Order ID:16'),(23484,'2018-08-08 06:13:48','Test Administrator - No 1',8,'Login Success','Username: Test Administrator - No 1|IP: 112.134.5.149'),(23485,'2018-08-08 08:11:27','Guest',11,'Model','Product ID:4'),(23486,'2018-08-08 08:11:32','Guest',2,'Model','Model ID:33'),(23487,'2018-08-08 08:11:38','Guest',2,'Item','Item ID:32'),(23488,'2018-08-08 08:11:53','Guest',2,'Item','Item ID:3'),(23489,'2018-08-08 08:14:49','Guest',11,'Model','Product ID:4'),(23490,'2018-08-08 08:15:15','Guest',2,'Model','Model ID:40'),(23491,'2018-08-08 08:15:25','Guest',2,'Item','Item ID:39'),(23492,'2018-08-08 08:15:53','Guest',2,'Model','Model ID:40'),(23493,'2018-08-08 08:15:57','Guest',11,'Model','Product ID:4'),(23494,'2018-08-08 08:16:20','Guest',2,'Model','Model ID:9'),(23495,'2018-08-08 08:16:36','Guest',2,'Item','Item ID:8'),(23496,'2018-08-08 08:16:48','Guest',2,'Model','Model ID:9'),(23497,'2018-08-08 08:16:50','Guest',11,'Model','Product ID:4'),(23498,'2018-08-08 08:17:06','Guest',2,'Model','Model ID:19'),(23499,'2018-08-08 08:17:14','Guest',2,'Item','Item ID:18'),(23500,'2018-08-08 08:39:45','Guest',2,'Item','Item ID:39'),(23501,'2018-08-08 08:40:05','Guest',2,'Model','Model ID:19'),(23502,'2018-08-08 08:40:13','Guest',2,'Item','Item ID:18'),(23503,'2018-08-08 08:40:22','Guest',2,'Item','Item ID:35'),(23504,'2018-08-08 08:40:49','Guest',2,'Item','Item ID:45'),(23505,'2018-08-08 08:40:52','Guest',2,'Item','Item ID:35'),(23506,'2018-08-08 08:40:58','Guest',2,'Item','Item ID:18'),(23507,'2018-08-08 08:41:12','Guest',2,'Item','Item ID:45'),(23508,'2018-08-08 08:41:42','Guest',2,'Item','Item ID:39'),(23509,'2018-08-08 08:43:33','Guest',2,'Item','Item ID:18'),(23510,'2018-08-08 08:43:42','Guest',2,'Item','Item ID:39'),(23511,'2018-08-08 08:43:48','Guest',2,'Item','Item ID:32'),(23512,'2018-08-08 08:43:51','Guest',2,'Item','Item ID:39'),(23513,'2018-08-08 08:49:16','Guest',11,'Model','Product ID:1'),(23514,'2018-08-08 08:49:23','Guest',2,'Model','Model ID:27'),(23515,'2018-08-08 08:49:30','Guest',2,'Item','Item ID:25'),(23516,'2018-08-08 08:51:38','Guest',11,'Model','Product ID:2'),(23517,'2018-08-08 08:53:39','Guest',11,'Model','Product ID:4'),(23518,'2018-08-08 08:54:19','Guest',2,'Model','Model ID:23'),(23519,'2018-08-08 08:54:45','Guest',2,'Item','Item ID:22'),(23520,'2018-08-08 08:55:06','Guest',11,'Model','Product ID:1'),(23521,'2018-08-08 08:55:20','Guest',11,'Model','Product ID:2'),(23522,'2018-08-08 08:55:30','Guest',11,'Model','Product ID:2'),(23523,'2018-08-08 08:55:30','Guest',11,'Model','Product ID:2'),(23524,'2018-08-08 08:55:41','Guest',11,'Model','Product ID:4'),(23525,'2018-08-08 08:57:02','Guest',2,'Model','Model ID:43'),(23526,'2018-08-08 09:46:08','Guest',11,'Model','Product ID:4'),(23527,'2018-08-08 09:47:46','Guest',2,'Model','Model ID:20'),(23528,'2018-08-08 09:47:54','Guest',2,'Item','Item ID:19'),(23529,'2018-08-08 09:48:30','Guest',2,'Item','Item ID:49'),(23530,'2018-08-08 09:49:12','Guest',11,'Model','Product ID:1'),(23531,'2018-08-08 09:49:16','Guest',2,'Model','Model ID:26'),(23532,'2018-08-08 09:49:22','Guest',2,'Item','Item ID:24'),(23533,'2018-08-08 09:50:05','Guest',11,'Model','Product ID:4'),(23534,'2018-08-08 09:50:20','Guest',2,'Model','Model ID:11'),(23535,'2018-08-08 09:50:36','Guest',2,'Model','Model ID:11'),(23536,'2018-08-08 09:51:03','Guest',11,'Model','Product ID:4'),(23537,'2018-08-08 09:51:19','Guest',2,'Model','Model ID:41'),(23538,'2018-08-08 09:51:24','Guest',2,'Item','Item ID:40'),(23539,'2018-08-08 09:52:53','Guest',2,'Item','Item ID:19'),(23540,'2018-08-08 09:53:08','Guest',11,'Model','Product ID:3'),(23541,'2018-08-08 09:53:10','Guest',11,'Model','Product ID:4'),(23542,'2018-08-08 09:53:14','Guest',11,'Model','Product ID:1'),(23543,'2018-08-08 09:53:33','Guest',2,'Model','Model ID:32'),(23544,'2018-08-08 09:53:43','Guest',2,'Item','Item ID:49'),(23545,'2018-08-08 09:54:51','Guest',2,'Model','Model ID:32'),(23546,'2018-08-08 09:55:00','Guest',11,'Model','Product ID:4'),(23547,'2018-08-08 09:55:09','Guest',2,'Model','Model ID:37'),(23548,'2018-08-08 09:55:14','Guest',11,'Model','Product ID:4'),(23549,'2018-08-08 10:09:36','Guest',11,'Model','Product ID:1'),(23550,'2018-08-08 10:09:51','Guest',11,'Model','Product ID:2'),(23551,'2018-08-08 10:09:55','Guest',11,'Model','Product ID:3'),(23552,'2018-08-08 10:09:58','Guest',11,'Model','Product ID:4'),(23553,'2018-08-08 10:10:03','Guest',2,'Model','Model ID:10'),(23554,'2018-08-08 10:10:10','Guest',2,'Item','Item ID:9'),(23555,'2018-08-08 10:13:36','Guest',2,'Model','Model ID:10'),(23556,'2018-08-08 10:13:39','Guest',11,'Model','Product ID:4'),(23557,'2018-08-08 10:13:48','Guest',11,'Model','Product ID:2'),(23558,'2018-08-08 10:14:02','Guest',11,'Model','Product ID:2'),(23559,'2018-08-08 10:14:05','Guest',11,'Model','Product ID:3'),(23560,'2018-08-08 10:14:09','Guest',11,'Model','Product ID:4'),(23561,'2018-08-08 10:14:20','Guest',2,'Model','Model ID:40'),(23562,'2018-08-08 10:14:29','Guest',2,'Item','Item ID:39'),(23563,'2018-08-08 12:20:04','Guest',11,'Model','Product ID:4'),(23564,'2018-08-08 12:20:10','Guest',2,'Model','Model ID:34'),(23565,'2018-08-08 12:21:23','Guest',2,'Item','Item ID:33'),(23566,'2018-08-08 12:21:33','Guest',2,'Model','Model ID:34'),(23567,'2018-08-08 12:21:37','Guest',11,'Model','Product ID:4'),(23568,'2018-08-08 12:21:43','Guest',2,'Model','Model ID:4'),(23569,'2018-08-08 12:21:47','Guest',2,'Item','Item ID:4'),(23570,'2018-08-08 12:21:56','Guest',1,'Cart Item','Item ID:4'),(23571,'2018-08-08 12:22:33','Guest',2,'Item','Item ID:4'),(23572,'2018-08-08 12:22:37','Guest',2,'Shopping Cart',''),(23573,'2018-08-08 12:22:40','Guest',2,'Order Process',''),(23574,'2018-08-08 12:23:11','Guest',2,'Order Process',''),(23575,'2018-08-08 12:23:18','Guest',2,'Order Process',''),(23576,'2018-08-08 12:23:21','Guest',2,'Order Process',''),(23577,'2018-08-08 12:23:21','Guest',2,'Order Process',''),(23578,'2018-08-08 12:23:50','Guest',8,'Customer','Customer ID:5'),(23579,'2018-08-08 12:23:53','Guest',2,'Order Process',''),(23580,'2018-08-08 12:23:57','Guest',2,'Prescription Process',''),(23581,'2018-08-08 12:24:02','Guest',2,'Order Process',''),(23582,'2018-08-08 12:24:04','Guest',2,'Shopping Cart',''),(23583,'2018-08-08 12:24:29','Guest',2,'Order Process',''),(23584,'2018-08-08 12:25:21','Guest',2,'Order Process',''),(23585,'2018-08-08 12:25:44','Guest',2,'Shopping Cart',''),(23586,'2018-08-08 12:25:53','Guest',2,'Order Process',''),(23587,'2018-08-08 12:25:59','Guest',2,'Prescription Process',''),(23588,'2018-08-08 12:26:04','Guest',2,'Order Process',''),(23589,'2018-08-08 12:27:29','Guest',2,'Order Process',''),(23590,'2018-08-08 12:27:33','Guest',2,'Prescription Process',''),(23591,'2018-08-08 12:27:36','Guest',2,'Shipping Details',''),(23592,'2018-08-08 12:27:39','Guest',2,'Order Confirmation',''),(23593,'2018-08-08 12:27:40','Guest',2,'Order Confirmation',''),(23594,'2018-08-08 12:27:40','Guest',2,'Order Confirmation',''),(23595,'2018-08-08 12:27:40','Guest',2,'Order Confirmation',''),(23596,'2018-08-08 12:27:40','Guest',2,'Order Confirmation',''),(23597,'2018-08-08 12:27:43','Guest',0,'','Customer Invoice'),(23598,'2018-08-08 12:27:43','Guest',0,'','Your Order Detail: ORD/1016'),(23599,'2018-08-08 12:27:44','Guest',1,'Order','Order ID:17'),(23600,'2018-08-08 12:29:39','Guest',11,'Model','Product ID:4'),(23601,'2018-08-08 12:29:43','Guest',2,'Model','Model ID:4'),(23602,'2018-08-08 12:29:47','Guest',2,'Item','Item ID:4'),(23603,'2018-08-08 12:29:50','Guest',1,'Cart Item','Item ID:4'),(23604,'2018-08-08 12:29:53','Guest',2,'Item','Item ID:4'),(23605,'2018-08-08 12:29:56','Guest',2,'Shopping Cart',''),(23606,'2018-08-08 12:29:59','Guest',2,'Order Process',''),(23607,'2018-08-08 12:30:05','Guest',2,'Prescription Process',''),(23608,'2018-08-08 12:30:08','Guest',2,'Shipping Details',''),(23609,'2018-08-08 12:30:11','Guest',2,'Order Confirmation',''),(23610,'2018-08-08 12:30:12','Guest',2,'Order Confirmation',''),(23611,'2018-08-08 12:30:13','Guest',2,'Order Confirmation',''),(23612,'2018-08-08 12:30:13','Guest',2,'Order Confirmation',''),(23613,'2018-08-08 12:30:13','Guest',2,'Order Confirmation',''),(23614,'2018-08-08 12:30:55','Guest',2,'Order Confirmation',''),(23615,'2018-08-08 12:30:58','Guest',2,'Order Confirmation',''),(23616,'2018-08-08 12:30:59','Guest',2,'Order Confirmation',''),(23617,'2018-08-08 12:30:59','Guest',2,'Order Confirmation',''),(23618,'2018-08-08 12:30:59','Guest',2,'Order Confirmation',''),(23619,'2018-08-09 05:06:34','Guest',11,'Model','Product ID:1'),(23620,'2018-08-09 05:06:48','Guest',2,'Model','Model ID:27'),(23621,'2018-08-09 05:07:08','Guest',2,'Item','Item ID:25'),(23622,'2018-08-09 07:39:23','Test Administrator - No 1',8,'Login Success','Username: Test Administrator - No 1|IP: 112.134.4.83'),(23623,'2018-08-09 07:52:04','Guest',11,'Model','Product ID:4'),(23624,'2018-08-09 07:52:11','Guest',2,'Model','Model ID:34'),(23625,'2018-08-09 07:52:17','Guest',2,'Item','Item ID:33'),(23626,'2018-08-09 07:52:38','Test Administrator - No 1',8,'Login Success','Username: Test Administrator - No 1|IP: 112.134.4.83'),(23627,'2018-08-09 07:53:48','Test Administrator - No 1',2,'Items',''),(23628,'2018-08-09 07:54:05','Test Administrator - No 1',2,'GRN',''),(23629,'2018-08-09 07:54:36','Test Administrator - No 1',11,'Item',''),(23630,'2018-08-09 07:54:44','Test Administrator - No 1',2,'Items',''),(23631,'2018-08-09 07:54:48','Test Administrator - No 1',2,'Items',''),(23632,'2018-08-09 07:54:58','Test Administrator - No 1',2,'GRN',''),(23633,'2018-08-09 07:55:02','Test Administrator - No 1',11,'Item',''),(23634,'2018-08-09 07:56:02','Test Administrator - No 1',2,'Items',''),(23635,'2018-08-09 07:56:12','Test Administrator - No 1',2,'Items',''),(23636,'2018-08-09 07:56:19','Test Administrator - No 1',2,'Items',''),(23637,'2018-08-09 07:58:35','Test Administrator - No 1',2,'Items',''),(23638,'2018-08-09 07:58:47','Test Administrator - No 1',2,'GRN',''),(23639,'2018-08-09 07:58:54','Test Administrator - No 1',2,'Items',''),(23640,'2018-08-09 07:58:57','Test Administrator - No 1',2,'Items',''),(23641,'2018-08-09 08:02:02','Test Administrator - No 1',2,'Items',''),(23642,'2018-08-09 08:02:11','Test Administrator - No 1',2,'GRN','ID : 1'),(23643,'2018-08-09 08:02:19','Test Administrator - No 1',2,'Items',''),(23644,'2018-08-09 08:02:21','Test Administrator - No 1',2,'GRN','ID : 2'),(23645,'2018-08-09 08:02:29','Test Administrator - No 1',2,'Items',''),(23646,'2018-08-09 08:02:32','Test Administrator - No 1',2,'GRN','ID : 1'),(23647,'2018-08-09 08:02:41','Test Administrator - No 1',2,'Items',''),(23648,'2018-08-09 08:02:44','Test Administrator - No 1',2,'GRN','ID : 2'),(23649,'2018-08-09 08:03:04','Test Administrator - No 1',2,'Items',''),(23650,'2018-08-09 08:03:10','Test Administrator - No 1',2,'Items',''),(23651,'2018-08-09 08:04:19','Test Administrator - No 1',2,'Items',''),(23652,'2018-08-09 08:04:24','Test Administrator - No 1',2,'GRN',''),(23653,'2018-08-09 08:04:34','Test Administrator - No 1',2,'Items',''),(23654,'2018-08-09 08:04:36','Test Administrator - No 1',2,'GRN','ID : 2'),(23655,'2018-08-09 08:04:43','Test Administrator - No 1',2,'Items',''),(23656,'2018-08-09 08:04:46','Test Administrator - No 1',2,'GRN',''),(23657,'2018-08-09 08:04:51','Test Administrator - No 1',11,'Item',''),(23658,'2018-08-09 08:05:26','Test Administrator - No 1',2,'GRN','ID : 2'),(23659,'2018-08-09 08:05:31','Test Administrator - No 1',2,'GRN',''),(23660,'2018-08-09 08:53:36','Guest',11,'Model','Product ID:4'),(23661,'2018-08-09 08:53:43','Guest',2,'Model','Model ID:4'),(23662,'2018-08-10 08:57:15','Guest',11,'Model','Product ID:3'),(23663,'2018-08-10 08:57:19','Guest',11,'Model','Product ID:4'),(23664,'2018-08-10 08:57:30','Guest',11,'Model','Product ID:4'),(23665,'2018-08-10 08:57:44','Sulochana',8,'Login Success','Username: Sulochana|IP: 111.223.135.48'),(23666,'2018-08-10 08:58:35','Sulochana',2,'Items',''),(23667,'2018-08-10 09:01:08','Sulochana',11,'Model','Product ID:1'),(23668,'2018-08-10 09:39:02','Test Administrator - No 1',8,'Login Success','Username: Test Administrator - No 1|IP: 112.134.7.185'),(23669,'2018-08-10 10:43:32','Administrator 2',8,'Login Success','Username: Administrator 2|IP: 112.134.7.185'),(23670,'2018-08-10 11:14:19','Administrator 2',11,'Model','Product ID:4'),(23671,'2018-08-10 11:14:24','Administrator 2',2,'Model','Model ID:35'),(23672,'2018-08-10 11:14:28','Administrator 2',11,'Model','Product ID:4'),(23673,'2018-08-10 11:14:34','Administrator 2',2,'Model','Model ID:4'),(23674,'2018-08-10 11:14:42','Administrator 2',2,'Item','Item ID:4'),(23675,'2018-08-10 11:14:49','Administrator 2',1,'Cart Item','Item ID:4'),(23676,'2018-08-10 11:14:52','Administrator 2',2,'Item','Item ID:4'),(23677,'2018-08-10 11:14:57','Administrator 2',2,'Shopping Cart',''),(23678,'2018-08-10 11:15:13','Administrator 2',2,'Order Process',''),(23679,'2018-08-10 11:15:51','Administrator 2',8,'Customer','Customer ID:3'),(23680,'2018-08-10 11:15:55','Administrator 2',2,'Order Process',''),(23681,'2018-08-10 11:16:00','Administrator 2',2,'Prescription Process',''),(23682,'2018-08-10 11:18:03','Administrator 2',2,'Prescription Process',''),(23683,'2018-08-10 11:21:30','Administrator 2',1,'Image Upload','File Name: 261591312758759.jpg'),(23684,'2018-08-10 11:21:38','Administrator 2',2,'Shipping Details',''),(23685,'2018-08-10 11:21:43','Administrator 2',2,'Order Confirmation',''),(23686,'2018-08-10 11:21:43','Administrator 2',2,'Order Confirmation',''),(23687,'2018-08-10 11:21:44','Administrator 2',2,'Order Confirmation',''),(23688,'2018-08-10 11:21:44','Administrator 2',2,'Order Confirmation',''),(23689,'2018-08-10 11:21:44','Administrator 2',2,'Order Confirmation',''),(23690,'2018-08-10 11:21:54','Administrator 2',0,'','Customer Invoice'),(23691,'2018-08-10 11:21:54','Administrator 2',0,'','Your Order Detail: ORD/1017'),(23692,'2018-08-10 11:21:54','Administrator 2',1,'Order','Order ID:18'),(23693,'2018-08-10 12:16:20','Guest',12,'Login Fail','Username: admin1|IP: 112.134.7.185'),(23694,'2018-08-10 12:16:34','Test Administrator - No 1',8,'Login Success','Username: Test Administrator - No 1|IP: 112.134.7.185'),(23695,'2018-08-11 14:26:45','Guest',11,'Model','Product ID:1'),(23696,'2018-08-11 14:27:37','Guest',11,'Model','Product ID:4'),(23697,'2018-08-11 14:28:26','Guest',2,'Model','Model ID:35'),(23698,'2018-08-11 14:28:43','Guest',2,'Item','Item ID:34'),(23699,'2018-08-11 14:29:15','Guest',11,'Model','Product ID:3'),(23700,'2018-08-11 14:29:21','Guest',11,'Model','Product ID:1'),(23701,'2018-08-11 14:29:26','Guest',2,'Model','Model ID:1'),(23702,'2018-08-11 14:29:35','Guest',2,'Item','Item ID:1'),(23703,'2018-08-11 14:29:42','Guest',1,'Cart Item','Item ID:1'),(23704,'2018-08-11 14:29:43','Guest',1,'Cart Item','Item ID:1'),(23705,'2018-08-11 14:29:47','Guest',1,'Cart Item','Item ID:1'),(23706,'2018-08-11 14:30:28','Guest',2,'Shopping Cart',''),(23707,'2018-08-11 14:30:36','Guest',2,'Order Process',''),(23708,'2018-08-11 14:33:46','Guest',0,'','Welcome to Eyewear'),(23709,'2018-08-11 14:33:46','Guest',1,'Customer Signup','6'),(23710,'2018-08-11 14:33:49','Guest',2,'Order Process',''),(23711,'2018-08-11 14:34:29','Guest',8,'Customer','Customer ID:6'),(23712,'2018-08-11 14:34:32','Guest',2,'Order Process',''),(23713,'2018-08-11 14:34:45','Guest',2,'Prescription Process',''),(23714,'2018-08-11 14:35:42','Guest',2,'Shipping Details',''),(23715,'2018-08-11 14:37:40','Guest',1,'Shipping Profile','6'),(23716,'2018-08-11 14:37:43','Guest',2,'Shipping Details',''),(23717,'2018-08-11 14:37:52','Guest',2,'Order Confirmation',''),(23718,'2018-08-11 14:37:53','Guest',2,'Order Confirmation',''),(23719,'2018-08-13 07:37:32','Test Administrator - No 1',8,'Login Success','Username: Test Administrator - No 1|IP: 112.134.7.18'),(23720,'2018-08-13 09:18:42','Test Administrator - No 1',2,'Model','Model ID:36'),(23721,'2018-08-13 09:19:10','Test Administrator - No 1',11,'Model','Product ID:4'),(23722,'2018-08-13 09:20:35','Test Administrator - No 1',11,'Model','Product ID:4'),(23723,'2018-08-13 09:20:43','Test Administrator - No 1',2,'Model','Model ID:4'),(23724,'2018-08-13 09:20:52','Test Administrator - No 1',2,'Item','Item ID:4'),(23725,'2018-08-13 09:21:00','Test Administrator - No 1',1,'Cart Item','Item ID:4'),(23726,'2018-08-13 09:21:02','Test Administrator - No 1',2,'Item','Item ID:4'),(23727,'2018-08-13 09:21:11','Test Administrator - No 1',2,'Shopping Cart',''),(23728,'2018-08-13 09:21:20','Test Administrator - No 1',2,'Order Process',''),(23729,'2018-08-13 09:21:45','Test Administrator - No 1',8,'Customer','Customer ID:3'),(23730,'2018-08-13 09:21:47','Test Administrator - No 1',2,'Order Process',''),(23731,'2018-08-13 09:21:52','Test Administrator - No 1',2,'Prescription Process',''),(23732,'2018-08-13 09:22:04','Test Administrator - No 1',2,'Prescription Process',''),(23733,'2018-08-13 09:22:14','Test Administrator - No 1',2,'Order Process',''),(23734,'2018-08-13 09:22:19','Test Administrator - No 1',2,'Prescription Process',''),(23735,'2018-08-13 09:22:42','Test Administrator - No 1',2,'Prescription Process',''),(23736,'2018-08-13 09:23:17','Test Administrator - No 1',2,'Shipping Details',''),(23737,'2018-08-13 09:23:25','Test Administrator - No 1',2,'Order Confirmation',''),(23738,'2018-08-13 09:23:26','Test Administrator - No 1',2,'Order Confirmation',''),(23739,'2018-08-13 09:23:26','Test Administrator - No 1',2,'Order Confirmation',''),(23740,'2018-08-13 09:23:26','Test Administrator - No 1',2,'Order Confirmation',''),(23741,'2018-08-13 09:23:26','Test Administrator - No 1',2,'Order Confirmation',''),(23742,'2018-08-13 09:23:38','Test Administrator - No 1',0,'','Customer Invoice'),(23743,'2018-08-13 09:23:38','Test Administrator - No 1',0,'','Your Order Detail: ORD/1018'),(23744,'2018-08-13 09:23:38','Test Administrator - No 1',1,'Order','Order ID:19'),(23745,'2018-08-13 11:14:14','Guest',2,'Model','Model ID:32'),(23746,'2018-08-13 11:17:27','Guest',2,'Model','Model ID:32'),(23747,'2018-08-13 11:17:49','Guest',11,'Model','Product ID:1'),(23748,'2018-08-13 11:17:52','Guest',2,'Model','Model ID:1'),(23749,'2018-08-13 11:17:59','Guest',2,'Item','Item ID:1'),(23750,'2018-08-13 11:18:05','Guest',1,'Cart Item','Item ID:1'),(23751,'2018-08-13 11:18:08','Guest',2,'Item','Item ID:1'),(23752,'2018-08-13 11:18:16','Guest',2,'Shopping Cart',''),(23753,'2018-08-13 11:18:31','Guest',2,'Order Process',''),(23754,'2018-08-13 11:19:55','Guest',8,'Customer','Customer ID:3'),(23755,'2018-08-13 11:19:58','Guest',2,'Order Process',''),(23756,'2018-08-13 11:20:34','Guest',2,'Prescription Process',''),(23757,'2018-08-13 11:21:27','Guest',1,'Image Upload','File Name: 255482200913247.jpg'),(23758,'2018-08-13 11:21:30','Guest',2,'Shipping Details',''),(23759,'2018-08-13 11:21:34','Guest',2,'Order Confirmation',''),(23760,'2018-08-13 11:21:35','Guest',2,'Order Confirmation',''),(23761,'2018-08-13 11:21:35','Guest',2,'Order Confirmation',''),(23762,'2018-08-13 11:21:35','Guest',2,'Order Confirmation',''),(23763,'2018-08-13 11:21:35','Guest',2,'Order Confirmation',''),(23764,'2018-08-13 11:21:46','Guest',0,'','Customer Invoice'),(23765,'2018-08-13 11:21:47','Guest',0,'','Your Order Detail: ORD/1019'),(23766,'2018-08-13 11:21:47','Guest',1,'Order','Order ID:20'),(23767,'2018-08-13 12:08:42','Guest',11,'Model','Product ID:4'),(23768,'2018-08-13 12:09:00','Guest',2,'Model','Model ID:4'),(23769,'2018-08-13 12:09:11','Guest',2,'Item','Item ID:4'),(23770,'2018-08-13 12:09:20','Guest',1,'Cart Item','Item ID:4'),(23771,'2018-08-13 12:09:22','Guest',2,'Item','Item ID:4'),(23772,'2018-08-13 12:09:29','Guest',2,'Shopping Cart',''),(23773,'2018-08-13 12:09:37','Guest',2,'Order Process',''),(23774,'2018-08-14 03:35:50','Guest',11,'Model','Product ID:4'),(23775,'2018-08-14 04:37:53','Guest',11,'Model','Product ID:4'),(23776,'2018-08-14 04:38:15','Guest',11,'Model','Product ID:4'),(23777,'2018-08-14 10:06:05','Guest',11,'Model','Product ID:4'),(23778,'2018-08-14 10:17:37','Guest',11,'Model','Product ID:4'),(23779,'2018-08-14 10:19:18','Guest',2,'Model','Model ID:39'),(23780,'2018-08-15 08:13:57','Guest',2,'Model','Model ID:43'),(23781,'2018-08-15 08:15:24','Guest',11,'Model','Product ID:2'),(23782,'2018-08-15 08:18:48','Guest',11,'Model','Product ID:4'),(23783,'2018-08-15 08:19:06','Guest',2,'Model','Model ID:4'),(23784,'2018-08-15 08:19:23','Guest',2,'Item','Item ID:4'),(23785,'2018-08-15 08:19:36','Guest',1,'Cart Item','Item ID:4'),(23786,'2018-08-15 08:19:38','Guest',2,'Item','Item ID:4'),(23787,'2018-08-15 08:19:58','Guest',2,'Model','Model ID:4'),(23788,'2018-08-15 08:20:05','Guest',11,'Model','Product ID:4'),(23789,'2018-08-15 08:20:21','Guest',2,'Model','Model ID:17'),(23790,'2018-08-15 08:20:44','Guest',11,'Model','Product ID:1'),(23791,'2018-08-15 08:20:54','Guest',2,'Model','Model ID:1'),(23792,'2018-08-15 08:21:07','Guest',2,'Item','Item ID:1'),(23793,'2018-08-15 08:21:15','Guest',1,'Cart Item','Item ID:1'),(23794,'2018-08-15 08:21:19','Guest',2,'Item','Item ID:1'),(23795,'2018-08-15 08:22:15','Guest',2,'Shopping Cart',''),(23796,'2018-08-15 08:24:28','Guest',2,'Shopping Cart',''),(23797,'2018-08-15 08:25:18','Guest',3,'Cart Item',''),(23798,'2018-08-15 08:25:22','Guest',2,'Shopping Cart',''),(23799,'2018-08-15 08:25:34','Guest',3,'Cart Item',''),(23800,'2018-08-15 08:25:36','Guest',2,'Shopping Cart',''),(23801,'2018-08-15 08:25:50','Guest',3,'Cart Item',''),(23802,'2018-08-15 08:25:52','Guest',2,'Shopping Cart',''),(23803,'2018-08-15 08:25:58','Guest',3,'Cart Item',''),(23804,'2018-08-15 08:26:03','Guest',2,'Shopping Cart',''),(23805,'2018-08-15 08:26:19','Guest',2,'Order Process',''),(23806,'2018-08-15 08:27:00','Guest',8,'Customer','Customer ID:3'),(23807,'2018-08-15 08:27:03','Guest',2,'Order Process',''),(23808,'2018-08-15 08:27:23','Guest',2,'Prescription Process',''),(23809,'2018-08-15 08:28:09','Guest',1,'Image Upload','File Name: 5d01123f3ff7e30d1dd84afd2889fae9.png'),(23810,'2018-08-15 08:28:18','Guest',2,'Shipping Details',''),(23811,'2018-08-15 08:30:22','Guest',2,'Order Confirmation',''),(23812,'2018-08-15 08:30:24','Guest',2,'Order Confirmation',''),(23813,'2018-08-15 08:30:24','Guest',2,'Order Confirmation',''),(23814,'2018-08-15 08:30:24','Guest',2,'Order Confirmation',''),(23815,'2018-08-15 08:30:24','Guest',2,'Order Confirmation',''),(23816,'2018-08-15 08:31:50','Guest',2,'Order Confirmation',''),(23817,'2018-08-15 08:31:52','Guest',2,'Order Confirmation',''),(23818,'2018-08-15 08:31:52','Guest',2,'Order Confirmation',''),(23819,'2018-08-15 08:31:52','Guest',2,'Order Confirmation',''),(23820,'2018-08-15 08:31:52','Guest',2,'Order Confirmation',''),(23821,'2018-08-15 08:32:37','Test Administrator - No 1',8,'Login Success','Username: Test Administrator - No 1|IP: 112.134.4.166'),(23822,'2018-08-15 10:08:26','Guest',11,'Model','Product ID:4'),(23823,'2018-08-15 10:08:47','Guest',2,'Model','Model ID:4'),(23824,'2018-08-15 10:09:00','Guest',2,'Item','Item ID:4'),(23825,'2018-08-15 10:09:11','Guest',1,'Cart Item','Item ID:4'),(23826,'2018-08-15 10:09:14','Guest',2,'Item','Item ID:4'),(23827,'2018-08-15 10:09:24','Guest',2,'Shopping Cart',''),(23828,'2018-08-15 10:09:31','Guest',2,'Order Process',''),(23829,'2018-08-15 10:09:50','Guest',8,'Customer','Customer ID:5'),(23830,'2018-08-15 10:09:52','Guest',2,'Order Process',''),(23831,'2018-08-15 10:09:57','Guest',2,'Prescription Process',''),(23832,'2018-08-15 10:10:24','Guest',2,'Shipping Details',''),(23833,'2018-08-15 10:10:28','Guest',2,'Order Confirmation',''),(23834,'2018-08-15 10:10:28','Guest',2,'Order Confirmation',''),(23835,'2018-08-15 10:10:29','Guest',2,'Order Confirmation',''),(23836,'2018-08-15 10:10:29','Guest',2,'Order Confirmation',''),(23837,'2018-08-15 10:10:29','Guest',2,'Order Confirmation',''),(23838,'2018-08-15 10:10:33','Guest',0,'','Customer Invoice'),(23839,'2018-08-15 10:10:34','Guest',0,'','Your Order Detail: ORD/1020'),(23840,'2018-08-15 10:10:34','Guest',1,'Order','Order ID:21'),(23841,'2018-08-15 10:10:50','Test Administrator - No 1',8,'Login Success','Username: Test Administrator - No 1|IP: 112.134.4.166'),(23842,'2018-08-15 12:35:36','Guest',11,'Model','Product ID:4'),(23843,'2018-08-15 12:35:51','Guest',2,'Model','Model ID:4'),(23844,'2018-08-15 12:36:00','Guest',2,'Item','Item ID:4'),(23845,'2018-08-15 12:36:11','Guest',1,'Cart Item','Item ID:4'),(23846,'2018-08-15 12:36:13','Guest',2,'Item','Item ID:4'),(23847,'2018-08-15 12:36:32','Guest',2,'Item','Item ID:4'),(23848,'2018-08-15 12:36:41','Guest',2,'Shopping Cart',''),(23849,'2018-08-16 03:16:19','Test Administrator - No 1',8,'Login Success','Username: Test Administrator - No 1|IP: 112.134.3.69'),(23850,'2018-08-16 04:10:44','Test Administrator - No 1',11,'Model','Product ID:4'),(23851,'2018-08-16 04:10:52','Test Administrator - No 1',2,'Model','Model ID:4'),(23852,'2018-08-16 04:11:07','Test Administrator - No 1',2,'Item','Item ID:4'),(23853,'2018-08-16 04:11:56','Test Administrator - No 1',2,'Shopping Cart',''),(23854,'2018-08-16 04:12:14','Test Administrator - No 1',2,'Item','Item ID:4'),(23855,'2018-08-16 04:12:22','Test Administrator - No 1',2,'Item','Item ID:4'),(23856,'2018-08-16 04:13:15','Guest',11,'Model','Product ID:4'),(23857,'2018-08-16 04:13:36','Guest',2,'Model','Model ID:4'),(23858,'2018-08-16 04:13:46','Guest',2,'Item','Item ID:4'),(23859,'2018-08-16 04:13:55','Guest',1,'Cart Item','Item ID:4'),(23860,'2018-08-16 04:13:59','Guest',2,'Item','Item ID:4'),(23861,'2018-08-16 04:14:05','Guest',2,'Model','Model ID:4'),(23862,'2018-08-16 04:14:14','Guest',11,'Model','Product ID:1'),(23863,'2018-08-16 04:14:23','Guest',2,'Model','Model ID:1'),(23864,'2018-08-16 04:14:35','Guest',2,'Item','Item ID:1'),(23865,'2018-08-16 04:14:48','Guest',1,'Cart Item','Item ID:1'),(23866,'2018-08-16 04:14:50','Guest',2,'Item','Item ID:1'),(23867,'2018-08-16 04:15:06','Guest',2,'Shopping Cart',''),(23868,'2018-08-16 04:15:34','Guest',2,'Order Process',''),(23869,'2018-08-16 04:16:02','Guest',8,'Customer','Customer ID:3'),(23870,'2018-08-16 04:16:04','Guest',2,'Order Process',''),(23871,'2018-08-16 04:16:26','Guest',2,'Prescription Process',''),(23872,'2018-08-16 04:16:36','Guest',2,'Prescription Process',''),(23873,'2018-08-16 04:19:03','Guest',1,'Image Upload','File Name: 35953529fac4336ac1c1c034354d4d42.png'),(23874,'2018-08-16 04:19:05','Guest',2,'Shipping Details',''),(23875,'2018-08-16 04:19:12','Guest',2,'Order Confirmation',''),(23876,'2018-08-16 04:19:13','Guest',2,'Order Confirmation',''),(23877,'2018-08-16 04:19:13','Guest',2,'Order Confirmation',''),(23878,'2018-08-16 04:19:13','Guest',2,'Order Confirmation',''),(23879,'2018-08-16 04:19:14','Guest',2,'Order Confirmation',''),(23880,'2018-08-16 04:19:26','Guest',0,'','Customer Invoice'),(23881,'2018-08-16 04:19:26','Guest',0,'','Your Order Detail: ORD/1021'),(23882,'2018-08-16 04:19:26','Guest',1,'Order','Order ID:22'),(23883,'2018-08-16 04:19:48','Test Administrator - No 1',8,'Login Success','Username: Test Administrator - No 1|IP: 112.134.3.69'),(23884,'2018-08-16 05:03:37','Test Administrator - No 1',11,'Model','Product ID:1'),(23885,'2018-08-16 05:03:41','Test Administrator - No 1',2,'Model','Model ID:1'),(23886,'2018-08-16 05:04:05','Test Administrator - No 1',2,'Item','Item ID:1'),(23887,'2018-08-16 05:04:19','Test Administrator - No 1',1,'Cart Item','Item ID:1'),(23888,'2018-08-16 05:04:21','Test Administrator - No 1',2,'Item','Item ID:1'),(23889,'2018-08-16 05:04:36','Test Administrator - No 1',2,'Shopping Cart',''),(23890,'2018-08-16 05:04:59','Test Administrator - No 1',2,'Order Process',''),(23891,'2018-08-16 05:06:33','Test Administrator - No 1',2,'Prescription Process',''),(23892,'2018-08-16 05:08:24','Test Administrator - No 1',2,'Shipping Details',''),(23893,'2018-08-16 05:08:30','Test Administrator - No 1',2,'Prescription Process',''),(23894,'2018-08-16 05:11:27','Test Administrator - No 1',2,'Shipping Details',''),(23895,'2018-08-16 05:11:31','Test Administrator - No 1',2,'Prescription Process',''),(23896,'2018-08-16 05:17:17','Test Administrator - No 1',2,'Shipping Details',''),(23897,'2018-08-16 05:17:48','Test Administrator - No 1',2,'Order Confirmation',''),(23898,'2018-08-16 05:17:49','Test Administrator - No 1',2,'Order Confirmation',''),(23899,'2018-08-16 05:17:49','Test Administrator - No 1',2,'Order Confirmation',''),(23900,'2018-08-16 05:17:50','Test Administrator - No 1',2,'Order Confirmation',''),(23901,'2018-08-16 05:17:50','Test Administrator - No 1',2,'Order Confirmation',''),(23902,'2018-08-16 05:18:19','Test Administrator - No 1',0,'','Customer Invoice'),(23903,'2018-08-16 05:18:19','Test Administrator - No 1',0,'','Your Order Detail: ORD/1022'),(23904,'2018-08-16 05:18:19','Test Administrator - No 1',1,'Order','Order ID:23'),(23905,'2018-08-16 05:27:13','Test Administrator - No 1',2,'Items',''),(23906,'2018-08-16 05:27:21','Test Administrator - No 1',2,'Items',''),(23907,'2018-08-16 05:27:51','Test Administrator - No 1',2,'Items',''),(23908,'2018-08-16 05:28:06','Test Administrator - No 1',2,'GRN',''),(23909,'2018-08-16 05:29:43','Test Administrator - No 1',2,'GRN','ID : 1'),(23910,'2018-08-16 05:29:47','Test Administrator - No 1',2,'GRN',''),(23911,'2018-08-16 05:30:27','Test Administrator - No 1',2,'Items',''),(23912,'2018-08-16 05:30:46','Test Administrator - No 1',2,'Items',''),(23913,'2018-08-16 05:30:56','Test Administrator - No 1',2,'Items',''),(23914,'2018-08-16 05:33:35','Test Administrator - No 1',11,'Model','Product ID:1'),(23915,'2018-08-16 05:35:56','Test Administrator - No 1',2,'Model','Model ID:28'),(23916,'2018-08-16 06:28:01','Guest',2,'Shopping Cart',''),(23917,'2018-08-16 06:28:29','Guest',11,'Model','Product ID:4'),(23918,'2018-08-16 06:28:42','Guest',2,'Model','Model ID:4'),(23919,'2018-08-16 06:47:48','Test Administrator - No 1',11,'Model','Product ID:1'),(23920,'2018-08-16 06:47:53','Test Administrator - No 1',2,'Model','Model ID:2'),(23921,'2018-08-16 06:48:06','Test Administrator - No 1',2,'Item','Item ID:2'),(23922,'2018-08-16 06:49:31','Test Administrator - No 1',1,'Cart Item','Item ID:2'),(23923,'2018-08-16 06:49:33','Test Administrator - No 1',2,'Item','Item ID:2'),(23924,'2018-08-16 06:50:00','Test Administrator - No 1',2,'Model','Model ID:2'),(23925,'2018-08-16 06:50:12','Test Administrator - No 1',2,'Item','Item ID:2'),(23926,'2018-08-16 06:50:45','Test Administrator - No 1',2,'Items',''),(23927,'2018-08-16 06:54:03','Guest',11,'Model','Product ID:4'),(23928,'2018-08-16 06:54:24','Guest',11,'Model','Product ID:4'),(23929,'2018-08-16 06:54:59','Test Administrator - No 1',2,'Items',''),(23930,'2018-08-16 06:55:31','Test Administrator - No 1',2,'Master Data',''),(23931,'2018-08-16 06:56:00','Test Administrator - No 1',2,'Master Data',''),(23932,'2018-08-16 06:57:21','Test Administrator - No 1',2,'Product Type',''),(23933,'2018-08-16 06:57:49','Test Administrator - No 1',2,'Master Data',''),(23934,'2018-08-16 07:19:17','Test Administrator - No 1',2,'Master Data',''),(23935,'2018-08-16 07:21:39','Test Administrator - No 1',2,'Master Data',''),(23936,'2018-08-16 07:22:40','Test Administrator - No 1',1,'Product','Value: Test Product 1'),(23937,'2018-08-16 07:22:42','Test Administrator - No 1',2,'Master Data',''),(23938,'2018-08-16 07:23:01','Test Administrator - No 1',2,'Master Data',''),(23939,'2018-08-16 07:26:02','Test Administrator - No 1',1,'Model','Name: Test Model 1'),(23940,'2018-08-16 07:26:07','Test Administrator - No 1',2,'Master Data',''),(23941,'2018-08-16 07:26:18','Test Administrator - No 1',11,'Model','Product ID:1'),(23942,'2018-08-16 07:27:44','Test Administrator - No 1',2,'Master Data',''),(23943,'2018-08-16 07:27:50','Test Administrator - No 1',2,'Items',''),(23944,'2018-08-16 07:28:19','Test Administrator - No 1',2,'Add Item',''),(23945,'2018-08-16 07:28:45','Test Administrator - No 1',2,'Items',''),(23946,'2018-08-16 07:29:14','Test Administrator - No 1',2,'Master Data',''),(23947,'2018-08-16 07:29:31','Test Administrator - No 1',1,'Model Field','Model ID : 49,Field ID : 4'),(23948,'2018-08-16 07:30:09','Test Administrator - No 1',3,'Select Model Field Values',''),(23949,'2018-08-16 07:31:12','Test Administrator - No 1',2,'Master Data',''),(23950,'2018-08-16 07:32:43','Test Administrator - No 1',2,'Master Data',''),(23951,'2018-08-16 07:32:48','Test Administrator - No 1',2,'Item Images',''),(23952,'2018-08-16 07:32:54','Test Administrator - No 1',2,'Master Data',''),(23953,'2018-08-16 07:33:12','Test Administrator - No 1',2,'Master Data',''),(23954,'2018-08-16 07:36:43','Test Administrator - No 1',2,'Model','Model ID:1'),(23955,'2018-08-16 07:37:47','Test Administrator - No 1',2,'Item Images',''),(23956,'2018-08-16 07:45:16','Test Administrator - No 1',1,'Image Upload','File Name: 100794532019025.jpg'),(23957,'2018-08-16 07:45:28','Test Administrator - No 1',3,'Model Image','Model ID : 49'),(23958,'2018-08-16 07:45:29','Test Administrator - No 1',2,'Item Images',''),(23959,'2018-08-16 07:45:35','Test Administrator - No 1',2,'Item Images',''),(23960,'2018-08-16 07:45:41','Test Administrator - No 1',2,'Master Data',''),(23961,'2018-08-16 07:45:50','Test Administrator - No 1',11,'Model','Product ID:1'),(23962,'2018-08-16 07:46:33','Test Administrator - No 1',11,'Model','Product ID:1'),(23963,'2018-08-16 07:47:36','Test Administrator - No 1',11,'Model','Product ID:1'),(23964,'2018-08-16 07:48:02','Test Administrator - No 1',2,'Model','Model ID:3'),(23965,'2018-08-16 07:50:15','Test Administrator - No 1',1,'Model','Name: Test Model 2'),(23966,'2018-08-16 07:50:17','Test Administrator - No 1',2,'Master Data',''),(23967,'2018-08-16 07:50:42','Test Administrator - No 1',11,'Model','Product ID:1'),(23968,'2018-08-16 07:51:08','Test Administrator - No 1',11,'Model','Product ID:1'),(23969,'2018-08-16 07:51:25','Test Administrator - No 1',2,'Model','Model ID:50'),(23970,'2018-08-16 07:51:46','Test Administrator - No 1',2,'Master Data',''),(23971,'2018-08-16 07:52:02','Test Administrator - No 1',1,'Model Field','Model ID : 50,Field ID : 4'),(23972,'2018-08-16 07:52:15','Test Administrator - No 1',3,'Select Model Field Values',''),(23973,'2018-08-16 07:52:30','Test Administrator - No 1',2,'Master Data',''),(23974,'2018-08-16 07:53:38','Test Administrator - No 1',2,'Model','Model ID:50'),(23975,'2018-08-16 07:56:07','Test Administrator - No 1',2,'Master Data',''),(23976,'2018-08-16 07:56:15','Test Administrator - No 1',2,'Item Images',''),(23977,'2018-08-16 07:57:56','Test Administrator - No 1',1,'Image Upload','File Name: 295415459002720.jpg'),(23978,'2018-08-16 07:58:25','Test Administrator - No 1',3,'Model Image','Model ID : 50'),(23979,'2018-08-16 07:58:25','Test Administrator - No 1',2,'Item Images',''),(23980,'2018-08-16 07:58:44','Test Administrator - No 1',3,'Model Image','Model ID : 50'),(23981,'2018-08-16 07:58:44','Test Administrator - No 1',2,'Item Images',''),(23982,'2018-08-16 07:58:52','Test Administrator - No 1',2,'Item Images',''),(23983,'2018-08-16 07:58:59','Test Administrator - No 1',11,'Model','Product ID:1'),(23984,'2018-08-16 07:59:07','Test Administrator - No 1',2,'Model','Model ID:50'),(23985,'2018-08-16 08:36:28','Guest',11,'Model','Product ID:4'),(23986,'2018-08-16 08:36:44','Guest',2,'Shopping Cart',''),(23987,'2018-08-16 08:36:59','Guest',2,'Shopping Cart',''),(23988,'2018-08-16 08:37:13','Guest',2,'Shopping Cart',''),(23989,'2018-08-16 08:37:23','Guest',11,'Model','Product ID:4'),(23990,'2018-08-16 08:37:33','Guest',2,'Model','Model ID:4'),(23991,'2018-08-16 08:39:23','Guest',11,'Model','Product ID:4'),(23992,'2018-08-16 08:39:27','Guest',11,'Model','Product ID:4'),(23993,'2018-08-16 08:40:02','Guest',11,'Model','Product ID:4'),(23994,'2018-08-16 08:40:33','Guest',11,'Model','Product ID:4'),(23995,'2018-08-16 08:40:38','Guest',11,'Model','Product ID:4'),(23996,'2018-08-16 08:40:42','Guest',11,'Model','Product ID:4'),(23997,'2018-08-16 08:40:49','Guest',2,'Model','Model ID:4'),(23998,'2018-08-16 08:41:03','Guest',2,'Model','Model ID:4'),(23999,'2018-08-16 08:41:03','Guest',2,'Model','Model ID:4'),(24000,'2018-08-16 08:41:30','Guest',2,'Model','Model ID:4'),(24001,'2018-08-16 08:42:15','Guest',2,'Model','Model ID:4'),(24002,'2018-08-16 08:42:21','Guest',2,'Model','Model ID:4'),(24003,'2018-08-16 08:42:26','Guest',2,'Model','Model ID:4'),(24004,'2018-08-16 08:42:42','Guest',2,'Model','Model ID:4'),(24005,'2018-08-16 08:42:47','Guest',2,'Model','Model ID:4'),(24006,'2018-08-16 08:43:31','Guest',2,'Model','Model ID:4'),(24007,'2018-08-16 08:46:47','Test Administrator - No 1',3,'Model Image','Model ID : 50'),(24008,'2018-08-16 08:46:47','Test Administrator - No 1',2,'Item Images',''),(24009,'2018-08-16 08:46:47','Test Administrator - No 1',2,'Item Images',''),(24010,'2018-08-16 08:46:50','Guest',2,'Shopping Cart',''),(24011,'2018-08-16 08:47:25','Guest',2,'Shopping Cart',''),(24012,'2018-08-16 08:47:54','Guest',2,'Shopping Cart',''),(24013,'2018-08-16 08:48:58','Guest',2,'Shopping Cart',''),(24014,'2018-08-16 08:49:23','Guest',2,'Shopping Cart',''),(24015,'2018-08-16 08:49:36','Guest',2,'Order Process',''),(24016,'2018-08-16 08:50:05','Guest',8,'Customer','Customer ID:5'),(24017,'2018-08-16 08:50:07','Guest',2,'Order Process',''),(24018,'2018-08-16 08:50:11','Guest',2,'Prescription Process',''),(24019,'2018-08-16 08:50:32','Guest',1,'Image Upload','File Name: da5a04ea22395260fa35b7bc7fc33568.jpg'),(24020,'2018-08-16 08:50:35','Guest',2,'Shipping Details',''),(24021,'2018-08-16 08:50:41','Guest',2,'Order Confirmation',''),(24022,'2018-08-16 08:50:41','Guest',2,'Order Confirmation',''),(24023,'2018-08-16 08:50:42','Guest',2,'Order Confirmation',''),(24024,'2018-08-16 08:50:42','Guest',2,'Order Confirmation',''),(24025,'2018-08-16 08:50:42','Guest',2,'Order Confirmation',''),(24026,'2018-08-16 08:50:47','Guest',0,'','Customer Invoice'),(24027,'2018-08-16 08:50:47','Guest',0,'','Your Order Detail: ORD/1023'),(24028,'2018-08-16 08:50:47','Guest',1,'Order','Order ID:24'),(24029,'2018-08-16 09:23:27','Test Administrator - No 1',2,'Master Data',''),(24030,'2018-08-16 09:52:28','Test Administrator - No 1',8,'Login Success','Username: Test Administrator - No 1|IP: 112.134.3.63'),(24031,'2018-08-16 09:53:26','Test Administrator - No 1',5,'order_invoice','ID: 17'),(24032,'2018-08-16 09:53:33','Test Administrator - No 1',3,'order_invoice','ID: 17'),(24033,'2018-08-16 09:53:51','Test Administrator - No 1',2,'Items',''),(24034,'2018-08-16 09:53:56','Test Administrator - No 1',2,'Items',''),(24035,'2018-08-16 09:56:53','Test Administrator - No 1',2,'Items',''),(24036,'2018-08-16 09:56:57','Test Administrator - No 1',2,'Items',''),(24037,'2018-08-16 09:58:45','Test Administrator - No 1',2,'Items',''),(24038,'2018-08-16 09:58:47','Test Administrator - No 1',2,'Items',''),(24039,'2018-08-16 10:03:11','Test Administrator - No 1',2,'Items',''),(24040,'2018-08-16 10:16:51','Test Administrator - No 1',11,'Model','Product ID:4'),(24041,'2018-08-16 10:32:18','Test Administrator - No 1',11,'Model','Product ID:4'),(24042,'2018-08-16 10:32:28','Test Administrator - No 1',11,'Model','Product ID:4'),(24043,'2018-08-16 10:32:47','Test Administrator - No 1',11,'Model','Product ID:4'),(24044,'2018-08-16 10:32:53','Test Administrator - No 1',11,'Model','Product ID:4'),(24045,'2018-08-16 10:33:01','Test Administrator - No 1',11,'Model','Product ID:4'),(24046,'2018-08-16 10:33:15','Test Administrator - No 1',2,'Model','Model ID:4'),(24047,'2018-08-16 10:33:38','Test Administrator - No 1',2,'Item','Item ID:4'),(24048,'2018-08-16 10:34:06','Test Administrator - No 1',1,'Cart Item','Item ID:4'),(24049,'2018-08-16 10:34:08','Test Administrator - No 1',2,'Item','Item ID:4'),(24050,'2018-08-16 10:34:16','Test Administrator - No 1',11,'Model','Product ID:4'),(24051,'2018-08-16 10:34:23','Test Administrator - No 1',2,'Model','Model ID:46'),(24052,'2018-08-16 10:34:33','Test Administrator - No 1',11,'Model','Product ID:4'),(24053,'2018-08-16 10:35:00','Test Administrator - No 1',11,'Model','Product ID:1'),(24054,'2018-08-16 10:35:09','Test Administrator - No 1',2,'Model','Model ID:50'),(24055,'2018-08-16 10:35:18','Test Administrator - No 1',11,'Model','Product ID:4'),(24056,'2018-08-16 10:35:37','Test Administrator - No 1',2,'Model','Model ID:10'),(24057,'2018-08-16 10:36:23','Test Administrator - No 1',11,'Model','Product ID:4'),(24058,'2018-08-16 10:36:28','Test Administrator - No 1',2,'Model','Model ID:5'),(24059,'2018-08-16 10:36:38','Test Administrator - No 1',11,'Model','Product ID:4'),(24060,'2018-08-16 10:36:43','Test Administrator - No 1',2,'Model','Model ID:5'),(24061,'2018-08-16 10:37:00','Test Administrator - No 1',2,'Items',''),(24062,'2018-08-16 10:37:07','Test Administrator - No 1',2,'Items',''),(24063,'2018-08-16 10:38:10','Test Administrator - No 1',11,'Item',''),(24064,'2018-08-16 10:38:32','Test Administrator - No 1',1,'Grn','ID : 3'),(24065,'2018-08-16 10:38:32','Test Administrator - No 1',2,'Items',''),(24066,'2018-08-16 10:38:44','Test Administrator - No 1',2,'GRN',''),(24067,'2018-08-16 10:38:49','Test Administrator - No 1',11,'Item',''),(24068,'2018-08-16 10:39:09','Test Administrator - No 1',2,'Model','Model ID:5'),(24069,'2018-08-16 10:39:20','Test Administrator - No 1',11,'Model','Product ID:4'),(24070,'2018-08-16 10:39:42','Test Administrator - No 1',2,'GRN',''),(24071,'2018-08-16 10:39:47','Test Administrator - No 1',11,'Item',''),(24072,'2018-08-16 10:40:12','Test Administrator - No 1',2,'Model','Model ID:5'),(24073,'2018-08-16 10:40:55','Test Administrator - No 1',2,'GRN',''),(24074,'2018-08-16 10:41:00','Test Administrator - No 1',11,'Item',''),(24075,'2018-08-16 10:41:23','Test Administrator - No 1',2,'Items',''),(24076,'2018-08-16 10:41:27','Test Administrator - No 1',2,'Items',''),(24077,'2018-08-16 10:41:46','Test Administrator - No 1',11,'Item',''),(24078,'2018-08-16 10:42:12','Test Administrator - No 1',1,'Grn','ID : 4'),(24079,'2018-08-16 10:42:13','Test Administrator - No 1',2,'Items',''),(24080,'2018-08-16 10:42:21','Test Administrator - No 1',2,'GRN',''),(24081,'2018-08-16 10:42:25','Test Administrator - No 1',11,'Item',''),(24082,'2018-08-16 10:42:53','Test Administrator - No 1',11,'Model','Product ID:4'),(24083,'2018-08-16 10:42:58','Test Administrator - No 1',2,'Model','Model ID:5'),(24084,'2018-08-16 10:43:20','Test Administrator - No 1',2,'Model','Model ID:5'),(24085,'2018-08-16 11:02:48','Sulochana',8,'Login Success','Username: Sulochana|IP: 182.161.9.214'),(24086,'2018-08-16 11:03:16','Sulochana',2,'Items',''),(24087,'2018-08-16 11:03:24','Sulochana',2,'Items',''),(24088,'2018-08-16 11:08:03','Sulochana',2,'Items',''),(24089,'2018-08-16 11:09:23','Sulochana',2,'Items',''),(24090,'2018-08-16 11:11:11','Sulochana',2,'Items',''),(24091,'2018-08-16 11:11:21','Sulochana',2,'GRN',''),(24092,'2018-08-16 11:13:35','Sulochana',2,'GRN','ID : 1'),(24093,'2018-08-16 11:14:16','Sulochana',2,'GRN',''),(24094,'2018-08-16 11:14:22','Sulochana',2,'Items',''),(24095,'2018-08-16 11:14:44','Sulochana',2,'GRN',''),(24096,'2018-08-16 11:15:58','Sulochana',2,'GRN',''),(24097,'2018-08-16 11:16:15','Sulochana',2,'Items',''),(24098,'2018-08-16 11:19:24','Sulochana',2,'Items',''),(24099,'2018-08-16 11:19:45','Sulochana',2,'Items',''),(24100,'2018-08-16 11:23:18','Sulochana',2,'Items',''),(24101,'2018-08-16 11:23:27','Sulochana',2,'GRN','ID : 4'),(24102,'2018-08-16 11:23:39','Sulochana',2,'Items',''),(24103,'2018-08-16 11:23:48','Sulochana',2,'Items',''),(24104,'2018-08-16 11:25:49','Test Administrator - No 1',11,'Model','Product ID:1'),(24105,'2018-08-16 11:25:57','Test Administrator - No 1',2,'Model','Model ID:50'),(24106,'2018-08-16 11:26:39','Test Administrator - No 1',2,'Items',''),(24107,'2018-08-16 11:26:42','Test Administrator - No 1',2,'Items',''),(24108,'2018-08-16 11:27:56','Test Administrator - No 1',11,'Model','Product ID:1'),(24109,'2018-08-16 11:28:00','Test Administrator - No 1',2,'Model','Model ID:1'),(24110,'2018-08-16 11:28:03','Test Administrator - No 1',11,'Model','Product ID:1'),(24111,'2018-08-16 11:28:06','Test Administrator - No 1',2,'Model','Model ID:50'),(24112,'2018-08-16 11:29:59','Test Administrator - No 1',2,'Items',''),(24113,'2018-08-16 11:30:03','Test Administrator - No 1',2,'Items',''),(24114,'2018-08-16 11:30:09','Test Administrator - No 1',2,'Add Item',''),(24115,'2018-08-16 11:30:12','Test Administrator - No 1',2,'Items',''),(24116,'2018-08-16 11:30:19','Test Administrator - No 1',2,'Add Item',''),(24117,'2018-08-16 11:32:19','Test Administrator - No 1',2,'Add Item Next',''),(24118,'2018-08-16 11:35:19','Test Administrator - No 1',1,'Image Upload','File Name: 485171112997056.jpg'),(24119,'2018-08-16 11:35:25','Test Administrator - No 1',1,'Add Item','ID : 51'),(24120,'2018-08-16 11:35:26','Test Administrator - No 1',2,'Items',''),(24121,'2018-08-16 11:35:34','Test Administrator - No 1',2,'Model','Model ID:50'),(24122,'2018-08-16 11:35:41','Test Administrator - No 1',2,'Item','Item ID:4'),(24123,'2018-08-16 11:36:02','Test Administrator - No 1',2,'Model','Model ID:50'),(24124,'2018-08-16 11:36:17','Test Administrator - No 1',2,'Item','Item ID:4'),(24125,'2018-08-16 11:36:22','Test Administrator - No 1',2,'Model','Model ID:50'),(24126,'2018-08-16 11:36:30','Test Administrator - No 1',2,'Model','Model ID:50'),(24127,'2018-08-16 11:36:53','Test Administrator - No 1',2,'Add Item',''),(24128,'2018-08-16 11:37:02','Test Administrator - No 1',1,'Edit Item','ID : 51'),(24129,'2018-08-16 11:37:03','Test Administrator - No 1',2,'Items',''),(24130,'2018-08-16 11:37:10','Test Administrator - No 1',2,'Model','Model ID:50'),(24131,'2018-08-16 11:37:22','Sulochana',1,'Grn','ID : 5'),(24132,'2018-08-16 11:37:23','Sulochana',2,'Items',''),(24133,'2018-08-16 11:37:27','Test Administrator - No 1',2,'Model','Model ID:50'),(24134,'2018-08-16 11:37:33','Test Administrator - No 1',2,'Item','Item ID:4'),(24135,'2018-08-16 11:37:36','Test Administrator - No 1',2,'Model','Model ID:50'),(24136,'2018-08-16 11:37:40','Sulochana',5,'grn','ID: 4'),(24137,'2018-08-16 11:37:43','Sulochana',2,'Items',''),(24138,'2018-08-16 11:37:44','Test Administrator - No 1',2,'Items',''),(24139,'2018-08-16 11:37:49','Test Administrator - No 1',2,'Items',''),(24140,'2018-08-16 11:37:56','Sulochana',2,'Items',''),(24141,'2018-08-16 11:38:39','Test Administrator - No 1',1,'Grn','ID : 6'),(24142,'2018-08-16 11:38:39','Test Administrator - No 1',2,'Items',''),(24143,'2018-08-16 11:38:44','Test Administrator - No 1',2,'GRN',''),(24144,'2018-08-16 11:39:09','Test Administrator - No 1',2,'Model','Model ID:50'),(24145,'2018-08-16 11:39:24','Test Administrator - No 1',2,'Model','Model ID:50'),(24146,'2018-08-16 11:39:30','Test Administrator - No 1',2,'Item','Item ID:4'),(24147,'2018-08-16 11:39:32','Test Administrator - No 1',2,'Model','Model ID:50'),(24148,'2018-08-16 11:39:41','Test Administrator - No 1',2,'Model','Model ID:50'),(24149,'2018-08-16 11:40:42','Test Administrator - No 1',2,'Items',''),(24150,'2018-08-16 11:40:51','Test Administrator - No 1',2,'Items',''),(24151,'2018-08-16 11:40:57','Test Administrator - No 1',2,'Add Item',''),(24152,'2018-08-16 11:41:30','Sulochana',1,'Grn','ID : 7'),(24153,'2018-08-16 11:41:31','Sulochana',2,'Items',''),(24154,'2018-08-16 11:41:49','Test Administrator - No 1',2,'Items',''),(24155,'2018-08-16 11:41:58','Test Administrator - No 1',2,'Add Item',''),(24156,'2018-08-16 11:44:14','Test Administrator - No 1',2,'Items',''),(24157,'2018-08-16 11:44:29','Test Administrator - No 1',2,'Model','Model ID:50'),(24158,'2018-08-16 12:05:00','Test Administrator - No 1',2,'Items',''),(24159,'2018-08-16 12:43:09','Test Administrator - No 1',2,'Items',''),(24160,'2018-08-16 12:43:13','Test Administrator - No 1',2,'Add Item',''),(24161,'2018-08-16 12:44:16','Test Administrator - No 1',2,'Add Item',''),(24162,'2018-08-16 12:44:20','Test Administrator - No 1',2,'Items',''),(24163,'2018-08-16 12:44:26','Test Administrator - No 1',2,'Add Item',''),(24164,'2018-08-16 12:44:38','Test Administrator - No 1',2,'Add Item',''),(24165,'2018-08-16 12:45:44','Test Administrator - No 1',2,'Add Item',''),(24166,'2018-08-16 12:45:57','Test Administrator - No 1',2,'Add Item',''),(24167,'2018-08-16 12:46:05','Test Administrator - No 1',2,'Items',''),(24168,'2018-08-16 12:46:08','Test Administrator - No 1',2,'Add Item',''),(24169,'2018-08-16 12:48:14','Test Administrator - No 1',2,'Add Item',''),(24170,'2018-08-16 12:48:18','Test Administrator - No 1',2,'Add Item',''),(24171,'2018-08-16 12:48:28','Test Administrator - No 1',1,'Edit Item','ID : 13'),(24172,'2018-08-16 12:48:28','Test Administrator - No 1',2,'Items',''),(24173,'2018-08-16 12:48:39','Test Administrator - No 1',2,'Add Item',''),(24174,'2018-08-16 12:52:56','Test Administrator - No 1',2,'Add Item',''),(24175,'2018-08-16 12:53:07','Test Administrator - No 1',1,'Edit Item','ID : 9'),(24176,'2018-08-16 12:53:07','Test Administrator - No 1',2,'Items',''),(24177,'2018-08-16 12:53:15','Test Administrator - No 1',2,'Add Item',''),(24178,'2018-08-17 06:28:46','Test Administrator - No 1',8,'Login Success','Username: Test Administrator - No 1|IP: 112.134.6.149'),(24179,'2018-08-17 06:28:51','Test Administrator - No 1',2,'Items',''),(24180,'2018-08-17 06:29:00','Test Administrator - No 1',2,'Add Item',''),(24181,'2018-08-17 06:29:12','Test Administrator - No 1',1,'Edit Item','ID : 51'),(24182,'2018-08-17 06:29:13','Test Administrator - No 1',2,'Items',''),(24183,'2018-08-17 06:29:21','Test Administrator - No 1',2,'Add Item',''),(24184,'2018-08-17 06:32:29','Test Administrator - No 1',2,'Items',''),(24185,'2018-08-17 06:34:22','Test Administrator - No 1',2,'GRN',''),(24186,'2018-08-17 07:23:57','Test Administrator - No 1',2,'Items',''),(24187,'2018-08-17 07:24:00','Test Administrator - No 1',2,'GRN',''),(24188,'2018-08-17 07:25:58','Test Administrator - No 1',2,'GRN',''),(24189,'2018-08-17 07:25:58','Test Administrator - No 1',2,'GRN',''),(24190,'2018-08-17 07:25:59','Test Administrator - No 1',2,'GRN',''),(24191,'2018-08-17 07:25:59','Test Administrator - No 1',2,'GRN',''),(24192,'2018-08-17 07:25:59','Test Administrator - No 1',2,'GRN',''),(24193,'2018-08-17 07:25:59','Test Administrator - No 1',2,'GRN',''),(24194,'2018-08-17 07:25:59','Test Administrator - No 1',2,'GRN',''),(24195,'2018-08-17 07:25:59','Test Administrator - No 1',2,'GRN',''),(24196,'2018-08-17 07:26:00','Test Administrator - No 1',2,'GRN',''),(24197,'2018-08-17 07:26:00','Test Administrator - No 1',2,'GRN',''),(24198,'2018-08-17 07:26:00','Test Administrator - No 1',2,'GRN',''),(24199,'2018-08-17 07:26:00','Test Administrator - No 1',2,'GRN',''),(24200,'2018-08-17 07:26:00','Test Administrator - No 1',2,'GRN',''),(24201,'2018-08-17 07:26:01','Test Administrator - No 1',2,'GRN',''),(24202,'2018-08-17 07:26:01','Test Administrator - No 1',2,'GRN',''),(24203,'2018-08-20 06:42:03','Guest',2,'Model','Model ID:26'),(24204,'2018-08-20 06:42:35','Guest',11,'Model','Product ID:1'),(24205,'2018-08-20 06:42:53','Guest',2,'Model','Model ID:50'),(24206,'2018-08-20 06:43:11','Guest',11,'Model','Product ID:4'),(24207,'2018-08-20 06:43:19','Guest',2,'Model','Model ID:4'),(24208,'2018-08-20 06:43:25','Guest',2,'Item','Item ID:4'),(24209,'2018-08-20 06:43:31','Guest',1,'Cart Item','Item ID:4'),(24210,'2018-08-20 06:43:33','Guest',2,'Item','Item ID:4'),(24211,'2018-08-20 06:43:38','Guest',2,'Shopping Cart',''),(24212,'2018-08-20 06:43:45','Guest',2,'Order Process',''),(24213,'2018-08-20 06:43:59','Guest',8,'Customer','Customer ID:3'),(24214,'2018-08-20 06:44:02','Guest',2,'Order Process',''),(24215,'2018-08-20 06:44:07','Guest',2,'Prescription Process',''),(24216,'2018-08-20 06:51:42','Guest',1,'Image Upload','File Name: 13854d14f76dd4dce6279860d13bb626.png'),(24217,'2018-08-20 06:51:51','Guest',2,'Shipping Details',''),(24218,'2018-08-20 06:52:03','Guest',2,'Order Confirmation',''),(24219,'2018-08-20 06:52:04','Guest',2,'Order Confirmation',''),(24220,'2018-08-20 06:52:04','Guest',2,'Order Confirmation',''),(24221,'2018-08-20 06:52:05','Guest',2,'Order Confirmation',''),(24222,'2018-08-20 06:52:05','Guest',2,'Order Confirmation',''),(24223,'2018-08-20 06:54:38','Guest',0,'','Customer Invoice'),(24224,'2018-08-20 06:54:39','Guest',0,'','Your Order Detail: ORD/1024'),(24225,'2018-08-20 06:54:39','Guest',1,'Order','Order ID:25'),(24226,'2018-08-20 08:42:57','Sulochana',8,'Login Success','Username: Sulochana|IP: 182.161.4.33'),(24227,'2018-08-20 08:43:11','Sulochana',2,'Items',''),(24228,'2018-08-20 09:52:14','Guest',11,'Model','Product ID:1'),(24229,'2018-08-20 09:54:29','Guest',11,'Model','Product ID:1'),(24230,'2018-08-20 09:54:36','Guest',2,'Model','Model ID:50'),(24231,'2018-08-20 09:57:00','Guest',2,'Model','Model ID:1'),(24232,'2018-08-20 09:57:53','Guest',2,'Model','Model ID:40'),(24233,'2018-08-20 10:36:28','Guest',11,'Model','Product ID:4'),(24234,'2018-08-20 10:36:34','Guest',2,'Model','Model ID:4'),(24235,'2018-08-20 10:36:42','Guest',2,'Item','Item ID:4'),(24236,'2018-08-20 10:36:46','Guest',1,'Cart Item','Item ID:4'),(24237,'2018-08-20 10:36:50','Guest',2,'Item','Item ID:4'),(24238,'2018-08-20 10:36:57','Guest',2,'Shopping Cart',''),(24239,'2018-08-20 10:37:18','Guest',2,'Order Process',''),(24240,'2018-08-20 11:04:17','Test Administrator - No 1',8,'Login Success','Username: Test Administrator - No 1|IP: 112.134.3.176'),(24241,'2018-08-20 12:34:14','Guest',11,'Model','Product ID:1'),(24242,'2018-08-20 12:35:11','Guest',2,'Model','Model ID:1'),(24243,'2018-08-20 12:35:30','Guest',11,'Model','Product ID:1'),(24244,'2018-08-20 12:35:36','Guest',2,'Model','Model ID:2'),(24245,'2018-08-20 12:36:05','Guest',2,'Item','Item ID:46'),(24246,'2018-08-20 12:36:46','Guest',2,'Item','Item ID:36'),(24247,'2018-08-20 12:36:46','Guest',2,'Item','Item ID:36'),(24248,'2018-08-20 12:37:08','Guest',2,'Item','Item ID:43'),(24249,'2018-08-20 12:37:45','Guest',2,'Item','Item ID:39'),(24250,'2018-08-20 13:23:52','Guest',12,'Login Fail','Username: admin1|IP: 181.65.180.114'),(24251,'2018-08-20 13:24:19','Guest',12,'Login Fail','Username: admin1|IP: 181.65.180.114'),(24252,'2018-08-20 13:25:21','Guest',12,'Login Fail','Username: demo1|IP: 181.65.180.114'),(24253,'2018-08-20 13:26:04','Test Administrator - No 1',8,'Login Success','Username: Test Administrator - No 1|IP: 181.65.180.114'),(24254,'2018-08-20 13:26:22','Test Administrator - No 1',2,'Brands',''),(24255,'2018-08-22 13:27:26','Guest',11,'Model','Product ID:3'),(24256,'2018-08-27 11:59:33','Guest',2,'Item','Item ID:1'),(24257,'2018-08-28 11:47:25','Guest',12,'Login Fail','Username: admin|IP: 112.134.6.85'),(24258,'2018-08-28 11:47:34','Test Administrator - No 1',8,'Login Success','Username: Test Administrator - No 1|IP: 112.134.6.85'),(24259,'2018-08-28 11:47:41','Test Administrator - No 1',2,'Promotions',''),(24260,'2018-08-28 11:48:34','Test Administrator - No 1',1,'Promotion','ID: 2'),(24261,'2018-08-28 11:48:36','Test Administrator - No 1',2,'Promotions',''),(24262,'2018-08-28 11:49:38','Test Administrator - No 1',1,'Promotion','ID: 0'),(24263,'2018-08-28 11:49:40','Test Administrator - No 1',2,'Promotions',''),(24264,'2018-08-28 11:51:17','Test Administrator - No 1',2,'Promotions',''),(24265,'2018-08-28 11:53:24','Test Administrator - No 1',2,'Promotions',''),(24266,'2018-08-28 11:57:29','Guest',2,'Item','Item ID:51'),(24267,'2018-08-28 12:01:36','Guest',11,'Model','Product ID:1'),(24268,'2018-08-28 12:01:47','Administrator 2',8,'Login Success','Username: Administrator 2|IP: 112.134.6.85'),(24269,'2018-08-28 12:02:16','Administrator 2',2,'Model','Model ID:50'),(24270,'2018-08-28 12:03:13','Administrator 2',2,'Item','Item ID:2'),(24271,'2018-08-28 12:04:12','Administrator 2',2,'Items',''),(24272,'2018-08-28 12:04:59','Administrator 2',2,'Items',''),(24273,'2018-08-28 12:09:28','Administrator 2',1,'Grn','ID : 8'),(24274,'2018-08-28 12:09:29','Administrator 2',2,'Items',''),(24275,'2018-08-28 12:10:26','Administrator 2',2,'GRN','ID : 8'),(24276,'2018-08-28 12:32:14','Administrator 2',2,'Item','Item ID:2'),(24277,'2018-08-28 12:32:28','Administrator 2',2,'Item','Item ID:51'),(24278,'2018-08-28 12:32:35','Administrator 2',1,'Cart Item','Item ID:51'),(24279,'2018-08-28 12:32:40','Administrator 2',2,'Item','Item ID:51'),(24280,'2018-08-28 12:32:44','Administrator 2',2,'Shopping Cart',''),(24281,'2018-08-28 12:33:57','Administrator 2',2,'Order Process',''),(24282,'2018-08-28 12:34:48','Administrator 2',2,'Items',''),(24283,'2018-08-28 12:35:03','Administrator 2',2,'GRN','ID : 2'),(24284,'2018-08-28 12:35:13','Administrator 2',2,'Items',''),(24285,'2018-08-29 05:46:21','Administrator 2',8,'Login Success','Username: Administrator 2|IP: 112.134.7.111'),(24286,'2018-08-29 05:46:57','Administrator 2',2,'GRN',''),(24287,'2018-08-29 05:47:50','Administrator 2',2,'GRN',''),(24288,'2018-08-29 05:47:50','Administrator 2',2,'GRN',''),(24289,'2018-08-29 05:47:50','Administrator 2',2,'GRN',''),(24290,'2018-08-29 05:47:51','Administrator 2',2,'GRN',''),(24291,'2018-08-29 05:48:31','Administrator 2',2,'Items',''),(24292,'2018-08-29 05:48:35','Administrator 2',2,'Add Item',''),(24293,'2018-08-29 05:49:15','Administrator 2',2,'Items',''),(24294,'2018-08-29 05:49:20','Administrator 2',2,'GRN',''),(24295,'2018-08-29 05:56:40','Administrator 2',2,'Item','Item ID:1'),(24296,'2018-08-29 06:43:43','Guest',2,'Item','Item ID:2'),(24297,'2018-08-29 06:44:46','Guest',11,'Model','Product ID:1'),(24298,'2018-08-29 06:45:03','Guest',2,'Model','Model ID:1'),(24299,'2018-08-29 06:45:09','Guest',11,'Model','Product ID:1'),(24300,'2018-08-29 06:45:15','Guest',2,'Model','Model ID:29'),(24301,'2018-08-29 06:45:49','Guest',11,'Model','Product ID:1'),(24302,'2018-08-29 06:46:04','Guest',2,'Model','Model ID:32'),(24303,'2018-08-29 06:46:39','Guest',11,'Model','Product ID:1'),(24304,'2018-08-29 06:59:19','Guest',2,'Model','Model ID:2'),(24305,'2018-08-29 06:59:33','Guest',2,'Item','Item ID:2'),(24306,'2018-08-29 06:59:37','Guest',1,'Cart Item','Item ID:2'),(24307,'2018-08-29 06:59:41','Guest',2,'Item','Item ID:2'),(24308,'2018-08-29 06:59:47','Guest',11,'Model','Product ID:1'),(24309,'2018-08-29 06:59:50','Guest',2,'Model','Model ID:1'),(24310,'2018-08-29 07:00:28','Guest',2,'Item','Item ID:1'),(24311,'2018-08-29 07:00:43','Guest',2,'Shopping Cart',''),(24312,'2018-08-29 07:00:54','Guest',2,'Item','Item ID:1'),(24313,'2018-08-29 07:01:06','Guest',11,'Model','Product ID:2'),(24314,'2018-08-29 07:01:09','Guest',11,'Model','Product ID:1'),(24315,'2018-08-29 07:01:48','Guest',2,'Shopping Cart',''),(24316,'2018-08-29 07:02:10','Guest',11,'Model','Product ID:1'),(24317,'2018-08-29 07:02:21','Guest',2,'Model','Model ID:1'),(24318,'2018-08-29 07:04:50','Guest',2,'Item','Item ID:2'),(24319,'2018-08-29 07:06:32','Guest',2,'Item','Item ID:4'),(24320,'2018-08-29 07:06:33','Guest',2,'Item','Item ID:4'),(24321,'2018-08-29 07:06:33','Guest',2,'Item','Item ID:4'),(24322,'2018-08-29 07:09:22','Guest',2,'Item','Item ID:5'),(24323,'2018-08-29 07:14:18','Sulochana',8,'Login Success','Username: Sulochana|IP: 182.161.9.223'),(24324,'2018-08-29 07:14:29','Sulochana',2,'Items',''),(24325,'2018-08-29 07:14:33','Sulochana',2,'Item Images',''),(24326,'2018-08-29 12:02:36','Guest',2,'Item','Item ID:5'),(24327,'2018-08-29 12:04:30','Test Administrator - No 1',8,'Login Success','Username: Test Administrator - No 1|IP: 112.134.7.111'),(24328,'2018-08-29 12:04:40','Test Administrator - No 1',2,'Items',''),(24329,'2018-08-29 12:04:43','Test Administrator - No 1',2,'Items',''),(24330,'2018-08-29 12:05:07','Test Administrator - No 1',11,'Item',''),(24331,'2018-08-29 12:05:37','Test Administrator - No 1',1,'Grn','ID : 1'),(24332,'2018-08-29 12:05:37','Test Administrator - No 1',2,'Items',''),(24333,'2018-08-29 12:05:45','Test Administrator - No 1',2,'Items',''),(24334,'2018-08-29 12:06:04','Test Administrator - No 1',11,'Item',''),(24335,'2018-08-29 12:06:32','Test Administrator - No 1',1,'Grn','ID : 2'),(24336,'2018-08-29 12:06:32','Test Administrator - No 1',2,'Items',''),(24337,'2018-08-29 12:06:47','Test Administrator - No 1',11,'Model','Product ID:4'),(24338,'2018-08-29 12:06:52','Test Administrator - No 1',2,'Model','Model ID:4'),(24339,'2018-08-29 12:06:57','Test Administrator - No 1',2,'Item','Item ID:4'),(24340,'2018-08-29 12:07:03','Test Administrator - No 1',1,'Cart Item','Item ID:4'),(24341,'2018-08-29 12:07:06','Test Administrator - No 1',2,'Item','Item ID:4'),(24342,'2018-08-29 12:07:14','Test Administrator - No 1',2,'Shopping Cart',''),(24343,'2018-08-29 12:07:31','Test Administrator - No 1',2,'Shopping Cart',''),(24344,'2018-08-29 12:07:35','Test Administrator - No 1',2,'Order Process',''),(24345,'2018-08-29 12:07:51','Test Administrator - No 1',8,'Customer','Customer ID:5'),(24346,'2018-08-29 12:07:53','Test Administrator - No 1',2,'Order Process',''),(24347,'2018-08-29 12:07:59','Test Administrator - No 1',2,'Prescription Process',''),(24348,'2018-08-29 12:08:02','Test Administrator - No 1',2,'Shipping Details',''),(24349,'2018-08-29 12:08:08','Test Administrator - No 1',2,'Order Confirmation',''),(24350,'2018-08-29 12:08:09','Test Administrator - No 1',2,'Order Confirmation',''),(24351,'2018-08-29 12:08:09','Test Administrator - No 1',2,'Order Confirmation',''),(24352,'2018-08-29 12:08:09','Test Administrator - No 1',2,'Order Confirmation',''),(24353,'2018-08-29 12:08:10','Test Administrator - No 1',2,'Order Confirmation',''),(24354,'2018-08-29 12:08:53','Test Administrator - No 1',0,'','Customer Invoice'),(24355,'2018-08-29 12:08:53','Test Administrator - No 1',0,'','Your Order Detail: ORD/1000'),(24356,'2018-08-29 12:08:53','Test Administrator - No 1',1,'Order','Order ID:1'),(24357,'2018-08-29 12:09:28','Test Administrator - No 1',11,'Model','Product ID:4'),(24358,'2018-08-29 12:09:36','Test Administrator - No 1',2,'Model','Model ID:4'),(24359,'2018-08-29 12:09:40','Test Administrator - No 1',2,'Item','Item ID:4'),(24360,'2018-08-29 12:09:46','Test Administrator - No 1',1,'Cart Item','Item ID:4'),(24361,'2018-08-29 12:09:49','Test Administrator - No 1',2,'Item','Item ID:4'),(24362,'2018-08-29 12:09:56','Test Administrator - No 1',2,'Shopping Cart',''),(24363,'2018-08-29 12:10:00','Test Administrator - No 1',2,'Order Process',''),(24364,'2018-08-29 12:10:03','Test Administrator - No 1',2,'Prescription Process',''),(24365,'2018-08-29 12:10:06','Test Administrator - No 1',2,'Shipping Details',''),(24366,'2018-08-29 12:10:09','Test Administrator - No 1',2,'Order Confirmation',''),(24367,'2018-08-29 12:10:09','Test Administrator - No 1',2,'Order Confirmation',''),(24368,'2018-08-29 12:10:09','Test Administrator - No 1',2,'Order Confirmation',''),(24369,'2018-08-29 12:10:10','Test Administrator - No 1',2,'Order Confirmation',''),(24370,'2018-08-29 12:10:10','Test Administrator - No 1',2,'Order Confirmation',''),(24371,'2018-08-29 12:10:13','Test Administrator - No 1',0,'','Customer Invoice'),(24372,'2018-08-29 12:10:13','Test Administrator - No 1',0,'','Your Order Detail: ORD/1001'),(24373,'2018-08-29 12:10:13','Test Administrator - No 1',1,'Order','Order ID:2'),(24374,'2018-08-30 07:02:58','Test Administrator - No 1',8,'Login Success','Username: Test Administrator - No 1|IP: 112.135.6.230'),(24375,'2018-08-30 07:03:11','Test Administrator - No 1',2,'Items',''),(24376,'2018-08-30 07:03:18','Test Administrator - No 1',2,'Add Item',''),(24377,'2018-08-30 07:03:31','Test Administrator - No 1',2,'Add Item',''),(24378,'2018-08-30 07:56:27','Test Administrator - No 1',8,'Login Success','Username: Test Administrator - No 1|IP: 112.134.3.244'),(24379,'2018-08-30 07:56:35','Test Administrator - No 1',2,'Items',''),(24380,'2018-08-30 07:56:40','Test Administrator - No 1',2,'Items',''),(24381,'2018-08-30 07:56:59','Test Administrator - No 1',11,'Item',''),(24382,'2018-08-30 07:57:30','Test Administrator - No 1',1,'Grn','ID : 3'),(24383,'2018-08-30 07:57:30','Test Administrator - No 1',2,'Items',''),(24384,'2018-08-30 07:58:02','Test Administrator - No 1',11,'Model','Product ID:4'),(24385,'2018-08-30 07:58:11','Test Administrator - No 1',2,'Model','Model ID:4'),(24386,'2018-08-30 07:58:16','Test Administrator - No 1',2,'Item','Item ID:4'),(24387,'2018-08-30 07:58:22','Test Administrator - No 1',1,'Cart Item','Item ID:4'),(24388,'2018-08-30 07:58:46','Test Administrator - No 1',2,'Item','Item ID:4'),(24389,'2018-08-30 08:00:16','Guest',2,'Item','Item ID:4'),(24390,'2018-08-30 08:00:32','Guest',1,'Cart Item','Item ID:4'),(24391,'2018-08-30 08:00:38','Guest',2,'Item','Item ID:4'),(24392,'2018-08-30 08:00:55','Guest',2,'Item','Item ID:4'),(24393,'2018-08-30 08:01:37','Guest',1,'Cart Item','Item ID:4'),(24394,'2018-08-30 08:01:39','Guest',2,'Item','Item ID:4'),(24395,'2018-08-30 08:01:44','Guest',2,'Item','Item ID:10'),(24396,'2018-08-30 08:01:59','Guest',2,'Item','Item ID:10'),(24397,'2018-08-30 08:02:12','Test Administrator - No 1',8,'Login Success','Username: Test Administrator - No 1|IP: 112.134.3.244'),(24398,'2018-08-30 08:02:25','Test Administrator - No 1',2,'GRN',''),(24399,'2018-08-30 08:02:49','Test Administrator - No 1',2,'GRN',''),(24400,'2018-08-30 08:02:55','Test Administrator - No 1',11,'Item',''),(24401,'2018-08-30 08:03:13','Test Administrator - No 1',2,'Item','Item ID:10'),(24402,'2018-08-30 08:03:23','Test Administrator - No 1',1,'Cart Item','Item ID:10'),(24403,'2018-08-30 08:03:25','Test Administrator - No 1',2,'Item','Item ID:10'),(24404,'2018-08-30 08:03:31','Test Administrator - No 1',2,'Shopping Cart',''),(24405,'2018-08-30 08:03:47','Test Administrator - No 1',2,'Order Process',''),(24406,'2018-08-30 08:04:10','Test Administrator - No 1',8,'Customer','Customer ID:5'),(24407,'2018-08-30 08:04:12','Test Administrator - No 1',2,'Order Process',''),(24408,'2018-08-30 08:04:17','Test Administrator - No 1',2,'Prescription Process',''),(24409,'2018-08-30 08:04:20','Test Administrator - No 1',2,'Shipping Details',''),(24410,'2018-08-30 08:04:24','Test Administrator - No 1',2,'Order Confirmation',''),(24411,'2018-08-30 08:04:26','Test Administrator - No 1',2,'Order Confirmation',''),(24412,'2018-08-30 08:04:26','Test Administrator - No 1',2,'Order Confirmation',''),(24413,'2018-08-30 08:04:26','Test Administrator - No 1',2,'Order Confirmation',''),(24414,'2018-08-30 08:04:28','Test Administrator - No 1',2,'Order Confirmation',''),(24415,'2018-08-30 08:04:33','Test Administrator - No 1',0,'','Customer Invoice'),(24416,'2018-08-30 08:04:34','Test Administrator - No 1',0,'','Your Order Detail: ORD/1000'),(24417,'2018-08-30 08:04:34','Test Administrator - No 1',1,'Order','Order ID:1'),(24418,'2018-08-30 08:05:10','Test Administrator - No 1',11,'Model','Product ID:4'),(24419,'2018-08-30 08:05:13','Test Administrator - No 1',2,'Model','Model ID:4'),(24420,'2018-08-30 08:05:24','Test Administrator - No 1',2,'Item','Item ID:4'),(24421,'2018-08-30 10:35:08','Test Administrator - No 1',2,'Item','Item ID:4'),(24422,'2018-08-30 11:49:15','Test Administrator - No 1',2,'Item','Item ID:4'),(24423,'2018-08-30 11:50:02','Test Administrator - No 1',1,'Cart Item','Item ID:4'),(24424,'2018-08-30 11:50:05','Test Administrator - No 1',2,'Item','Item ID:4'),(24425,'2018-08-30 11:50:11','Test Administrator - No 1',2,'Item','Item ID:10'),(24426,'2018-08-30 11:50:22','Test Administrator - No 1',1,'Cart Item','Item ID:10'),(24427,'2018-08-30 11:50:25','Test Administrator - No 1',2,'Item','Item ID:10'),(24428,'2018-08-30 11:50:30','Test Administrator - No 1',2,'Shopping Cart',''),(24429,'2018-08-30 11:50:37','Test Administrator - No 1',2,'Order Process',''),(24430,'2018-08-30 11:50:44','Test Administrator - No 1',2,'Prescription Process',''),(24431,'2018-08-30 11:50:50','Test Administrator - No 1',2,'Shipping Details',''),(24432,'2018-08-30 11:50:55','Test Administrator - No 1',2,'Order Confirmation',''),(24433,'2018-08-30 11:50:56','Test Administrator - No 1',2,'Order Confirmation',''),(24434,'2018-08-30 11:50:56','Test Administrator - No 1',2,'Order Confirmation',''),(24435,'2018-08-30 11:50:56','Test Administrator - No 1',2,'Order Confirmation',''),(24436,'2018-08-30 11:50:56','Test Administrator - No 1',2,'Order Confirmation',''),(24437,'2018-08-30 11:51:00','Test Administrator - No 1',0,'','Customer Invoice'),(24438,'2018-08-30 11:51:00','Test Administrator - No 1',0,'','Your Order Detail: ORD/1001'),(24439,'2018-08-30 11:51:00','Test Administrator - No 1',1,'Order','Order ID:2'),(24440,'2018-08-30 11:52:34','Test Administrator - No 1',2,'GRN',''),(24441,'2018-08-30 11:52:44','Test Administrator - No 1',11,'Model','Product ID:4'),(24442,'2018-08-30 12:01:32','Test Administrator - No 1',2,'Promotions',''),(24443,'2018-08-30 12:01:52','Test Administrator - No 1',1,'Promotion','ID: 0'),(24444,'2018-08-30 12:01:53','Test Administrator - No 1',2,'Promotions',''),(24445,'2018-08-30 12:02:24','Test Administrator - No 1',1,'Promotion','ID: 0'),(24446,'2018-08-30 12:02:26','Test Administrator - No 1',2,'Promotions',''),(24447,'2018-08-30 12:04:20','Test Administrator - No 1',11,'Model','Product ID:4'),(24448,'2018-08-30 12:04:37','Test Administrator - No 1',2,'Model','Model ID:4'),(24449,'2018-08-30 12:04:42','Test Administrator - No 1',2,'Item','Item ID:4'),(24450,'2018-08-30 12:05:57','Test Administrator - No 1',2,'Items',''),(24451,'2018-08-30 12:06:00','Test Administrator - No 1',2,'Items',''),(24452,'2018-08-30 12:06:40','Test Administrator - No 1',1,'Grn','ID : 4'),(24453,'2018-08-30 12:06:41','Test Administrator - No 1',2,'Items',''),(24454,'2018-08-31 04:49:44','Test Administrator - No 1',8,'Login Success','Username: Test Administrator - No 1|IP: 112.134.7.130'),(24455,'2018-08-31 04:52:24','Test Administrator - No 1',2,'Items',''),(24456,'2018-08-31 04:52:36','Test Administrator - No 1',11,'Model','Product ID:4'),(24457,'2018-08-31 04:53:14','Test Administrator - No 1',2,'Items',''),(24458,'2018-08-31 04:53:31','Test Administrator - No 1',11,'Item',''),(24459,'2018-08-31 04:54:08','Test Administrator - No 1',11,'Item',''),(24460,'2018-08-31 04:54:41','Test Administrator - No 1',1,'Grn','ID : 5'),(24461,'2018-08-31 04:54:42','Test Administrator - No 1',2,'Items',''),(24462,'2018-08-31 04:55:42','Test Administrator - No 1',2,'Items',''),(24463,'2018-08-31 04:56:11','Test Administrator - No 1',11,'Item',''),(24464,'2018-08-31 04:56:36','Test Administrator - No 1',11,'Item',''),(24465,'2018-08-31 04:57:11','Test Administrator - No 1',1,'Grn','ID : 6'),(24466,'2018-08-31 04:57:12','Test Administrator - No 1',2,'Items',''),(24467,'2018-08-31 04:58:27','Test Administrator - No 1',11,'Model','Product ID:4'),(24468,'2018-08-31 04:58:31','Test Administrator - No 1',2,'Model','Model ID:4'),(24469,'2018-08-31 04:58:37','Test Administrator - No 1',2,'Item','Item ID:4'),(24470,'2018-08-31 04:59:01','Test Administrator - No 1',1,'Cart Item','Item ID:4'),(24471,'2018-08-31 04:59:04','Test Administrator - No 1',2,'Item','Item ID:4'),(24472,'2018-08-31 04:59:10','Test Administrator - No 1',2,'Item','Item ID:10'),(24473,'2018-08-31 04:59:24','Test Administrator - No 1',1,'Cart Item','Item ID:10'),(24474,'2018-08-31 04:59:26','Test Administrator - No 1',2,'Item','Item ID:10'),(24475,'2018-08-31 04:59:44','Test Administrator - No 1',2,'Shopping Cart',''),(24476,'2018-08-31 05:06:23','Test Administrator - No 1',2,'Shopping Cart',''),(24477,'2018-08-31 05:20:40','Test Administrator - No 1',2,'Order Process',''),(24478,'2018-08-31 08:06:29','Administrator 2',8,'Login Success','Username: Administrator 2|IP: 112.134.7.130'),(24479,'2018-08-31 08:38:50','Test Administrator - No 1',8,'Login Success','Username: Test Administrator - No 1|IP: 112.134.7.130'),(24480,'2018-08-31 09:36:41','Test Administrator - No 1',2,'Shopping Cart',''),(24481,'2018-08-31 09:36:47','Test Administrator - No 1',2,'Order Process',''),(24482,'2018-08-31 09:38:13','Test Administrator - No 1',8,'Customer','Customer ID:5'),(24483,'2018-08-31 09:38:16','Test Administrator - No 1',2,'Order Process',''),(24484,'2018-08-31 09:38:31','Test Administrator - No 1',2,'Prescription Process',''),(24485,'2018-08-31 09:38:39','Test Administrator - No 1',2,'Shipping Details',''),(24486,'2018-08-31 09:38:43','Test Administrator - No 1',2,'Order Confirmation',''),(24487,'2018-08-31 09:38:44','Test Administrator - No 1',2,'Order Confirmation',''),(24488,'2018-08-31 09:38:44','Test Administrator - No 1',2,'Order Confirmation',''),(24489,'2018-08-31 09:38:44','Test Administrator - No 1',2,'Order Confirmation',''),(24490,'2018-08-31 09:38:44','Test Administrator - No 1',2,'Order Confirmation',''),(24491,'2018-08-31 09:38:47','Test Administrator - No 1',0,'','Customer Order'),(24492,'2018-08-31 09:38:48','Test Administrator - No 1',0,'','Customer Invoice'),(24493,'2018-08-31 09:38:48','Test Administrator - No 1',1,'Order','Order ID:3'),(24494,'2018-08-31 09:42:23','Test Administrator - No 1',11,'Model','Product ID:4'),(24495,'2018-08-31 09:45:02','Test Administrator - No 1',2,'Model','Model ID:4'),(24496,'2018-08-31 09:45:09','Test Administrator - No 1',2,'Item','Item ID:4'),(24497,'2018-08-31 09:45:14','Test Administrator - No 1',1,'Cart Item','Item ID:4'),(24498,'2018-08-31 09:45:17','Test Administrator - No 1',2,'Item','Item ID:4'),(24499,'2018-08-31 09:45:21','Test Administrator - No 1',2,'Item','Item ID:10'),(24500,'2018-08-31 09:45:21','Test Administrator - No 1',2,'Item','Item ID:10'),(24501,'2018-08-31 09:45:27','Test Administrator - No 1',1,'Cart Item','Item ID:10'),(24502,'2018-08-31 09:45:29','Test Administrator - No 1',2,'Item','Item ID:10'),(24503,'2018-08-31 09:45:34','Test Administrator - No 1',2,'Shopping Cart',''),(24504,'2018-08-31 09:45:39','Test Administrator - No 1',2,'Order Process',''),(24505,'2018-08-31 09:45:42','Test Administrator - No 1',2,'Prescription Process',''),(24506,'2018-08-31 09:45:45','Test Administrator - No 1',2,'Shipping Details',''),(24507,'2018-08-31 09:45:49','Test Administrator - No 1',2,'Order Confirmation',''),(24508,'2018-08-31 09:45:50','Test Administrator - No 1',2,'Order Confirmation',''),(24509,'2018-08-31 09:45:50','Test Administrator - No 1',2,'Order Confirmation',''),(24510,'2018-08-31 09:45:50','Test Administrator - No 1',2,'Order Confirmation',''),(24511,'2018-08-31 09:45:50','Test Administrator - No 1',2,'Order Confirmation',''),(24512,'2018-08-31 09:45:52','Test Administrator - No 1',0,'','Customer Invoice - '),(24513,'2018-08-31 09:45:52','Test Administrator - No 1',0,'','Customer Order - ORD / 1003'),(24514,'2018-08-31 09:45:52','Test Administrator - No 1',1,'Order','Order ID:4'),(24515,'2018-08-31 11:47:58','Test Administrator - No 1',8,'Login Success','Username: Test Administrator - No 1|IP: 112.134.7.130'),(24516,'2018-08-31 12:05:58','Administrator 2',8,'Login Success','Username: Administrator 2|IP: 112.134.7.130'),(24517,'2018-08-31 15:49:46','Test Administrator - No 1',8,'Login Success','Username: Test Administrator - No 1|IP: 123.231.124.204'),(24518,'2018-09-03 06:39:19','Guest',2,'Item','Item ID:5'),(24519,'2018-09-03 06:39:32','Guest',2,'Item','Item ID:1'),(24520,'2018-09-03 07:07:51','Guest',2,'Item','Item ID:9'),(24521,'2018-09-03 07:08:37','Guest',2,'Item','Item ID:38'),(24522,'2018-09-03 07:09:58','Guest',2,'Item','Item ID:9'),(24523,'2018-09-03 07:22:28','Test Administrator - No 1',8,'Login Success','Username: Test Administrator - No 1|IP: 112.134.7.154'),(24524,'2018-09-03 07:22:42','Test Administrator - No 1',2,'Items',''),(24525,'2018-09-03 07:22:52','Test Administrator - No 1',2,'Add Item',''),(24526,'2018-09-03 07:22:58','Test Administrator - No 1',2,'Items',''),(24527,'2018-09-03 07:23:03','Test Administrator - No 1',2,'Item Images',''),(24528,'2018-09-03 07:29:27','Test Administrator - No 1',1,'Image Upload','File Name: 306166463472654.jpg'),(24529,'2018-09-03 07:29:36','Test Administrator - No 1',3,'Item Images','Item ID : 51'),(24530,'2018-09-03 07:29:37','Test Administrator - No 1',2,'Item Images',''),(24531,'2018-09-03 07:30:10','Test Administrator - No 1',3,'Item Images','Item ID : 51'),(24532,'2018-09-03 07:30:11','Test Administrator - No 1',2,'Item Images',''),(24533,'2018-09-03 09:07:15','Guest',2,'Item','Item ID:51'),(24534,'2018-09-03 09:07:55','Guest',2,'Item','Item ID:2'),(24535,'2018-09-03 09:08:07','Guest',2,'Item','Item ID:9'),(24536,'2018-09-03 09:51:00','Guest',2,'Item','Item ID:51'),(24537,'2018-09-03 09:51:22','Guest',1,'Cart Item','Item ID:51'),(24538,'2018-09-03 09:51:29','Guest',2,'Item','Item ID:51'),(24539,'2018-09-03 09:53:21','Guest',2,'Item','Item ID:5'),(24540,'2018-09-03 09:53:34','Guest',2,'Item','Item ID:51'),(24541,'2018-09-03 10:18:33','Test Administrator - No 1',2,'Item','Item ID:5'),(24542,'2018-09-03 10:50:52','Guest',2,'Item','Item ID:2'),(24543,'2018-09-03 10:51:18','Guest',2,'Item','Item ID:51'),(24544,'2018-09-03 10:51:43','Test Administrator - No 1',2,'Item','Item ID:10'),(24545,'2018-09-03 10:51:43','Test Administrator - No 1',2,'Item','Item ID:10'),(24546,'2018-09-03 10:51:47','Guest',2,'Item','Item ID:51'),(24547,'2018-09-03 10:51:49','Test Administrator - No 1',2,'Item','Item ID:1'),(24548,'2018-09-03 10:52:15','Guest',2,'Item','Item ID:51'),(24549,'2018-09-03 10:52:22','Test Administrator - No 1',2,'Item','Item ID:10'),(24550,'2018-09-03 10:52:29','Test Administrator - No 1',2,'Item','Item ID:5'),(24551,'2018-09-03 10:52:34','Guest',2,'Item','Item ID:51'),(24552,'2018-09-03 10:52:53','Test Administrator - No 1',2,'Item','Item ID:51'),(24553,'2018-09-03 10:53:49','Test Administrator - No 1',2,'Item','Item ID:51'),(24554,'2018-09-03 11:05:05','Test Administrator - No 1',2,'Item','Item ID:51'),(24555,'2018-09-03 11:05:11','Test Administrator - No 1',2,'Item','Item ID:44'),(24556,'2018-09-03 11:20:50','Test Administrator - No 1',2,'Item','Item ID:44'),(24557,'2018-09-03 11:20:58','Test Administrator - No 1',2,'Item','Item ID:51'),(24558,'2018-09-03 11:21:42','Guest',2,'Item','Item ID:1'),(24559,'2018-09-03 11:21:42','Guest',2,'Item','Item ID:1'),(24560,'2018-09-03 11:22:15','Guest',2,'Item','Item ID:5'),(24561,'2018-09-03 11:25:20','Sulochana',8,'Login Success','Username: Sulochana|IP: 111.223.151.44'),(24562,'2018-09-03 11:32:04','Sulochana',2,'Items',''),(24563,'2018-09-03 11:32:17','Sulochana',2,'Items',''),(24564,'2018-09-03 11:32:43','Sulochana',2,'GRN','ID : 3'),(24565,'2018-09-03 11:33:06','Sulochana',2,'Items',''),(24566,'2018-09-03 11:33:24','Sulochana',2,'GRN','ID : 5'),(24567,'2018-09-03 11:33:32','Sulochana',2,'Items',''),(24568,'2018-09-03 11:33:35','Sulochana',2,'GRN','ID : 2'),(24569,'2018-09-03 11:33:39','Sulochana',2,'Items',''),(24570,'2018-09-03 11:33:43','Sulochana',2,'GRN','ID : 1'),(24571,'2018-09-03 11:33:47','Sulochana',2,'Items',''),(24572,'2018-09-03 11:33:51','Sulochana',2,'GRN','ID : 5'),(24573,'2018-09-03 11:34:47','Sulochana',2,'Items',''),(24574,'2018-09-03 11:34:52','Sulochana',2,'Items',''),(24575,'2018-09-03 11:41:03','Sulochana',11,'Model','Product ID:4'),(24576,'2018-09-03 11:41:16','Sulochana',2,'Model','Model ID:48'),(24577,'2018-09-03 11:41:31','Sulochana',2,'Model','Model ID:48'),(24578,'2018-09-03 11:41:38','Sulochana',11,'Model','Product ID:4'),(24579,'2018-09-03 11:41:43','Sulochana',2,'Model','Model ID:42'),(24580,'2018-09-03 11:42:22','Sulochana',2,'Item','Item ID:1'),(24581,'2018-09-03 11:42:41','Sulochana',2,'Model','Model ID:42'),(24582,'2018-09-03 11:42:47','Sulochana',2,'Item','Item ID:11'),(24583,'2018-09-04 08:02:07','Test Administrator - No 1',8,'Login Success','Username: Test Administrator - No 1|IP: 112.134.4.10'),(24584,'2018-09-04 11:00:57','Sulochana',8,'Login Success','Username: Sulochana|IP: 111.223.151.17'),(24585,'2018-09-04 11:01:08','Sulochana',2,'Items',''),(24586,'2018-09-04 11:01:09','Sulochana',2,'Items',''),(24587,'2018-09-04 11:01:24','Sulochana',2,'Item Images',''),(24588,'2018-09-04 11:02:04','Sulochana',1,'Image Upload','File Name: 283087330475224.jpg'),(24589,'2018-09-04 11:02:15','Sulochana',3,'Item Images','Item ID : 24'),(24590,'2018-09-04 11:02:16','Sulochana',2,'Item Images',''),(24591,'2018-09-04 11:02:30','Sulochana',11,'Model','Product ID:2'),(24592,'2018-09-04 11:02:36','Sulochana',11,'Model','Product ID:4'),(24593,'2018-09-04 11:04:06','Sulochana',11,'Model','Product ID:4'),(24594,'2018-09-04 11:04:10','Sulochana',11,'Model','Product ID:1'),(24595,'2018-09-04 11:04:29','Sulochana',2,'Model','Model ID:26'),(24596,'2018-09-04 11:04:40','Sulochana',2,'Model','Model ID:26'),(24597,'2018-09-04 11:04:47','Sulochana',2,'Item Images',''),(24598,'2018-09-04 11:05:03','Sulochana',2,'Items',''),(24599,'2018-09-04 11:05:08','Sulochana',2,'Items',''),(24600,'2018-09-04 11:05:50','Sulochana',11,'Model','Product ID:1'),(24601,'2018-09-04 11:08:13','Sulochana',1,'Grn','ID : 7'),(24602,'2018-09-04 11:08:14','Sulochana',11,'Model','Product ID:1'),(24603,'2018-09-04 11:08:27','Sulochana',2,'Model','Model ID:26'),(24604,'2018-09-04 11:08:29','Sulochana',2,'Model','Model ID:26'),(24605,'2018-09-04 11:08:29','Sulochana',2,'Model','Model ID:26'),(24606,'2018-09-04 11:08:31','Sulochana',2,'Model','Model ID:26'),(24607,'2018-09-04 11:08:32','Sulochana',2,'Model','Model ID:26'),(24608,'2018-09-04 11:08:34','Sulochana',2,'Model','Model ID:26'),(24609,'2018-09-04 11:08:48','Sulochana',2,'Model','Model ID:26'),(24610,'2018-09-04 11:08:55','Sulochana',2,'Items',''),(24611,'2018-09-04 11:27:00','Sulochana',2,'Items',''),(24612,'2018-09-04 11:27:09','Sulochana',2,'Master Data',''),(24613,'2018-09-04 11:27:28','Sulochana',2,'Master Data',''),(24614,'2018-09-04 11:27:51','Sulochana',2,'Master Data',''),(24615,'2018-09-04 11:28:32','Sulochana',2,'Item Images',''),(24616,'2018-09-04 11:28:59','Sulochana',1,'Image Upload','File Name: 523109939914184.jpg'),(24617,'2018-09-04 11:29:10','Sulochana',3,'Model Image','Model ID : 26'),(24618,'2018-09-04 11:29:11','Sulochana',2,'Item Images',''),(24619,'2018-09-04 11:29:18','Sulochana',2,'Model','Model ID:26'),(24620,'2018-09-04 11:29:36','Sulochana',2,'Item','Item ID:1'),(24621,'2018-09-05 02:34:00','Guest',2,'Item','Item ID:1');
/*!40000 ALTER TABLE `audittrail` ENABLE KEYS */;
UNLOCK TABLES;

--
-- Table structure for table `branch`
--

DROP TABLE IF EXISTS `branch`;
/*!40101 SET @saved_cs_client     = @@character_set_client */;
/*!40101 SET character_set_client = utf8 */;
CREATE TABLE `branch` (
  `id` int(11) NOT NULL AUTO_INCREMENT,
  `name` varchar(100) NOT NULL,
  `address1` varchar(100) DEFAULT NULL,
  `address2` varchar(100) DEFAULT NULL,
  `city` varchar(45) DEFAULT NULL,
  `telephone` varchar(15) NOT NULL,
  `email` varchar(45) NOT NULL,
  `Latitude` decimal(10,8) DEFAULT NULL,
  `Longitude` decimal(11,8) DEFAULT NULL,
  `enabled` tinyint(1) NOT NULL DEFAULT '1',
  `created_by` int(11) DEFAULT NULL,
  `created_on` datetime DEFAULT NULL,
  `lastupdated_by` tinyint(1) DEFAULT NULL,
  `lastupdated_on` datetime DEFAULT NULL,
  PRIMARY KEY (`id`)
) ENGINE=MyISAM AUTO_INCREMENT=3 DEFAULT CHARSET=utf8;
/*!40101 SET character_set_client = @saved_cs_client */;

--
-- Dumping data for table `branch`
--

LOCK TABLES `branch` WRITE;
/*!40000 ALTER TABLE `branch` DISABLE KEYS */;
INSERT INTO `branch` VALUES (1,'br name','address 1','address 2','Colombo ','545445','shamm@email.pqr',85.00000000,85.00000000,1,1,'2018-01-18 04:16:38',1,'2018-01-18 04:16:38'),(2,'Online Store','Online','Online','Factory Location','00000000','stores@eyewear.lk',0.00000000,0.00000000,1,2,'2018-04-05 09:09:24',2,'2018-04-05 09:09:24');
/*!40000 ALTER TABLE `branch` ENABLE KEYS */;
UNLOCK TABLES;

--
-- Table structure for table `brand`
--

DROP TABLE IF EXISTS `brand`;
/*!40101 SET @saved_cs_client     = @@character_set_client */;
/*!40101 SET character_set_client = utf8 */;
CREATE TABLE `brand` (
  `id` int(11) NOT NULL AUTO_INCREMENT,
  `name` varchar(150) NOT NULL,
  `logo_image` varchar(255) DEFAULT NULL,
  `enabled` tinyint(1) NOT NULL DEFAULT '0',
  `created_by` int(11) NOT NULL DEFAULT '0',
  `created_on` datetime NOT NULL,
  `lastupdated_by` int(11) NOT NULL DEFAULT '0',
  `lastupdated_on` datetime NOT NULL,
  PRIMARY KEY (`id`)
) ENGINE=InnoDB AUTO_INCREMENT=5 DEFAULT CHARSET=utf8;
/*!40101 SET character_set_client = @saved_cs_client */;

--
-- Dumping data for table `brand`
--

LOCK TABLES `brand` WRITE;
/*!40000 ALTER TABLE `brand` DISABLE KEYS */;
INSERT INTO `brand` VALUES (1,'Ray Ban','2d4b22d20ce3434ae0203b92bd82c773.jpg',1,1,'2018-01-17 03:41:20',1,'2018-06-07 09:36:54'),(2,'CARTILO','cc4482786a21eec7f6fdf65dc077465b.jpg',1,1,'2018-01-17 02:52:08',1,'2018-06-07 09:38:32'),(3,'adlib','725c497712ccd42ca6d8d7b8b9cf0ca3.jpg',1,1,'2018-06-07 09:39:14',1,'2018-06-07 09:39:14'),(4,'ESPRIT','abf98257adaf1ea2cb003de3f29722cf.jpg',1,5,'2018-06-07 01:53:39',5,'2018-06-07 01:53:39');
/*!40000 ALTER TABLE `brand` ENABLE KEYS */;
UNLOCK TABLES;

--
-- Table structure for table `category`
--

DROP TABLE IF EXISTS `category`;
/*!40101 SET @saved_cs_client     = @@character_set_client */;
/*!40101 SET character_set_client = utf8 */;
CREATE TABLE `category` (
  `id` int(11) NOT NULL AUTO_INCREMENT,
  `name` varchar(100) NOT NULL,
  `description` text,
  `parent_category_id` int(11) DEFAULT NULL,
  `enabled` tinyint(1) NOT NULL DEFAULT '1',
  `created_by` int(11) DEFAULT '0',
  `created_on` datetime DEFAULT NULL,
  `lastupdated_by` int(11) DEFAULT '0',
  `lastupdated_on` datetime DEFAULT NULL,
  PRIMARY KEY (`id`)
) ENGINE=InnoDB AUTO_INCREMENT=10 DEFAULT CHARSET=latin1;
/*!40101 SET character_set_client = @saved_cs_client */;

--
-- Dumping data for table `category`
--

LOCK TABLES `category` WRITE;
/*!40000 ALTER TABLE `category` DISABLE KEYS */;
INSERT INTO `category` VALUES (1,'Parent 1','desc',0,1,2,'2018-04-03 06:07:46',2,'2018-04-03 06:07:46'),(2,'Parent 2','da fas ',0,1,2,'2018-04-03 06:07:59',2,'2018-04-03 06:07:59'),(3,'Parent 3','dagasg ',0,1,2,'2018-04-03 06:08:11',2,'2018-04-03 06:08:11'),(4,'BRANDED ','fdagfd ',1,1,2,'2018-04-03 06:08:25',5,'2018-07-31 04:26:49'),(5,'UNBRANDED','afa sfa',1,1,2,'2018-04-03 06:08:41',5,'2018-07-31 04:28:01'),(6,'Sub 3','asfa',2,1,2,'2018-04-03 06:08:53',2,'2018-04-03 06:08:53'),(7,'Sub 4','das d',2,1,2,'2018-04-03 06:09:07',2,'2018-04-03 06:09:07'),(8,'Sub 5','sdafsa',3,1,2,'2018-04-03 06:09:23',2,'2018-04-03 06:09:23'),(9,'Sub 6','dasda',3,1,2,'2018-04-03 06:09:39',2,'2018-04-03 06:09:39');
/*!40000 ALTER TABLE `category` ENABLE KEYS */;
UNLOCK TABLES;

--
-- Table structure for table `colors`
--

DROP TABLE IF EXISTS `colors`;
/*!40101 SET @saved_cs_client     = @@character_set_client */;
/*!40101 SET character_set_client = utf8 */;
CREATE TABLE `colors` (
  `id` int(11) NOT NULL AUTO_INCREMENT,
  `name` varchar(45) NOT NULL,
  `color` varchar(50) NOT NULL,
  `shade` varchar(20) DEFAULT NULL,
  `style` enum('SOLID','GRADIENT','TEXTURE','SEPERATE') DEFAULT NULL,
  `enabled` tinyint(1) NOT NULL DEFAULT '1',
  `created_by` int(11) DEFAULT NULL,
  `created_on` datetime DEFAULT NULL,
  `lastupdated_by` int(11) DEFAULT NULL,
  `lastupdated_on` datetime DEFAULT NULL,
  PRIMARY KEY (`id`)
) ENGINE=InnoDB AUTO_INCREMENT=2 DEFAULT CHARSET=latin1;
/*!40101 SET character_set_client = @saved_cs_client */;

--
-- Dumping data for table `colors`
--

LOCK TABLES `colors` WRITE;
/*!40000 ALTER TABLE `colors` DISABLE KEYS */;
INSERT INTO `colors` VALUES (1,'Color 01','#cebbbb','Shade 01','TEXTURE',1,1,'2018-01-26 01:57:23',1,'2018-01-26 01:58:29');
/*!40000 ALTER TABLE `colors` ENABLE KEYS */;
UNLOCK TABLES;

--
-- Table structure for table `country`
--

DROP TABLE IF EXISTS `country`;
/*!40101 SET @saved_cs_client     = @@character_set_client */;
/*!40101 SET character_set_client = utf8 */;
CREATE TABLE `country` (
  `id` int(11) NOT NULL AUTO_INCREMENT,
  `name` varchar(150) NOT NULL,
  `flag_image` varchar(255) DEFAULT NULL,
  `enabled` tinyint(1) NOT NULL DEFAULT '0',
  `created_by` int(11) NOT NULL DEFAULT '0',
  `created_on` datetime NOT NULL,
  `lastupdated_by` int(11) NOT NULL DEFAULT '0',
  `lastupdated_on` datetime NOT NULL,
  PRIMARY KEY (`id`)
) ENGINE=InnoDB DEFAULT CHARSET=utf8;
/*!40101 SET character_set_client = @saved_cs_client */;

--
-- Dumping data for table `country`
--

LOCK TABLES `country` WRITE;
/*!40000 ALTER TABLE `country` DISABLE KEYS */;
/*!40000 ALTER TABLE `country` ENABLE KEYS */;
UNLOCK TABLES;

--
-- Table structure for table `currency`
--

DROP TABLE IF EXISTS `currency`;
/*!40101 SET @saved_cs_client     = @@character_set_client */;
/*!40101 SET character_set_client = utf8 */;
CREATE TABLE `currency` (
  `id` int(11) NOT NULL AUTO_INCREMENT,
  `name` varchar(100) NOT NULL,
  `symbol` varchar(4) NOT NULL,
  `iso_code` varchar(5) NOT NULL,
  `enable` tinyint(1) NOT NULL DEFAULT '1',
  `lastupdated_by` int(11) NOT NULL,
  `lastupdated_on` datetime NOT NULL,
  `created_by` int(11) NOT NULL,
  `created_date` datetime NOT NULL,
  PRIMARY KEY (`id`)
) ENGINE=InnoDB DEFAULT CHARSET=utf8;
/*!40101 SET character_set_client = @saved_cs_client */;

--
-- Dumping data for table `currency`
--

LOCK TABLES `currency` WRITE;
/*!40000 ALTER TABLE `currency` DISABLE KEYS */;
/*!40000 ALTER TABLE `currency` ENABLE KEYS */;
UNLOCK TABLES;

--
-- Table structure for table `customer`
--

DROP TABLE IF EXISTS `customer`;
/*!40101 SET @saved_cs_client     = @@character_set_client */;
/*!40101 SET character_set_client = utf8 */;
CREATE TABLE `customer` (
  `id` int(11) NOT NULL AUTO_INCREMENT,
  `email` varchar(45) NOT NULL,
  `password` varchar(255) NOT NULL,
  `first_name` varchar(45) NOT NULL,
  `last_name` varchar(45) NOT NULL,
  `gov_id` varchar(45) NOT NULL,
  `gov_id_type` enum('GOV_ID','PASSPORT','DRIVING_LICENSE','BUSINESS_ID','OTHER') NOT NULL DEFAULT 'OTHER',
  `address` varchar(45) NOT NULL,
  `city` varchar(45) NOT NULL,
  `country` varchar(45) NOT NULL,
  `land_phone` varchar(45) NOT NULL,
  `mobile_phone` varchar(45) NOT NULL,
  `enabled` tinyint(1) NOT NULL DEFAULT '1',
  `created_by` int(11) NOT NULL DEFAULT '0',
  `created_on` datetime NOT NULL,
  `lastupdated_by` int(11) NOT NULL DEFAULT '0',
  `lastupdated_on` datetime NOT NULL,
  PRIMARY KEY (`id`),
  UNIQUE KEY `email_UNIQUE` (`email`)
) ENGINE=InnoDB AUTO_INCREMENT=7 DEFAULT CHARSET=utf8;
/*!40101 SET character_set_client = @saved_cs_client */;

--
-- Dumping data for table `customer`
--

LOCK TABLES `customer` WRITE;
/*!40000 ALTER TABLE `customer` DISABLE KEYS */;
INSERT INTO `customer` VALUES (1,'test1@mail.com','$2y$10$2xTw6S8JqY1JWVdOwR8z8OBePvOflhybqx1zrQ/acK/xVxK6c0ufq','dasd','dasda','dasd','GOV_ID','dasda','dasda','dsaa','dasda','dasd',1,0,'2018-05-18 05:36:25',0,'2018-05-18 05:36:25'),(2,'user2@smartedesigners.net','$2y$10$vk4Tp77W8a/tWYFn1K/v2umf.J1HGs42UMXkELkBEB.zoAU7vtuyy','Test ','User 2','123456','PASSPORT','10','Colombo','Sri Lanaka','123456','123456',1,0,'2018-05-18 05:50:11',0,'2018-05-18 05:50:11'),(3,'user1@smartedesigners.net','$2y$10$8PxiL9255uUuAXAvkRA14uRXLtbEd0jWFIfZfhhsGorbAHeUOf4uy','User','One','646646','PASSPORT','No ','Colombo','India','044478547','077458745',1,0,'2018-07-31 11:01:33',0,'2018-07-31 11:01:33'),(4,'tksulochanak@gmail.com','$2y$10$XNsLnma2Eioj9vBiLH83QeOHbXjYrMXRXzq2gjMF7kwXnvLrB3ibS','Tanoj','Sulochana','813013762V','GOV_ID','3/64B, Siyambalagoda, Polgasowita','polgasowita','Sri Lanka','0114375805','+94771819162',1,0,'2018-08-03 02:17:39',0,'2018-08-03 02:17:39'),(5,'user3@smartedesigners.net','$2y$10$bxS3L3/qcBDEm7U1LQQ/X.y9EaDx1dqb57gbqT.IU9kZOvNvMu6.G','User','Two','515485484','GOV_ID','180, Maligakanda road','Colombo 10','Sri lanka','0156484','65656',1,0,'2018-08-06 05:52:00',0,'2018-08-06 05:52:00'),(6,'admin@rassloff.info','$2y$10$.y/g3tFBd4G11d92IwUTQO01AgeauogYPIrVbn.WnPSEDDO9x.wLm','Thomas','Rassloff','1234567890','PASSPORT','Scharnweberstr.2','Berlin','Deutschland','Deutschland','00491778116860',1,0,'2018-08-11 08:03:45',0,'2018-08-11 08:03:45');
/*!40000 ALTER TABLE `customer` ENABLE KEYS */;
UNLOCK TABLES;

--
-- Table structure for table `field`
--

DROP TABLE IF EXISTS `field`;
/*!40101 SET @saved_cs_client     = @@character_set_client */;
/*!40101 SET character_set_client = utf8 */;
CREATE TABLE `field` (
  `id` int(11) NOT NULL AUTO_INCREMENT,
  `field_name` varchar(100) NOT NULL,
  `html_id` varchar(100) NOT NULL DEFAULT '',
  `max_value` float NOT NULL DEFAULT '0',
  `min_value` float NOT NULL DEFAULT '0',
  `unit` varchar(45) NOT NULL DEFAULT '',
  `max_nof_characters` int(11) NOT NULL DEFAULT '0',
  `field_type` enum('TEXT','RICH_TEXT','MEMO','INT','FLOAT','BOOLEAN','DATE','LIST') NOT NULL DEFAULT 'TEXT',
  `is_optional` tinyint(1) NOT NULL DEFAULT '0',
  `enabled` tinyint(1) NOT NULL DEFAULT '0',
  `created_by` int(11) NOT NULL DEFAULT '0',
  `created_on` datetime NOT NULL,
  `lastupdated_by` int(11) NOT NULL DEFAULT '0',
  `lastupdated_on` datetime NOT NULL,
  PRIMARY KEY (`id`),
  UNIQUE KEY `html_id_UNIQUE` (`html_id`)
) ENGINE=InnoDB AUTO_INCREMENT=8 DEFAULT CHARSET=utf8;
/*!40101 SET character_set_client = @saved_cs_client */;

--
-- Dumping data for table `field`
--

LOCK TABLES `field` WRITE;
/*!40000 ALTER TABLE `field` DISABLE KEYS */;
INSERT INTO `field` VALUES (1,'Barcode','barcode',0,0,'',20,'TEXT',0,1,2,'2018-04-05 09:08:36',2,'2018-04-05 09:08:36'),(2,'Frame Code','frame-code',0,0,'',20,'TEXT',0,1,2,'2018-04-05 09:08:55',1,'2018-06-07 10:00:31'),(3,'Brand','sun-glass-brand',0,0,'',0,'LIST',0,1,2,'2018-04-05 09:09:18',2,'2018-04-05 09:09:42'),(4,'Available Color','available-color',0,0,'',0,'LIST',0,1,2,'2018-04-05 09:10:08',5,'2018-06-28 09:57:32'),(5,'Material','material',0,0,'',0,'LIST',0,1,2,'2018-04-05 09:11:39',2,'2018-04-05 09:11:39'),(6,'RIM','rim',0,0,'',0,'LIST',0,1,2,'2018-04-05 09:11:57',2,'2018-04-05 09:11:57'),(7,'Contact Lense Color','contact-lense-color',0,0,'',0,'LIST',0,1,2,'2018-04-20 03:52:33',2,'2018-04-20 03:52:33');
/*!40000 ALTER TABLE `field` ENABLE KEYS */;
UNLOCK TABLES;

--
-- Table structure for table `field_value`
--

DROP TABLE IF EXISTS `field_value`;
/*!40101 SET @saved_cs_client     = @@character_set_client */;
/*!40101 SET character_set_client = utf8 */;
CREATE TABLE `field_value` (
  `id` int(11) NOT NULL AUTO_INCREMENT,
  `field_id` int(11) NOT NULL,
  `value` varchar(255) NOT NULL,
  `display_order` int(11) NOT NULL,
  `enabled` tinyint(1) NOT NULL DEFAULT '0',
  `created_by` int(11) NOT NULL DEFAULT '0',
  `created_on` datetime NOT NULL,
  `lastupdated_by` int(11) NOT NULL DEFAULT '0',
  `lastupdated_on` datetime NOT NULL,
  PRIMARY KEY (`id`)
) ENGINE=InnoDB AUTO_INCREMENT=40 DEFAULT CHARSET=utf8;
/*!40101 SET character_set_client = @saved_cs_client */;

--
-- Dumping data for table `field_value`
--

LOCK TABLES `field_value` WRITE;
/*!40000 ALTER TABLE `field_value` DISABLE KEYS */;
INSERT INTO `field_value` VALUES (1,4,'No',0,1,2,'2018-04-05 09:12:11',2,'2018-04-05 09:12:11'),(2,4,'All',0,1,2,'2018-04-05 09:12:19',2,'2018-04-05 09:12:19'),(3,4,'GO',0,1,2,'2018-04-05 09:12:29',2,'2018-04-05 09:12:29'),(4,4,'C05',0,1,2,'2018-04-05 09:12:39',2,'2018-04-05 09:12:39'),(5,4,'C07',0,1,2,'2018-04-05 09:12:53',2,'2018-04-05 09:12:53'),(6,4,'507',0,1,2,'2018-04-05 09:13:17',2,'2018-04-05 09:13:17'),(7,4,'535',0,1,2,'2018-04-05 09:13:29',1,'2018-05-17 01:53:33'),(8,4,'538',0,1,2,'2018-04-05 09:13:39',2,'2018-04-05 09:13:39'),(9,4,'BK',0,1,2,'2018-04-05 09:13:48',2,'2018-04-05 09:13:48'),(10,4,'BR',0,1,2,'2018-04-05 09:13:56',2,'2018-04-05 09:13:56'),(11,4,'Pu',0,1,2,'2018-04-05 09:14:07',2,'2018-04-05 09:14:07'),(12,5,'Plastic',0,1,2,'2018-04-05 09:14:24',2,'2018-04-05 09:14:24'),(13,5,'Metal',0,1,2,'2018-04-05 09:14:32',2,'2018-04-05 09:14:32'),(14,6,'Sun Glass',0,1,2,'2018-04-05 09:14:57',2,'2018-04-05 09:14:57'),(15,6,'Full Frame',0,1,2,'2018-04-05 09:15:08',2,'2018-04-05 09:15:08'),(16,3,'ESPRIT',0,1,2,'2018-04-05 09:15:36',2,'2018-04-05 09:15:36'),(17,3,'PIERRE CARDIN',0,1,2,'2018-04-05 09:15:55',2,'2018-04-05 09:16:05'),(18,6,'Half Frame',0,1,2,'2018-04-05 10:36:15',2,'2018-04-05 10:36:15'),(19,7,'Red',0,1,2,'2018-04-20 03:53:00',2,'2018-04-20 03:53:00'),(20,7,'Purple',0,1,2,'2018-04-20 03:53:12',2,'2018-04-20 03:53:12'),(21,3,'RODENSTOCK',0,1,1,'2018-05-22 03:53:16',5,'2018-06-20 08:37:13'),(22,4,'547',0,1,5,'2018-06-07 12:01:15',5,'2018-06-07 12:01:15'),(23,4,'543',0,1,5,'2018-06-07 03:13:02',5,'2018-06-07 03:13:02'),(24,4,'VO',0,1,5,'2018-06-07 05:44:35',5,'2018-06-07 05:44:35'),(25,4,'PK',0,1,5,'2018-06-07 05:54:13',5,'2018-06-07 05:54:13'),(26,4,'BL',0,1,5,'2018-06-08 10:52:50',5,'2018-06-08 10:52:50'),(27,4,'531',0,1,5,'2018-06-11 01:32:23',5,'2018-06-11 01:32:23'),(28,4,'RED',0,1,5,'2018-06-11 01:32:37',5,'2018-06-11 01:32:37'),(29,4,'586',0,1,5,'2018-06-11 02:19:57',5,'2018-06-11 02:19:57'),(30,4,'546',0,1,5,'2018-06-12 10:04:50',5,'2018-06-12 10:04:50'),(31,4,'532',0,1,5,'2018-06-12 02:32:53',5,'2018-06-12 02:32:53'),(32,3,'CHARMANT',0,1,5,'2018-06-19 11:51:06',5,'2018-06-19 11:51:06'),(33,3,'ELLE',0,1,5,'2018-06-19 11:51:29',5,'2018-06-19 11:51:29'),(34,4,'GM',0,1,5,'2018-06-19 04:52:05',5,'2018-06-19 04:52:05'),(35,4,'505',0,1,5,'2018-07-10 03:44:46',5,'2018-07-10 03:44:46'),(36,3,'ADLIB',0,1,5,'2018-07-23 10:06:27',5,'2018-07-23 10:06:27'),(37,3,'NO 1 SPORT',0,1,5,'2018-07-23 10:06:50',5,'2018-07-23 10:06:50'),(38,4,'OR',0,1,5,'2018-07-25 10:38:13',5,'2018-07-25 10:38:13'),(39,4,'GR',0,1,5,'2018-07-31 11:06:48',5,'2018-07-31 11:06:48');
/*!40000 ALTER TABLE `field_value` ENABLE KEYS */;
UNLOCK TABLES;

--
-- Table structure for table `grn`
--

DROP TABLE IF EXISTS `grn`;
/*!40101 SET @saved_cs_client     = @@character_set_client */;
/*!40101 SET character_set_client = utf8 */;
CREATE TABLE `grn` (
  `id` int(11) NOT NULL AUTO_INCREMENT,
  `ref_number` varchar(50) NOT NULL,
  `supplier` int(11) NOT NULL,
  `date` date NOT NULL,
  `total` float NOT NULL DEFAULT '0',
  `vehicle_number` varchar(45) DEFAULT NULL,
  `driver` varchar(45) DEFAULT NULL,
  `unloading` float DEFAULT '0',
  `tips` float DEFAULT '0',
  `location` varchar(45) NOT NULL,
  `enabled` tinyint(1) NOT NULL DEFAULT '1',
  `created_by` int(11) NOT NULL DEFAULT '0',
  `created_on` datetime NOT NULL,
  `lastupdated_by` int(11) NOT NULL DEFAULT '0',
  `lastupdated_on` datetime NOT NULL,
  PRIMARY KEY (`id`)
) ENGINE=InnoDB AUTO_INCREMENT=8 DEFAULT CHARSET=utf8;
/*!40101 SET character_set_client = @saved_cs_client */;

--
-- Dumping data for table `grn`
--

LOCK TABLES `grn` WRITE;
/*!40000 ALTER TABLE `grn` DISABLE KEYS */;
INSERT INTO `grn` VALUES (1,'488884C',1,'2018-08-29',6000,'WC 2012','Nimal',0,0,'2',1,1,'2018-08-29 05:35:37',1,'2018-08-29 05:35:37'),(2,'488884C',1,'2018-08-31',11000,'WC 2012','Nimal',0,0,'2',1,1,'2018-08-29 05:36:32',1,'2018-08-29 05:36:32'),(3,'0000111',1,'2018-08-30',6000,'WC 2012','Nimal',0,0,'2',1,1,'2018-08-30 01:27:30',1,'2018-08-30 01:27:30'),(4,'488884C',1,'2018-08-30',6000,'WC 2012','Nimal',0,0,'2',1,1,'2018-08-30 05:36:40',1,'2018-08-30 05:36:40'),(5,'488884C',1,'2018-08-31',7800,'WC 2012','Nimal',0,0,'2',1,1,'2018-08-31 10:24:41',1,'2018-08-31 10:24:41'),(6,'488884C',1,'2018-09-03',12000,'WC 2012','Nimal',0,0,'2',1,1,'2018-08-31 10:27:11',1,'2018-08-31 10:27:11'),(7,'162',1,'2018-09-04',30000,'','',0,0,'2',1,5,'2018-09-04 04:38:13',5,'2018-09-04 04:38:13');
/*!40000 ALTER TABLE `grn` ENABLE KEYS */;
UNLOCK TABLES;

--
-- Table structure for table `grn_item`
--

DROP TABLE IF EXISTS `grn_item`;
/*!40101 SET @saved_cs_client     = @@character_set_client */;
/*!40101 SET character_set_client = utf8 */;
CREATE TABLE `grn_item` (
  `id` int(11) NOT NULL AUTO_INCREMENT,
  `grn_id` int(11) NOT NULL,
  `item_id` int(11) NOT NULL,
  `item_serial` varchar(55) DEFAULT NULL,
  `item_qty` float NOT NULL DEFAULT '0',
  `stock_in_hand` float NOT NULL DEFAULT '0',
  `hold_qty` float NOT NULL DEFAULT '0',
  `item_cost` float NOT NULL DEFAULT '0',
  `expiry_date` date DEFAULT NULL,
  `enabled` tinyint(1) NOT NULL DEFAULT '1',
  `created_by` int(11) NOT NULL DEFAULT '0',
  `created_on` datetime NOT NULL,
  `lastupdated_by` int(11) NOT NULL DEFAULT '0',
  `lastupdated_on` datetime NOT NULL,
  PRIMARY KEY (`id`)
) ENGINE=InnoDB AUTO_INCREMENT=10 DEFAULT CHARSET=utf8;
/*!40101 SET character_set_client = @saved_cs_client */;

--
-- Dumping data for table `grn_item`
--

LOCK TABLES `grn_item` WRITE;
/*!40000 ALTER TABLE `grn_item` DISABLE KEYS */;
INSERT INTO `grn_item` VALUES (1,1,4,'',3,3,3,2000,'2018-10-16',1,1,'2018-08-29 05:35:37',5,'2018-08-30 13:34:33'),(2,2,4,'',5,5,5,2200,'2018-10-18',1,1,'2018-08-29 05:36:32',5,'2018-08-30 17:21:00'),(3,3,10,'',5,5,5,1200,'2018-10-25',1,1,'2018-08-30 01:27:30',5,'2018-08-30 17:21:00'),(4,4,51,'',5,5,0,1200,'2018-10-18',1,1,'2018-08-30 05:36:40',1,'2018-08-30 05:36:40'),(5,5,4,'',3,3,3,1200,'2018-11-23',1,1,'2018-08-31 10:24:41',5,'2018-08-31 15:08:47'),(6,5,10,'',3,3,3,1500,'2019-02-15',1,1,'2018-08-31 10:24:41',5,'2018-08-31 15:08:47'),(7,6,10,'',4,4,4,1500,'2018-10-18',1,1,'2018-08-31 10:27:11',5,'2018-08-31 15:15:52'),(8,6,4,'',5,5,4,1200,'2018-12-13',1,1,'2018-08-31 10:27:11',5,'2018-08-31 15:15:52'),(9,7,24,'',1,1,0,0,'0000-00-00',1,5,'2018-09-04 04:38:13',5,'2018-09-04 04:38:13');
/*!40000 ALTER TABLE `grn_item` ENABLE KEYS */;
UNLOCK TABLES;

--
-- Table structure for table `item`
--

DROP TABLE IF EXISTS `item`;
/*!40101 SET @saved_cs_client     = @@character_set_client */;
/*!40101 SET character_set_client = utf8 */;
CREATE TABLE `item` (
  `id` int(11) NOT NULL AUTO_INCREMENT,
  `model_id` int(11) NOT NULL,
  `name` varchar(100) NOT NULL,
  `code` varchar(45) NOT NULL,
  `description` text NOT NULL,
  `show_selling_price` varchar(50) NOT NULL DEFAULT '0',
  `unit` int(11) DEFAULT NULL,
  `enabled` tinyint(1) NOT NULL DEFAULT '1',
  `created_by` int(11) NOT NULL DEFAULT '0',
  `created_on` datetime NOT NULL,
  `lastupdated_by` int(11) NOT NULL DEFAULT '0',
  `lastupdated_on` datetime NOT NULL,
  PRIMARY KEY (`id`)
) ENGINE=InnoDB AUTO_INCREMENT=52 DEFAULT CHARSET=utf8;
/*!40101 SET character_set_client = @saved_cs_client */;

--
-- Dumping data for table `item`
--

LOCK TABLES `item` WRITE;
/*!40000 ALTER TABLE `item` DISABLE KEYS */;
INSERT INTO `item` VALUES (1,1,'ESPRIT','ITMF-11082','','12000',1,1,5,'2018-06-07 02:38:24',5,'2018-06-07 04:05:24'),(2,2,'ESPRIT','ITMF-10351','','12000',1,1,5,'2018-06-07 03:21:54',5,'2018-06-07 03:21:54'),(3,3,'ESPRIT','ITMF-11078','','12000',1,1,5,'2018-06-07 03:54:51',5,'2018-06-15 05:39:17'),(4,4,'ELLE','ITMF-9683','','12000',1,1,5,'2018-06-07 05:47:01',5,'2018-06-07 05:47:01'),(5,5,'ELLE','ITMF-11600','O','12000',1,1,5,'2018-06-07 05:56:11',5,'2018-06-07 05:56:11'),(6,7,'ELLE','ITMF-11599','ORIGINAL','20000',1,1,5,'2018-06-08 08:38:59',5,'2018-06-08 08:38:59'),(7,8,'CHARMANT','ITMF-11597','O','14000',1,1,5,'2018-06-08 09:41:20',5,'2018-06-08 09:41:20'),(8,9,'CHARMANT','ITMF-9286','ORIGINAL','20000',1,1,5,'2018-06-08 11:17:39',5,'2018-06-08 11:17:39'),(9,10,'CHARMANT','ITMF-10284','ORIGINAL','12000',1,1,5,'2018-06-08 11:23:48',1,'2018-08-16 06:23:07'),(10,12,'CHARMANT','ITMF-11591','O','20000',1,1,5,'2018-06-08 12:03:39',5,'2018-06-08 12:03:39'),(11,13,'ESPRIT','ITMF-11626','ORIGINAL','20000',1,1,5,'2018-06-11 01:35:44',5,'2018-06-11 01:35:44'),(12,14,'ESPRIT','ITMF-11621','ORIGINAL','20000',1,1,5,'2018-06-11 02:26:01',5,'2018-06-11 02:26:01'),(13,15,'ESPRIT','ITMF-10309','o','12000',1,1,5,'2018-06-12 10:23:32',1,'2018-08-16 06:18:28'),(14,16,'ESPRIT','ITMF-11096','ORIGINAL','12000',1,1,5,'2018-06-12 10:40:36',5,'2018-06-12 10:40:36'),(15,15,'ESPRIT','ITMF-8503','','12000',1,1,5,'2018-06-12 10:49:04',5,'2018-06-12 10:49:04'),(16,17,'ESPRIT','ITMF-11623','ORIGINAL','12000',1,1,5,'2018-06-12 11:09:00',5,'2018-06-12 11:09:00'),(17,19,'RODENSTOCK','ITMF-11355','ORIGINAL','54000',1,1,5,'2018-06-19 02:16:01',5,'2018-06-19 02:16:01'),(18,19,'RODENSTOCK','ITMF-11354','OR','54000',1,1,5,'2018-06-19 02:54:54',5,'2018-06-19 02:54:54'),(19,20,'RODENSTOCK','ITMF-11356','O','40000',1,1,5,'2018-06-19 03:59:46',5,'2018-06-19 03:59:46'),(20,21,'RODENSTOCK','ITMF-11009','ORIGINAL','40000',1,1,5,'2018-06-19 04:43:04',5,'2018-06-19 04:43:04'),(21,22,'RODENSTOCK','ITMF-11367','O','45000',1,1,5,'2018-06-19 04:57:27',5,'2018-06-19 04:57:27'),(22,23,'RODENSTOCK','ITMF-11008','ORIGINAL','49000',1,1,5,'2018-06-20 08:38:20',5,'2018-06-20 08:38:20'),(23,25,'RODENSTOCK','ITMF-11005','ORIGINAL','34000',1,1,5,'2018-07-09 08:40:35',5,'2018-07-09 08:40:35'),(24,26,'RODENSTOCK','ITMF-11003','ORIGINAL','30000',1,1,5,'2018-07-09 08:47:56',5,'2018-07-09 08:47:56'),(25,27,'ESPRIT','ITMF-11088','ORIGINAL','12000',1,1,5,'2018-07-10 03:25:51',5,'2018-07-10 03:25:51'),(26,28,'ESPRIT','ITMF-10374','ORIGINAL','12000',1,1,5,'2018-07-10 03:37:45',5,'2018-07-10 03:37:45'),(27,29,'ESPRIT','ITMF-11087','ORIGINAL','12000',1,1,5,'2018-07-10 03:48:24',5,'2018-07-10 03:48:24'),(28,30,'RODENSTOCK','ITMF-11006','ORIGINAL','50000',1,1,5,'2018-07-10 03:56:21',5,'2018-07-10 03:56:21'),(29,24,'RODENSTOCK','ITMF-11363','ORIGINAL','30000',1,1,5,'2018-07-10 04:09:53',5,'2018-07-10 04:09:53'),(30,31,'ESPRIT','ITMF-11083','O','12000',1,1,5,'2018-07-16 09:49:55',5,'2018-07-16 09:49:55'),(31,32,'ESPRIT','ITMF-10355','O','12000',1,1,5,'2018-07-16 09:58:52',5,'2018-07-16 09:58:52'),(32,33,'NO 1 SPORT','ITMF-11580','NON','4500',1,1,5,'2018-07-16 10:18:12',5,'2018-07-16 10:18:12'),(33,34,'NO 1 SPORT','ITMF-11308','NON','4500',1,1,5,'2018-07-16 11:05:28',5,'2018-07-16 11:05:28'),(34,35,'NO 1 SPORT','ITMF-10520','non','4500',1,1,5,'2018-07-23 09:27:02',5,'2018-07-23 09:27:02'),(35,36,'NO 1 SPORT','ITMF-11183','non','4500',1,1,5,'2018-07-23 09:41:51',5,'2018-07-23 09:41:51'),(36,37,'ADLIB','ITMF-9294','original','12000',1,1,5,'2018-07-23 09:55:20',5,'2018-07-23 09:55:20'),(37,38,'ESPRIT','ITMF-11625','ori','20000',1,1,5,'2018-07-23 10:51:39',5,'2018-07-23 10:51:39'),(38,39,'ADLIB','ITMF-11111','original','14000',1,1,5,'2018-07-23 11:38:43',5,'2018-07-25 11:44:43'),(39,40,'ADLIB','ITMF-11617','O','12000',1,1,5,'2018-07-25 10:41:08',5,'2018-07-25 10:41:08'),(40,41,'ESPRIT','ITMF-10327','ORIGINAL','12000',1,1,5,'2018-07-25 10:52:14',5,'2018-07-25 10:52:14'),(41,42,'ADLIB','ITMF-11109','ORIGINAL','12000',1,1,5,'2018-07-25 11:36:44',5,'2018-07-25 11:36:44'),(42,39,'ADLIB','ITMF-11618','ORIGINAL','12000',1,1,5,'2018-07-25 11:47:37',5,'2018-07-25 11:47:37'),(43,43,'ADLIB','ITMF-10415','ORIGINAL','14000',1,1,5,'2018-07-25 01:21:19',5,'2018-07-25 01:21:19'),(44,44,'NO 1 SPORT','ITMF-11351','NON','5500',1,1,5,'2018-07-31 11:10:07',5,'2018-07-31 11:10:07'),(45,44,'NO 1 SPORT','ITMF-9746','NON','5500',1,1,5,'2018-07-31 11:15:10',5,'2018-07-31 11:15:43'),(46,44,'NO 1 SPORT','ITMF-9637','NON','5500',1,1,5,'2018-07-31 11:19:11',5,'2018-07-31 11:20:40'),(47,45,'NO 1 SPORT','ITMF-11071','non','5500',1,1,5,'2018-07-31 11:33:48',5,'2018-07-31 11:33:48'),(48,46,'NO 1 SPORT','ITMF-9479','non','5500',1,1,5,'2018-07-31 11:54:21',5,'2018-07-31 11:54:21'),(49,47,'ESPRIT','ITMF-11629','ORIGINAL','20000',1,1,5,'2018-07-31 01:22:04',5,'2018-07-31 01:22:04'),(50,48,'ELLE','ITMF-11107','ORIGINAL','12000',1,1,5,'2018-07-31 02:45:04',5,'2018-07-31 02:45:04'),(51,50,'Test Item 01','Test01','Test item 1 from test model 2','0',1,1,1,'2018-08-16 05:05:25',1,'2018-08-17 11:59:12');
/*!40000 ALTER TABLE `item` ENABLE KEYS */;
UNLOCK TABLES;

--
-- Table structure for table `item_field_value`
--

DROP TABLE IF EXISTS `item_field_value`;
/*!40101 SET @saved_cs_client     = @@character_set_client */;
/*!40101 SET character_set_client = utf8 */;
CREATE TABLE `item_field_value` (
  `id` int(11) NOT NULL AUTO_INCREMENT,
  `item_id` int(11) NOT NULL,
  `field_id` int(11) NOT NULL,
  `value` varchar(45) DEFAULT NULL,
  `text_value` text,
  `enabled` tinyint(1) NOT NULL DEFAULT '1',
  `created_by` int(11) NOT NULL DEFAULT '0',
  `created_on` datetime NOT NULL,
  `lastupdated_by` int(11) NOT NULL DEFAULT '0',
  `lastupdated_on` datetime NOT NULL,
  PRIMARY KEY (`id`)
) ENGINE=InnoDB AUTO_INCREMENT=114 DEFAULT CHARSET=utf8;
/*!40101 SET character_set_client = @saved_cs_client */;

--
-- Dumping data for table `item_field_value`
--

LOCK TABLES `item_field_value` WRITE;
/*!40000 ALTER TABLE `item_field_value` DISABLE KEYS */;
INSERT INTO `item_field_value` VALUES (1,1,1,'','883475866407',1,5,'2018-06-07 02:38:24',5,'2018-06-07 04:05:24'),(2,1,2,'','ET19593',1,5,'2018-06-07 02:38:24',5,'2018-06-07 04:05:24'),(3,1,4,'22','',1,5,'2018-06-07 02:38:24',5,'2018-06-07 04:05:24'),(4,2,1,'','883475870756',1,5,'2018-06-07 03:21:54',5,'2018-06-07 03:21:54'),(5,2,2,'','ET17890',1,5,'2018-06-07 03:21:54',5,'2018-06-07 03:21:54'),(6,2,4,'23','',1,5,'2018-06-07 03:21:54',5,'2018-06-07 03:21:54'),(7,3,1,'','883475866360',1,5,'2018-06-07 03:54:51',5,'2018-06-15 05:39:17'),(8,3,2,'','ET19592',1,5,'2018-06-07 03:54:51',5,'2018-06-15 05:39:17'),(9,3,4,'23','',1,5,'2018-06-07 03:54:51',5,'2018-06-15 05:39:17'),(10,4,1,'','883475565133',1,5,'2018-06-07 05:47:01',5,'2018-06-07 05:47:01'),(11,4,4,'24','',1,5,'2018-06-07 05:47:01',5,'2018-06-07 05:47:01'),(12,5,1,'','883475670813',1,5,'2018-06-07 05:56:11',5,'2018-06-07 05:56:11'),(13,5,4,'25','',1,5,'2018-06-07 05:56:11',5,'2018-06-07 05:56:11'),(14,6,1,'','883475895667',1,5,'2018-06-08 08:38:59',5,'2018-06-08 08:38:59'),(15,6,4,'9','',1,5,'2018-06-08 08:38:59',5,'2018-06-08 08:38:59'),(16,7,1,'','883475652765',1,5,'2018-06-08 09:41:20',5,'2018-06-08 09:41:20'),(17,7,4,'10','',1,5,'2018-06-08 09:41:20',5,'2018-06-08 09:41:20'),(18,8,1,'','883475623192',1,5,'2018-06-08 11:17:39',5,'2018-06-08 11:17:39'),(19,8,4,'26','',1,5,'2018-06-08 11:17:39',5,'2018-06-08 11:17:39'),(20,9,1,'','883475656947',1,5,'2018-06-08 11:23:48',1,'2018-08-16 06:23:07'),(21,9,4,'25','',1,5,'2018-06-08 11:23:48',1,'2018-08-16 06:23:07'),(22,10,1,'','888989022462',1,5,'2018-06-08 12:03:39',5,'2018-06-08 12:03:39'),(23,10,4,'3','',1,5,'2018-06-08 12:03:39',5,'2018-06-08 12:03:39'),(24,11,1,'','883475893939',1,5,'2018-06-11 01:35:44',5,'2018-06-11 01:35:44'),(25,11,4,'27','',1,5,'2018-06-11 01:35:44',5,'2018-06-11 01:35:44'),(26,12,1,'','883475923063',1,5,'2018-06-11 02:26:01',5,'2018-06-11 02:26:01'),(27,12,4,'29','',1,5,'2018-06-11 02:26:01',5,'2018-06-11 02:26:01'),(28,13,1,'','883475678130',1,5,'2018-06-12 10:23:32',1,'2018-08-16 06:18:28'),(29,13,4,'30','',1,5,'2018-06-12 10:23:32',1,'2018-08-16 06:18:28'),(30,14,1,'','883475596908',1,5,'2018-06-12 10:40:36',5,'2018-06-12 10:40:36'),(31,14,4,'27','',1,5,'2018-06-12 10:40:36',5,'2018-06-12 10:40:36'),(32,15,1,'','883475678161',1,5,'2018-06-12 10:49:04',5,'2018-06-12 10:49:04'),(33,15,4,'7','',1,5,'2018-06-12 10:49:04',5,'2018-06-12 10:49:04'),(34,16,1,'','883475517071',1,5,'2018-06-12 11:09:00',5,'2018-06-12 11:09:00'),(35,16,4,'7','',1,5,'2018-06-12 11:09:00',5,'2018-06-12 11:09:00'),(36,17,1,'','00105',1,5,'2018-06-19 02:16:01',5,'2018-06-19 02:16:01'),(37,17,4,'10','',1,5,'2018-06-19 02:16:01',5,'2018-06-19 02:16:01'),(38,18,1,'','00104',1,5,'2018-06-19 02:54:54',5,'2018-06-19 02:54:54'),(39,18,4,'9','',1,5,'2018-06-19 02:54:54',5,'2018-06-19 02:54:54'),(40,19,1,'','00107',1,5,'2018-06-19 03:59:46',5,'2018-06-19 03:59:46'),(41,19,4,'9','',1,5,'2018-06-19 03:59:46',5,'2018-06-19 03:59:46'),(42,20,1,'','0093',1,5,'2018-06-19 04:43:04',5,'2018-06-19 04:43:04'),(43,20,4,'9','',1,5,'2018-06-19 04:43:04',5,'2018-06-19 04:43:04'),(44,21,1,'','00111',1,5,'2018-06-19 04:57:27',5,'2018-06-19 04:57:27'),(45,21,4,'34','',1,5,'2018-06-19 04:57:27',5,'2018-06-19 04:57:27'),(46,22,1,'','0092',1,5,'2018-06-20 08:38:20',5,'2018-06-20 08:38:20'),(47,22,4,'10','',1,5,'2018-06-20 08:38:20',5,'2018-06-20 08:38:20'),(48,23,1,'','0089',1,5,'2018-07-09 08:40:35',5,'2018-07-09 08:40:35'),(49,23,4,'9','',1,5,'2018-07-09 08:40:35',5,'2018-07-09 08:40:35'),(50,24,1,'','0087',1,5,'2018-07-09 08:47:56',5,'2018-07-09 08:47:56'),(51,24,2,'','R1416',1,5,'2018-07-09 08:47:56',5,'2018-07-09 08:47:56'),(52,24,4,'10','',1,5,'2018-07-09 08:47:56',5,'2018-07-09 08:47:56'),(53,25,1,'','883475883305',1,5,'2018-07-10 03:25:51',5,'2018-07-10 03:25:51'),(54,25,2,'','ET19596',1,5,'2018-07-10 03:25:51',5,'2018-07-10 03:25:51'),(55,25,4,'23','',1,5,'2018-07-10 03:25:51',5,'2018-07-10 03:25:51'),(56,26,1,'','883475870176',1,5,'2018-07-10 03:37:45',5,'2018-07-10 03:37:45'),(57,26,2,'','ET17877',1,5,'2018-07-10 03:37:45',5,'2018-07-10 03:37:45'),(58,26,4,'8','',1,5,'2018-07-10 03:37:45',5,'2018-07-10 03:37:45'),(59,27,1,'','883475883565',1,5,'2018-07-10 03:48:24',5,'2018-07-10 03:48:24'),(60,27,2,'','ET19767',1,5,'2018-07-10 03:48:24',5,'2018-07-10 03:48:24'),(61,27,4,'35','',1,5,'2018-07-10 03:48:24',5,'2018-07-10 03:48:24'),(62,28,1,'','0090',1,5,'2018-07-10 03:56:21',5,'2018-07-10 03:56:21'),(63,28,4,'34','',1,5,'2018-07-10 03:56:21',5,'2018-07-10 03:56:21'),(64,29,1,'','00109',1,5,'2018-07-10 04:09:53',5,'2018-07-10 04:09:53'),(65,29,2,'','T7406',1,5,'2018-07-10 04:09:53',5,'2018-07-10 04:09:53'),(66,29,4,'9','',1,5,'2018-07-10 04:09:53',5,'2018-07-10 04:09:53'),(67,30,1,'','883475883367',1,5,'2018-07-16 09:49:55',5,'2018-07-16 09:49:55'),(68,30,2,'','ET17597',1,5,'2018-07-16 09:49:55',5,'2018-07-16 09:49:55'),(69,30,4,'23','',1,5,'2018-07-16 09:49:55',5,'2018-07-16 09:49:55'),(70,31,1,'','883475870787',1,5,'2018-07-16 09:58:52',5,'2018-07-16 09:58:52'),(71,31,2,'','ET17891',1,5,'2018-07-16 09:58:52',5,'2018-07-16 09:58:52'),(72,31,4,'7','',1,5,'2018-07-16 09:58:52',5,'2018-07-16 09:58:52'),(73,32,1,'','00225',1,5,'2018-07-16 10:18:12',5,'2018-07-16 10:18:12'),(74,32,4,'10','',1,5,'2018-07-16 10:18:12',5,'2018-07-16 10:18:12'),(75,33,1,'','0019',1,5,'2018-07-16 11:05:28',5,'2018-07-16 11:05:28'),(76,33,4,'9','',1,5,'2018-07-16 11:05:28',5,'2018-07-16 11:05:28'),(77,34,1,'','10524',1,5,'2018-07-23 09:27:02',5,'2018-07-23 09:27:02'),(78,34,4,'9','',1,5,'2018-07-23 09:27:02',5,'2018-07-23 09:27:02'),(79,35,1,'','11183',1,5,'2018-07-23 09:41:51',5,'2018-07-23 09:41:51'),(80,35,4,'9','',1,5,'2018-07-23 09:41:51',5,'2018-07-23 09:41:51'),(81,36,1,'','883475622676',1,5,'2018-07-23 09:55:20',5,'2018-07-23 09:55:20'),(82,36,4,'9','',1,5,'2018-07-23 09:55:20',5,'2018-07-23 09:55:20'),(83,37,1,'','888989021984',1,5,'2018-07-23 10:51:39',5,'2018-07-23 10:51:39'),(84,37,4,'8','',1,5,'2018-07-23 10:51:39',5,'2018-07-23 10:51:39'),(85,38,1,'','883475674637',1,5,'2018-07-23 11:38:43',5,'2018-07-25 11:44:43'),(86,38,4,'9','',1,5,'2018-07-23 11:38:43',5,'2018-07-25 11:44:43'),(87,39,1,'','883475674767',1,5,'2018-07-25 10:41:08',5,'2018-07-25 10:41:08'),(88,39,4,'38','',1,5,'2018-07-25 10:41:08',5,'2018-07-25 10:41:08'),(89,40,1,'','883475644524',1,5,'2018-07-25 10:52:14',5,'2018-07-25 10:52:14'),(90,40,4,'8','',1,5,'2018-07-25 10:52:14',5,'2018-07-25 10:52:14'),(91,41,1,'','883475674736',1,5,'2018-07-25 11:36:44',5,'2018-07-25 11:36:44'),(92,41,4,'9','',1,5,'2018-07-25 11:36:44',5,'2018-07-25 11:36:44'),(93,42,1,'','883475674651',1,5,'2018-07-25 11:47:37',5,'2018-07-25 11:47:37'),(94,42,4,'34','',1,5,'2018-07-25 11:47:37',5,'2018-07-25 11:47:37'),(95,43,1,'','883475684247',1,5,'2018-07-25 01:21:19',5,'2018-07-25 01:21:19'),(96,43,4,'9','',1,5,'2018-07-25 01:21:19',5,'2018-07-25 01:21:19'),(97,44,1,'','0083',1,5,'2018-07-31 11:10:07',5,'2018-07-31 11:10:07'),(98,44,4,'39','',1,5,'2018-07-31 11:10:07',5,'2018-07-31 11:10:07'),(99,45,1,'','0033',1,5,'2018-07-31 11:15:10',5,'2018-07-31 11:15:43'),(100,45,4,'10','',1,5,'2018-07-31 11:15:10',5,'2018-07-31 11:15:43'),(101,46,1,'','0032',1,5,'2018-07-31 11:19:11',5,'2018-07-31 11:20:40'),(102,46,4,'9','',1,5,'2018-07-31 11:19:11',5,'2018-07-31 11:20:40'),(103,47,1,'','11080',1,5,'2018-07-31 11:33:48',5,'2018-07-31 11:33:48'),(104,47,4,'9','',1,5,'2018-07-31 11:33:48',5,'2018-07-31 11:33:48'),(105,48,1,'','9483',1,5,'2018-07-31 11:54:21',5,'2018-07-31 11:54:21'),(106,48,4,'9','',1,5,'2018-07-31 11:54:21',5,'2018-07-31 11:54:21'),(107,49,1,'','883475912432',1,5,'2018-07-31 01:22:04',5,'2018-07-31 01:22:04'),(108,49,4,'9','',1,5,'2018-07-31 01:22:04',5,'2018-07-31 01:22:04'),(109,50,1,'','883475690194',1,5,'2018-07-31 02:45:04',5,'2018-07-31 02:45:04'),(110,50,4,'10','',1,5,'2018-07-31 02:45:04',5,'2018-07-31 02:45:04'),(111,51,1,'','455',1,1,'2018-08-16 05:05:25',1,'2018-08-17 11:59:12'),(112,51,2,'','5154',1,1,'2018-08-16 05:05:25',1,'2018-08-17 11:59:12'),(113,51,4,'C05','',1,1,'2018-08-16 05:05:25',1,'2018-08-17 11:59:12');
/*!40000 ALTER TABLE `item_field_value` ENABLE KEYS */;
UNLOCK TABLES;

--
-- Table structure for table `item_image`
--

DROP TABLE IF EXISTS `item_image`;
/*!40101 SET @saved_cs_client     = @@character_set_client */;
/*!40101 SET character_set_client = utf8 */;
CREATE TABLE `item_image` (
  `id` int(11) NOT NULL AUTO_INCREMENT,
  `item_id` int(11) NOT NULL,
  `image_name` varchar(150) NOT NULL,
  `zoom_image_name` varchar(45) NOT NULL DEFAULT '',
  `thumbnail_image_name` varchar(45) NOT NULL DEFAULT '',
  `is_preferred_image` tinyint(1) NOT NULL DEFAULT '0',
  `enabled` tinyint(1) NOT NULL DEFAULT '0',
  `created_by` int(11) NOT NULL DEFAULT '0',
  `created_on` datetime NOT NULL,
  `lastupdated_by` int(11) NOT NULL DEFAULT '0',
  `lastupdated_on` datetime NOT NULL,
  PRIMARY KEY (`id`)
) ENGINE=InnoDB AUTO_INCREMENT=175 DEFAULT CHARSET=utf8;
/*!40101 SET character_set_client = @saved_cs_client */;

--
-- Dumping data for table `item_image`
--

LOCK TABLES `item_image` WRITE;
/*!40000 ALTER TABLE `item_image` DISABLE KEYS */;
INSERT INTO `item_image` VALUES (1,1,'187962607528480.jpg','178386254386982.jpg','381502881069991.jpg',0,0,5,'2018-06-07 00:00:00',5,'2018-06-07 00:00:00'),(2,1,'175154162067969.jpg','275495972384813.jpg','149619891550592.jpg',0,0,5,'2018-06-07 00:00:00',5,'2018-06-07 00:00:00'),(3,1,'985766735538468.jpg','218855840821489.jpg','132043750617178.jpg',0,0,5,'2018-06-07 00:00:00',5,'2018-06-07 00:00:00'),(4,1,'147735744851794.jpg','243579396673828.jpg','229770225472218.jpg',1,1,5,'2018-06-07 00:00:00',5,'2018-06-07 00:00:00'),(5,1,'139717397896572.jpg','240293939499860.jpg','120674971677644.jpg',0,1,5,'2018-06-07 00:00:00',5,'2018-06-07 00:00:00'),(6,1,'276789022686927.jpg','286764681412310.jpg','995420094380840.jpg',0,1,5,'2018-06-07 00:00:00',5,'2018-06-07 00:00:00'),(7,2,'635353666055169.jpg','251318648006085.jpg','140677463022024.jpg',1,1,5,'2018-06-07 00:00:00',5,'2018-06-07 00:00:00'),(8,2,'110970904744360.jpg','110056446886883.jpg','208305474990852.jpg',0,1,5,'2018-06-07 00:00:00',5,'2018-06-07 00:00:00'),(9,2,'774762017874039.jpg','123451921087509.jpg','314867884115459.jpg',0,1,5,'2018-06-07 00:00:00',5,'2018-06-07 00:00:00'),(10,3,'219255722155793.jpg','901149817542390.jpg','142589857751493.jpg',0,1,5,'2018-06-07 00:00:00',5,'2018-06-07 00:00:00'),(11,3,'335474896896568.jpg','209374291827200.jpg','205251000043896.jpg',0,1,5,'2018-06-07 00:00:00',5,'2018-06-07 00:00:00'),(12,3,'150557769008339.jpg','145160891255397.jpg','139541790283677.jpg',0,1,5,'2018-06-07 00:00:00',5,'2018-06-07 00:00:00'),(13,4,'310187970242918.jpg','207298578408360.jpg','303721063921752.jpg',0,1,5,'2018-06-07 00:00:00',5,'2018-06-07 00:00:00'),(14,4,'118588289422215.jpg','103766761996805.jpg','248290440672764.jpg',0,1,5,'2018-06-07 00:00:00',5,'2018-06-07 00:00:00'),(15,4,'118588289422215.jpg','103766761996805.jpg','248290440672764.jpg',0,0,5,'2018-06-07 00:00:00',5,'2018-06-07 00:00:00'),(16,4,'273235414390088.jpg','290667526912574.jpg','247847578760947.jpg',0,1,5,'2018-06-07 00:00:00',5,'2018-06-07 00:00:00'),(17,5,'232775425617509.jpg','118921718809448.jpg','899959276187994.jpg',0,1,5,'2018-06-07 00:00:00',5,'2018-06-07 00:00:00'),(18,5,'260683476043365.jpg','296959086044619.jpg','222032041050407.jpg',0,1,5,'2018-06-07 00:00:00',5,'2018-06-07 00:00:00'),(19,5,'228721708882310.jpg','103175330335081.jpg','201541372793241.jpg',0,1,5,'2018-06-07 00:00:00',5,'2018-06-07 00:00:00'),(20,6,'445005295255745.jpg','179827615081262.jpg','436262464451478.jpg',0,1,5,'2018-06-08 00:00:00',5,'2018-06-08 00:00:00'),(21,6,'243712147457392.jpg','274625330864053.jpg','292587513002165.jpg',0,1,5,'2018-06-08 00:00:00',5,'2018-06-08 00:00:00'),(22,6,'303789340740937.jpg','271362806432438.jpg','115358593700423.jpg',1,1,5,'2018-06-08 00:00:00',5,'2018-06-08 00:00:00'),(23,7,'181795447462409.jpg','261441489313839.jpg','604466535297613.jpg',0,1,5,'2018-06-08 00:00:00',5,'2018-06-08 00:00:00'),(24,7,'870405550853594.jpg','109503709226434.jpg','101067454727908.jpg',1,1,5,'2018-06-08 00:00:00',5,'2018-06-08 00:00:00'),(25,7,'844019376511947.jpg','760528142008681.jpg','235725235224529.jpg',0,1,5,'2018-06-08 00:00:00',5,'2018-06-08 00:00:00'),(26,8,'294405526796355.jpg','264856902623285.jpg','326294636364288.jpg',1,1,5,'2018-06-08 00:00:00',5,'2018-06-08 00:00:00'),(27,8,'120748766408552.jpg','758949611619261.jpg','252256061379293.jpg',0,1,5,'2018-06-08 00:00:00',5,'2018-06-08 00:00:00'),(28,8,'929490158479095.jpg','308631638465446.jpg','281926883878717.jpg',0,1,5,'2018-06-08 00:00:00',5,'2018-06-08 00:00:00'),(29,9,'663254463861502.jpg','290018482885501.jpg','119029025155234.jpg',1,1,5,'2018-06-08 00:00:00',5,'2018-06-08 00:00:00'),(30,9,'248195102217946.jpg','234055221511887.jpg','138224893537470.jpg',0,1,5,'2018-06-08 00:00:00',5,'2018-06-08 00:00:00'),(31,9,'226510394619435.jpg','233400825832326.jpg','636482141719256.jpg',0,1,5,'2018-06-08 00:00:00',5,'2018-06-08 00:00:00'),(32,10,'294082461165145.jpg','487424109908587.jpg','177584863531137.jpg',0,1,5,'2018-06-08 00:00:00',5,'2018-06-08 00:00:00'),(33,10,'241180886374613.jpg','314405625856189.jpg','224468167924207.jpg',0,1,5,'2018-06-08 00:00:00',5,'2018-06-08 00:00:00'),(34,10,'321508272970345.jpg','215455072114899.jpg','226593085975803.jpg',0,1,5,'2018-06-08 00:00:00',5,'2018-06-08 00:00:00'),(35,11,'244781690613146.jpg','292048656445399.jpg','680523648953989.jpg',1,1,5,'2018-06-11 00:00:00',5,'2018-06-11 00:00:00'),(36,11,'172513589806278.jpg','859704797102363.jpg','189570433247040.jpg',0,1,5,'2018-06-11 00:00:00',5,'2018-06-11 00:00:00'),(37,11,'842626159035947.jpg','160646916096992.jpg','138442787577224.jpg',0,1,5,'2018-06-11 00:00:00',5,'2018-06-11 00:00:00'),(38,12,'325741477484946.jpg','928106317020087.jpg','162690799239223.jpg',0,1,5,'2018-06-11 00:00:00',5,'2018-06-11 00:00:00'),(39,12,'142706201672515.jpg','504176987328294.jpg','463441804114701.jpg',0,1,5,'2018-06-11 00:00:00',5,'2018-06-11 00:00:00'),(40,12,'174118479066908.jpg','632226855220563.jpg','156638239445966.jpg',0,1,5,'2018-06-11 00:00:00',5,'2018-06-11 00:00:00'),(41,13,'149289470691778.jpg','219153350461792.jpg','580524844917009.jpg',0,1,5,'2018-06-12 00:00:00',5,'2018-06-12 00:00:00'),(42,13,'340450386376597.jpg','286161542432906.jpg','156404372355315.jpg',0,1,5,'2018-06-12 00:00:00',5,'2018-06-12 00:00:00'),(43,13,'960398261832431.jpg','158404048531907.jpg','693362846107980.jpg',0,1,5,'2018-06-12 00:00:00',5,'2018-06-12 00:00:00'),(44,14,'304915827428877.jpg','191468605431699.jpg','103478181548937.jpg',0,1,5,'2018-06-12 00:00:00',5,'2018-06-12 00:00:00'),(45,14,'904287587151026.jpg','253320837370571.jpg','159178721178541.jpg',0,1,5,'2018-06-12 00:00:00',5,'2018-06-12 00:00:00'),(46,14,'718540951917901.jpg','844787394248348.jpg','268576002027684.jpg',0,1,5,'2018-06-12 00:00:00',5,'2018-06-12 00:00:00'),(47,15,'173409465545837.jpg','255663882476461.jpg','311972113753477.jpg',1,1,5,'2018-06-12 00:00:00',5,'2018-06-12 00:00:00'),(48,15,'177373088889377.jpg','915794507658029.jpg','363862125687741.jpg',0,1,5,'2018-06-12 00:00:00',5,'2018-06-12 00:00:00'),(49,15,'792310737005178.jpg','217380977675424.jpg','221969693305434.jpg',0,1,5,'2018-06-12 00:00:00',5,'2018-06-12 00:00:00'),(50,16,'806716804965712.jpg','213382347123334.jpg','210256284224635.jpg',1,1,5,'2018-06-12 00:00:00',5,'2018-06-12 00:00:00'),(51,16,'121440599733094.jpg','317069744895126.jpg','306978741949842.jpg',0,1,5,'2018-06-12 00:00:00',5,'2018-06-12 00:00:00'),(52,16,'186881359634525.jpg','130741172330831.jpg','147916690958575.jpg',0,1,5,'2018-06-12 00:00:00',5,'2018-06-12 00:00:00'),(53,17,'46c326880102b6100401e839cc66827d.jpg','','',0,0,5,'2018-06-19 02:16:01',5,'2018-07-10 00:00:00'),(54,17,'46c326880102b6100401e839cc66827d.jpg','','',0,0,5,'2018-06-19 02:16:01',5,'2018-07-10 00:00:00'),(55,17,'42db5b44dc570673b2f39f83af7d9a5e.jpg','','',0,0,5,'2018-06-19 02:16:01',5,'2018-07-10 00:00:00'),(56,17,'814254f23c7fa6fa45bbda54683213a8.jpg','','',0,0,5,'2018-06-19 02:16:01',5,'2018-07-10 00:00:00'),(57,17,'6bae6abdcd0a1a2b5dabfa6e4c2dba43.jpg','','',0,0,5,'2018-06-19 02:16:01',5,'2018-07-10 00:00:00'),(58,17,'222565109657142.jpg','281853197286714.jpg','229113593769182.jpg',1,1,5,'2018-06-19 00:00:00',5,'2018-07-10 00:00:00'),(59,17,'176154430528045.jpg','271889777475745.jpg','322435398278649.jpg',0,1,5,'2018-06-19 00:00:00',5,'2018-07-10 00:00:00'),(60,17,'117287501355827.jpg','691665305201120.jpg','117043935564707.jpg',0,1,5,'2018-06-19 00:00:00',5,'2018-07-10 00:00:00'),(61,17,'226917133120367.jpg','708871444098178.jpg','932304938654850.jpg',0,1,5,'2018-06-19 00:00:00',5,'2018-07-10 00:00:00'),(62,17,'267206559242587.jpg','694730914623262.jpg','460595677862244.jpg',0,1,5,'2018-06-19 00:00:00',5,'2018-07-10 00:00:00'),(63,18,'bccc1e54bb0e49e06dba360b27e830bb.jpg','','',0,0,5,'2018-06-19 02:54:54',5,'2018-07-10 00:00:00'),(64,18,'aa9fca4260a7b6a0253e74a88f5d6840.jpg','','',0,0,5,'2018-06-19 02:54:54',5,'2018-07-10 00:00:00'),(65,18,'8470f4119a6a7d2b13f9cfdc61731b96.jpg','','',0,0,5,'2018-06-19 02:54:54',5,'2018-07-10 00:00:00'),(66,18,'b90c582ce88e3397b60deaf3be502c24.jpg','','',0,0,5,'2018-06-19 02:54:54',5,'2018-07-10 00:00:00'),(67,18,'577002dccf5992a49134d6b0a167ef87.jpg','','',0,0,5,'2018-06-19 02:54:54',5,'2018-07-10 00:00:00'),(68,18,'515266539006466.jpg','135120043859608.jpg','160581569585784.jpg',0,0,5,'2018-06-19 00:00:00',5,'2018-07-10 00:00:00'),(69,18,'200962390283274.jpg','193503367186877.jpg','221710876560933.jpg',0,0,5,'2018-06-19 00:00:00',5,'2018-07-10 00:00:00'),(70,18,'110793697675982.jpg','125229875861359.jpg','128440178087071.jpg',0,0,5,'2018-06-19 00:00:00',5,'2018-07-10 00:00:00'),(71,18,'126193977746306.jpg','300882956009387.jpg','301816469989983.jpg',0,0,5,'2018-06-19 00:00:00',5,'2018-07-10 00:00:00'),(72,18,'118983923016012.jpg','306675217799825.jpg','107289296369429.jpg',0,0,5,'2018-06-19 00:00:00',5,'2018-07-10 00:00:00'),(73,19,'110116029820357.jpg','205741965736402.jpg','280474634091265.jpg',0,1,5,'2018-06-19 00:00:00',5,'2018-06-19 00:00:00'),(74,19,'863322632431750.jpg','277445739376948.jpg','328411798764877.jpg',0,1,5,'2018-06-19 00:00:00',5,'2018-06-19 00:00:00'),(75,19,'745533603637443.jpg','803990551218217.jpg','136870109894894.jpg',0,1,5,'2018-06-19 00:00:00',5,'2018-06-19 00:00:00'),(76,20,'799477191363489.jpg','269619199096491.jpg','263910910666756.jpg',0,1,5,'2018-06-19 00:00:00',5,'2018-06-19 00:00:00'),(77,20,'649706927237942.jpg','102633270985109.jpg','275842593835324.jpg',0,1,5,'2018-06-19 00:00:00',5,'2018-06-19 00:00:00'),(78,20,'510102730853901.jpg','215287012071816.jpg','276489774473012.jpg',0,1,5,'2018-06-19 00:00:00',5,'2018-06-19 00:00:00'),(79,21,'135715092316186.jpg','234255582637626.jpg','581044610956341.jpg',0,1,5,'2018-06-19 00:00:00',5,'2018-06-19 00:00:00'),(80,21,'240472864052348.jpg','306095859086414.jpg','523078425669460.jpg',0,1,5,'2018-06-19 00:00:00',5,'2018-06-19 00:00:00'),(81,21,'643989539763148.jpg','151652265727010.jpg','613809291081538.jpg',0,1,5,'2018-06-19 00:00:00',5,'2018-06-19 00:00:00'),(82,22,'263339940038846.jpg','198960402216639.jpg','554429075261768.jpg',0,1,5,'2018-06-20 00:00:00',5,'2018-06-20 00:00:00'),(83,22,'203894415419308.jpg','304367261087575.jpg','231287535977040.jpg',0,1,5,'2018-06-20 00:00:00',5,'2018-06-20 00:00:00'),(84,22,'930389204327424.jpg','254262400089159.jpg','126073005870950.jpg',0,1,5,'2018-06-20 00:00:00',5,'2018-06-20 00:00:00'),(85,23,'129125215829769.jpg','318408544691947.jpg','244503384308214.jpg',0,1,5,'2018-07-09 00:00:00',5,'2018-07-09 00:00:00'),(86,23,'489828231738376.jpg','278687484085584.jpg','765903207756179.jpg',0,1,5,'2018-07-09 00:00:00',5,'2018-07-09 00:00:00'),(87,23,'209796876411368.jpg','459651023593085.jpg','652236538043534.jpg',0,1,5,'2018-07-09 00:00:00',5,'2018-07-09 00:00:00'),(88,24,'175110843044926.jpg','113623254342699.jpg','109105515843749.jpg',0,1,5,'2018-07-09 00:00:00',5,'2018-09-04 00:00:00'),(89,24,'288961511691111.jpg','207283498738032.jpg','134483753429993.jpg',0,1,5,'2018-07-09 00:00:00',5,'2018-09-04 00:00:00'),(90,24,'694614787152648.jpg','322785750995345.jpg','134667814483632.jpg',0,1,5,'2018-07-09 00:00:00',5,'2018-09-04 00:00:00'),(91,25,'273542475794996.jpg','112792633840843.jpg','293237592304213.jpg',1,1,5,'2018-07-10 00:00:00',5,'2018-07-10 00:00:00'),(92,25,'156053442441360.jpg','244808127686168.jpg','220304920160395.jpg',0,1,5,'2018-07-10 00:00:00',5,'2018-07-10 00:00:00'),(93,25,'238111675662099.jpg','203993418832213.jpg','196307699293303.jpg',0,1,5,'2018-07-10 00:00:00',5,'2018-07-10 00:00:00'),(94,26,'102831912528085.jpg','272469785727537.jpg','300807792362545.jpg',0,1,5,'2018-07-10 00:00:00',5,'2018-07-10 00:00:00'),(95,26,'290355642400324.jpg','116891802954505.jpg','129846406375849.jpg',1,1,5,'2018-07-10 00:00:00',5,'2018-07-10 00:00:00'),(96,26,'310413612921784.jpg','182319628007305.jpg','210439365140345.jpg',0,1,5,'2018-07-10 00:00:00',5,'2018-07-10 00:00:00'),(97,27,'e703b4d7899a40952129af1e454c4091.jpg','','',0,0,5,'2018-07-10 03:48:24',5,'2018-07-10 00:00:00'),(98,27,'943625d9df2cccf8b8457656fc78935e.jpg','','',0,0,5,'2018-07-10 03:48:24',5,'2018-07-10 00:00:00'),(99,27,'86d876f76668188f6db1b8407e55b8b2.jpg','','',0,0,5,'2018-07-10 03:48:24',5,'2018-07-10 00:00:00'),(100,27,'958616387429137.jpg','235650565305701.jpg','210580999418443.jpg',0,1,5,'2018-07-10 00:00:00',5,'2018-07-10 00:00:00'),(101,27,'232247997517739.jpg','238073240280146.jpg','594370397203292.jpg',0,1,5,'2018-07-10 00:00:00',5,'2018-07-10 00:00:00'),(102,27,'311972618991655.jpg','163812305087863.jpg','181650515076075.jpg',0,1,5,'2018-07-10 00:00:00',5,'2018-07-10 00:00:00'),(103,28,'221078506198748.jpg','237063932330563.jpg','692563847231613.jpg',0,1,5,'2018-07-10 00:00:00',5,'2018-07-10 00:00:00'),(104,28,'154108348611626.jpg','149736143722934.jpg','286168762009031.jpg',0,1,5,'2018-07-10 00:00:00',5,'2018-07-10 00:00:00'),(105,28,'798110012554000.jpg','297194756926310.jpg','199473710295035.jpg',0,1,5,'2018-07-10 00:00:00',5,'2018-07-10 00:00:00'),(106,29,'195100928050218.jpg','212886176569351.jpg','271193674095143.jpg',0,1,5,'2018-07-10 00:00:00',5,'2018-07-10 00:00:00'),(107,29,'145358351248808.jpg','291022451994988.jpg','256392889524382.jpg',0,1,5,'2018-07-10 00:00:00',5,'2018-07-10 00:00:00'),(108,29,'381090102501861.jpg','299181934177446.jpg','126798008778396.jpg',0,1,5,'2018-07-10 00:00:00',5,'2018-07-10 00:00:00'),(109,18,'955324226125375.jpg','172683541909363.jpg','234833192733868.jpg',0,1,5,'2018-07-10 00:00:00',5,'2018-07-10 00:00:00'),(110,18,'891739034791273.jpg','324916208252548.jpg','238108956636926.jpg',0,1,5,'2018-07-10 00:00:00',5,'2018-07-10 00:00:00'),(111,18,'227150950990208.jpg','118960377535260.jpg','224561608530943.jpg',1,1,5,'2018-07-10 00:00:00',5,'2018-07-10 00:00:00'),(112,18,'149632320113425.jpg','753047305929054.jpg','103902818788481.jpg',0,1,5,'2018-07-10 00:00:00',5,'2018-07-10 00:00:00'),(113,18,'118892325626235.jpg','207460683272706.jpg','201744746884637.jpg',0,1,5,'2018-07-10 00:00:00',5,'2018-07-10 00:00:00'),(114,30,'260802967477965.jpg','741292482868006.jpg','217297481682985.jpg',0,1,5,'2018-07-16 00:00:00',5,'2018-07-16 00:00:00'),(115,30,'985214553622980.jpg','109195713285007.jpg','261680632484223.jpg',1,1,5,'2018-07-16 00:00:00',5,'2018-07-16 00:00:00'),(116,30,'256399264286959.jpg','168336546765114.jpg','208428556691585.jpg',0,1,5,'2018-07-16 00:00:00',5,'2018-07-16 00:00:00'),(117,31,'204025446897634.jpg','236209617671747.jpg','165411899877912.jpg',1,1,5,'2018-07-16 00:00:00',5,'2018-07-16 00:00:00'),(118,31,'166337911098458.jpg','147088393390577.jpg','154658721502420.jpg',0,1,5,'2018-07-16 00:00:00',5,'2018-07-16 00:00:00'),(119,31,'221377232098924.jpg','730914025093735.jpg','217269930995350.jpg',0,1,5,'2018-07-16 00:00:00',5,'2018-07-16 00:00:00'),(120,32,'270546546686991.jpg','261678940522832.jpg','145477477963986.jpg',0,1,5,'2018-07-16 00:00:00',5,'2018-07-16 00:00:00'),(121,32,'121161449741316.jpg','274202997406803.jpg','239927760359211.jpg',0,1,5,'2018-07-16 00:00:00',5,'2018-07-16 00:00:00'),(122,32,'203722310408425.jpg','117507879718598.jpg','316931894705849.jpg',0,1,5,'2018-07-16 00:00:00',5,'2018-07-16 00:00:00'),(123,34,'478983809320481.jpg','182241936387085.jpg','250851937204029.jpg',0,1,5,'2018-07-23 00:00:00',5,'2018-07-23 00:00:00'),(124,34,'971337937996166.jpg','250863107518684.jpg','127166172138040.jpg',1,1,5,'2018-07-23 00:00:00',5,'2018-07-23 00:00:00'),(125,34,'206290690357059.jpg','233010683684770.jpg','313880615641612.jpg',0,1,5,'2018-07-23 00:00:00',5,'2018-07-23 00:00:00'),(126,35,'327208094488147.jpg','328079633718201.jpg','924769476089282.jpg',0,1,5,'2018-07-23 00:00:00',5,'2018-07-23 00:00:00'),(127,35,'492522875064577.jpg','192457565970348.jpg','139999819574958.jpg',1,1,5,'2018-07-23 00:00:00',5,'2018-07-23 00:00:00'),(128,35,'228791312028033.jpg','279026306578066.jpg','230440395675442.jpg',0,1,5,'2018-07-23 00:00:00',5,'2018-07-23 00:00:00'),(129,36,'231596420098143.jpg','193373686782419.jpg','131030598418653.jpg',0,1,5,'2018-07-23 00:00:00',5,'2018-07-23 00:00:00'),(130,36,'157007621249984.jpg','252660118913559.jpg','217027652952276.jpg',1,1,5,'2018-07-23 00:00:00',5,'2018-07-23 00:00:00'),(131,36,'261689656750959.jpg','199071111702759.jpg','143410362056541.jpg',0,1,5,'2018-07-23 00:00:00',5,'2018-07-23 00:00:00'),(132,37,'327764890474838.jpg','100782833343443.jpg','842477956363963.jpg',0,1,5,'2018-07-23 00:00:00',5,'2018-07-23 00:00:00'),(133,37,'216716474298896.jpg','353840418399672.jpg','249914532873368.jpg',1,1,5,'2018-07-23 00:00:00',5,'2018-07-23 00:00:00'),(134,37,'517398581627099.jpg','312385286437563.jpg','262403561085725.jpg',0,1,5,'2018-07-23 00:00:00',5,'2018-07-23 00:00:00'),(135,38,'996444819053121.jpg','191305312846880.jpg','142350712214187.jpg',0,1,5,'2018-07-23 00:00:00',5,'2018-07-23 00:00:00'),(136,38,'731560196233089.jpg','220883531375865.jpg','328625155472982.jpg',0,1,5,'2018-07-23 00:00:00',5,'2018-07-23 00:00:00'),(137,38,'114100585932112.jpg','984372021401164.jpg','168692032662506.jpg',0,1,5,'2018-07-23 00:00:00',5,'2018-07-23 00:00:00'),(138,39,'134049347028807.jpg','324086445354107.jpg','116395422917145.jpg',0,1,5,'2018-07-25 00:00:00',5,'2018-07-25 00:00:00'),(139,39,'286872631892263.jpg','185427750840577.jpg','150656484113211.jpg',1,1,5,'2018-07-25 00:00:00',5,'2018-07-25 00:00:00'),(140,39,'291808980982359.jpg','292876888064592.jpg','187534503003580.jpg',0,1,5,'2018-07-25 00:00:00',5,'2018-07-25 00:00:00'),(141,40,'185210509778223.jpg','266437450607524.jpg','227251860122454.jpg',0,1,5,'2018-07-25 00:00:00',5,'2018-07-25 00:00:00'),(142,40,'170987098593419.jpg','243405832553375.jpg','397735129245736.jpg',0,1,5,'2018-07-25 00:00:00',5,'2018-07-25 00:00:00'),(143,40,'206163430790802.jpg','388199233269065.jpg','214422784334949.jpg',1,1,5,'2018-07-25 00:00:00',5,'2018-07-25 00:00:00'),(144,41,'253607849313643.jpg','252372803282498.jpg','280009227895260.jpg',0,1,5,'2018-07-25 00:00:00',5,'2018-07-25 00:00:00'),(145,41,'223223295210942.jpg','101647494167631.jpg','281139249677070.jpg',1,1,5,'2018-07-25 00:00:00',5,'2018-07-25 00:00:00'),(146,41,'942838641644190.jpg','164986067468944.jpg','217104637928615.jpg',0,1,5,'2018-07-25 00:00:00',5,'2018-07-25 00:00:00'),(147,42,'852601863215806.jpg','129995520709627.jpg','147848088734634.jpg',0,1,5,'2018-07-25 00:00:00',5,'2018-07-25 00:00:00'),(148,42,'225601835584167.jpg','417459020082260.jpg','314918767417167.jpg',1,1,5,'2018-07-25 00:00:00',5,'2018-07-25 00:00:00'),(149,42,'669157093289192.jpg','287273109022382.jpg','159422302099772.jpg',0,1,5,'2018-07-25 00:00:00',5,'2018-07-25 00:00:00'),(150,43,'267965619972446.jpg','282377838845173.jpg','315779499453858.jpg',0,1,5,'2018-07-25 00:00:00',5,'2018-07-25 00:00:00'),(151,43,'235536210989783.jpg','577337454235669.jpg','814934564572232.jpg',1,1,5,'2018-07-25 00:00:00',5,'2018-07-25 00:00:00'),(152,43,'166058870350756.jpg','290323103729805.jpg','267954502347052.jpg',0,1,5,'2018-07-25 00:00:00',5,'2018-07-25 00:00:00'),(153,44,'844593894935328.jpg','172245203797740.jpg','652310360090066.jpg',1,1,5,'2018-07-31 00:00:00',5,'2018-07-31 00:00:00'),(154,44,'152205827338464.jpg','286108249120720.jpg','908858881280487.jpg',0,1,5,'2018-07-31 00:00:00',5,'2018-07-31 00:00:00'),(155,44,'134527448042921.jpg','282413268155398.jpg','217826669937983.jpg',0,1,5,'2018-07-31 00:00:00',5,'2018-07-31 00:00:00'),(156,45,'253561430814030.jpg','204491413352759.jpg','103154307990748.jpg',0,1,5,'2018-07-31 00:00:00',5,'2018-07-31 00:00:00'),(157,45,'219559713757825.jpg','251398320938280.jpg','129533043343639.jpg',0,1,5,'2018-07-31 00:00:00',5,'2018-07-31 00:00:00'),(158,46,'193988906960818.jpg','158461097288073.jpg','503411722543264.jpg',0,1,5,'2018-07-31 00:00:00',5,'2018-07-31 00:00:00'),(159,46,'119374656472807.jpg','791562483547381.jpg','260849537879112.jpg',0,1,5,'2018-07-31 00:00:00',5,'2018-07-31 00:00:00'),(160,46,'253580583817845.jpg','247007954580493.jpg','318600029079496.jpg',0,1,5,'2018-07-31 00:00:00',5,'2018-07-31 00:00:00'),(161,47,'253197190054224.jpg','313534385969022.jpg','133588799669221.jpg',0,1,5,'2018-07-31 00:00:00',5,'2018-07-31 00:00:00'),(162,47,'777028469136901.jpg','314387901040375.jpg','295963688195602.jpg',1,1,5,'2018-07-31 00:00:00',5,'2018-07-31 00:00:00'),(163,47,'365080409684670.jpg','426680086777712.jpg','542277565902835.jpg',0,1,5,'2018-07-31 00:00:00',5,'2018-07-31 00:00:00'),(164,48,'226882016866422.jpg','155458449811589.jpg','168120024117592.jpg',0,1,5,'2018-07-31 00:00:00',5,'2018-07-31 00:00:00'),(165,48,'110366484267870.jpg','284426648063185.jpg','204938894963919.jpg',1,1,5,'2018-07-31 00:00:00',5,'2018-07-31 00:00:00'),(166,49,'254444631707051.jpg','197907487196785.jpg','145756373767441.jpg',0,1,5,'2018-07-31 00:00:00',5,'2018-07-31 00:00:00'),(167,49,'151162002443633.jpg','157753470603274.jpg','273877239703983.jpg',1,1,5,'2018-07-31 00:00:00',5,'2018-07-31 00:00:00'),(168,49,'677254204735095.jpg','146719526773302.jpg','311909382116261.jpg',0,1,5,'2018-07-31 00:00:00',5,'2018-07-31 00:00:00'),(169,50,'829909631689573.jpg','247132127045854.jpg','831802202044192.jpg',0,1,5,'2018-07-31 00:00:00',5,'2018-07-31 00:00:00'),(170,50,'386130277376518.jpg','935332478293341.jpg','108453266325494.jpg',0,1,5,'2018-07-31 00:00:00',5,'2018-07-31 00:00:00'),(171,50,'290005812535488.jpg','834346250235008.jpg','286732541312625.jpg',0,1,5,'2018-07-31 00:00:00',5,'2018-07-31 00:00:00'),(172,51,'ea4b3d7ee7ff4fe43cd0d582bfa0bb2c.jpg','','',0,0,1,'2018-08-16 05:05:25',1,'2018-09-03 00:00:00'),(173,51,'306166463472654.jpg','607842957226178.jpg','212759893581670.jpg',1,1,1,'2018-09-03 00:00:00',1,'2018-09-03 00:00:00'),(174,24,'283087330475224.jpg','308037882464995.jpg','114638794558118.jpg',1,1,5,'2018-09-04 00:00:00',5,'2018-09-04 00:00:00');
/*!40000 ALTER TABLE `item_image` ENABLE KEYS */;
UNLOCK TABLES;

--
-- Table structure for table `item_pricebatch`
--

DROP TABLE IF EXISTS `item_pricebatch`;
/*!40101 SET @saved_cs_client     = @@character_set_client */;
/*!40101 SET character_set_client = utf8 */;
CREATE TABLE `item_pricebatch` (
  `id` int(11) NOT NULL AUTO_INCREMENT,
  `item_id` int(11) NOT NULL,
  `price_batch_id` int(11) NOT NULL,
  `price` float NOT NULL,
  `enabled` tinyint(1) NOT NULL DEFAULT '1',
  `created_by` int(11) NOT NULL,
  `created_on` datetime NOT NULL,
  `lastupdated_by` int(11) NOT NULL,
  `lastupdated_on` datetime NOT NULL,
  PRIMARY KEY (`id`)
) ENGINE=InnoDB DEFAULT CHARSET=latin1;
/*!40101 SET character_set_client = @saved_cs_client */;

--
-- Dumping data for table `item_pricebatch`
--

LOCK TABLES `item_pricebatch` WRITE;
/*!40000 ALTER TABLE `item_pricebatch` DISABLE KEYS */;
/*!40000 ALTER TABLE `item_pricebatch` ENABLE KEYS */;
UNLOCK TABLES;

--
-- Table structure for table `item_selling_price`
--

DROP TABLE IF EXISTS `item_selling_price`;
/*!40101 SET @saved_cs_client     = @@character_set_client */;
/*!40101 SET character_set_client = utf8 */;
CREATE TABLE `item_selling_price` (
  `id` int(11) NOT NULL AUTO_INCREMENT,
  `item_id` int(11) NOT NULL,
  `grn_item_id` int(11) NOT NULL,
  `effective_date` datetime NOT NULL DEFAULT '1970-01-01 00:00:01',
  `price` float NOT NULL,
  `enabled` tinyint(1) NOT NULL DEFAULT '1',
  `created_by` int(11) NOT NULL DEFAULT '0',
  `created_on` datetime NOT NULL,
  `lastupdated_by` int(11) NOT NULL DEFAULT '0',
  `lastupdated_on` datetime NOT NULL,
  PRIMARY KEY (`id`)
) ENGINE=InnoDB AUTO_INCREMENT=19 DEFAULT CHARSET=utf8;
/*!40101 SET character_set_client = @saved_cs_client */;

--
-- Dumping data for table `item_selling_price`
--

LOCK TABLES `item_selling_price` WRITE;
/*!40000 ALTER TABLE `item_selling_price` DISABLE KEYS */;
INSERT INTO `item_selling_price` VALUES (1,1,8,'2018-04-10 00:00:00',101,1,2,'2018-04-10 05:44:42',2,'2018-04-10 05:44:42'),(2,1,8,'2018-04-11 00:00:00',150,1,2,'2018-04-10 06:07:02',2,'2018-04-10 06:07:02'),(3,1,8,'2018-04-11 00:00:00',120,1,2,'2018-04-11 10:50:43',2,'2018-04-11 10:50:43'),(4,2,5,'2018-05-02 00:00:00',150,1,2,'2018-05-03 10:09:27',2,'2018-05-03 10:09:27'),(5,2,1,'2018-05-02 00:00:00',12500,1,2,'2018-05-03 10:10:09',2,'2018-05-03 10:10:09'),(6,4,4,'2018-05-02 00:00:00',2000,1,2,'2018-05-03 10:12:35',2,'2018-05-03 10:12:35'),(7,4,7,'2018-05-02 00:00:00',500000000,1,2,'2018-05-03 10:12:58',2,'2018-05-03 10:12:58'),(8,5,9,'2018-05-17 00:00:00',600000,1,1,'2018-05-17 11:03:00',1,'2018-05-17 11:03:00'),(9,1,1,'2018-06-07 00:00:00',13000,1,5,'2018-06-07 04:22:30',5,'2018-06-07 04:22:30'),(10,9,2,'2018-06-15 00:00:00',20000,1,5,'2018-06-15 05:57:38',5,'2018-06-15 05:57:38'),(11,9,2,'2018-07-31 00:00:00',135456,1,1,'2018-07-31 10:57:55',1,'2018-07-31 10:57:55'),(12,1,1,'2018-08-16 00:00:00',15555,1,1,'2018-08-16 10:59:06',1,'2018-08-16 10:59:06'),(13,5,3,'2018-08-16 00:00:00',200,1,1,'2018-08-16 04:09:01',1,'2018-08-16 04:09:01'),(14,5,4,'2018-08-16 00:00:00',200,1,1,'2018-08-16 04:12:41',1,'2018-08-16 04:12:41'),(15,51,46,'2018-08-16 00:00:00',4000,1,1,'2018-08-16 05:09:05',1,'2018-08-16 05:09:05'),(16,51,56,'2018-08-29 00:00:00',111111,1,2,'2018-08-29 11:20:39',2,'2018-08-29 11:20:39'),(17,51,46,'2018-08-29 00:00:00',222222,1,2,'2018-08-29 11:21:07',2,'2018-08-29 11:21:07'),(18,10,3,'2018-08-30 00:00:00',3000,1,1,'2018-08-30 01:33:09',1,'2018-08-30 01:33:09');
/*!40000 ALTER TABLE `item_selling_price` ENABLE KEYS */;
UNLOCK TABLES;

--
-- Table structure for table `metadata_product`
--

DROP TABLE IF EXISTS `metadata_product`;
/*!40101 SET @saved_cs_client     = @@character_set_client */;
/*!40101 SET character_set_client = utf8 */;
CREATE TABLE `metadata_product` (
  `id` int(11) NOT NULL AUTO_INCREMENT,
  `name` varchar(100) NOT NULL,
  `description` text NOT NULL,
  `counting_behaviour` enum('COUNTABLE','UNIQUE_ITEM','MEASURABLE') NOT NULL DEFAULT 'COUNTABLE',
  `product_type` int(11) NOT NULL,
  `enabled` tinyint(1) NOT NULL DEFAULT '0',
  `created_by` int(11) NOT NULL DEFAULT '0',
  `created_on` datetime NOT NULL,
  `lastupdated_by` int(11) NOT NULL DEFAULT '0',
  `lastupdated_on` datetime NOT NULL,
  PRIMARY KEY (`id`)
) ENGINE=InnoDB AUTO_INCREMENT=13 DEFAULT CHARSET=utf8;
/*!40101 SET character_set_client = @saved_cs_client */;

--
-- Dumping data for table `metadata_product`
--

LOCK TABLES `metadata_product` WRITE;
/*!40000 ALTER TABLE `metadata_product` DISABLE KEYS */;
INSERT INTO `metadata_product` VALUES (1,'Sun Glass','Sun Glasses','COUNTABLE',2,1,2,'2018-04-03 13:44:03',2,'2018-04-20 15:33:22'),(2,'Contact Lense','afas','UNIQUE_ITEM',3,1,2,'2018-04-04 14:25:04',2,'2018-04-20 15:35:04'),(3,'Accessory','','COUNTABLE',1,1,2,'2018-04-20 15:35:14',2,'2018-04-20 15:35:14'),(4,'Spectacle','','COUNTABLE',1,1,2,'2018-04-20 15:35:26',2,'2018-04-20 15:35:26'),(5,'ET17891','ESPRIT ORIGINAL ','COUNTABLE',2,0,1,'2018-05-17 13:44:53',1,'2018-05-17 14:04:09'),(6,'ET17891','','COUNTABLE',2,0,1,'2018-05-17 13:46:00',1,'2018-06-19 10:50:02'),(7,'R1416 B  ','ORIGINEL RODENSTOCK ','COUNTABLE',2,0,1,'2018-05-22 16:00:36',1,'2018-06-19 10:49:56'),(8,'ESPRIT','','COUNTABLE',2,0,5,'2018-06-07 11:15:45',1,'2018-06-19 10:50:15'),(9,'ET17890','','COUNTABLE',2,0,5,'2018-06-07 15:01:20',1,'2018-06-19 10:50:08'),(10,'ELLE','O','MEASURABLE',1,0,5,'2018-06-07 17:45:48',1,'2018-06-19 10:50:21'),(11,'RODENSTOCK','ORIGINAL\n','COUNTABLE',1,0,5,'2018-06-19 08:39:38',1,'2018-06-19 10:49:47'),(12,'Test Product 1','Test Product 1 under Sunwear','COUNTABLE',2,1,1,'2018-08-16 12:52:40',1,'2018-08-16 12:52:40');
/*!40000 ALTER TABLE `metadata_product` ENABLE KEYS */;
UNLOCK TABLES;

--
-- Table structure for table `mode_of_payment`
--

DROP TABLE IF EXISTS `mode_of_payment`;
/*!40101 SET @saved_cs_client     = @@character_set_client */;
/*!40101 SET character_set_client = utf8 */;
CREATE TABLE `mode_of_payment` (
  `id` int(11) NOT NULL AUTO_INCREMENT,
  `name` varchar(45) NOT NULL,
  `enabled` tinyint(1) NOT NULL DEFAULT '0',
  `created_by` int(11) NOT NULL DEFAULT '0',
  `created_on` datetime NOT NULL,
  `lastupdated_by` int(11) NOT NULL DEFAULT '0',
  `lastupdated_on` datetime NOT NULL,
  PRIMARY KEY (`id`)
) ENGINE=InnoDB AUTO_INCREMENT=4 DEFAULT CHARSET=latin1;
/*!40101 SET character_set_client = @saved_cs_client */;

--
-- Dumping data for table `mode_of_payment`
--

LOCK TABLES `mode_of_payment` WRITE;
/*!40000 ALTER TABLE `mode_of_payment` DISABLE KEYS */;
INSERT INTO `mode_of_payment` VALUES (1,'CASH',1,0,'0000-00-00 00:00:00',0,'0000-00-00 00:00:00'),(2,'CREDIT_CARD',1,0,'0000-00-00 00:00:00',0,'0000-00-00 00:00:00'),(3,'CHEQUE',1,0,'0000-00-00 00:00:00',0,'0000-00-00 00:00:00');
/*!40000 ALTER TABLE `mode_of_payment` ENABLE KEYS */;
UNLOCK TABLES;

--
-- Table structure for table `mode_of_payment_fields`
--

DROP TABLE IF EXISTS `mode_of_payment_fields`;
/*!40101 SET @saved_cs_client     = @@character_set_client */;
/*!40101 SET character_set_client = utf8 */;
CREATE TABLE `mode_of_payment_fields` (
  `id` int(11) NOT NULL AUTO_INCREMENT,
  `mode_of_payment_id` int(11) NOT NULL,
  `payment_field_id` int(11) NOT NULL,
  `order` int(2) DEFAULT NULL,
  `is_optional` tinyint(1) NOT NULL DEFAULT '1',
  `enabled` tinyint(1) NOT NULL DEFAULT '0',
  `created_by` int(11) NOT NULL DEFAULT '0',
  `created_on` datetime NOT NULL,
  `lastupdated_by` int(11) NOT NULL DEFAULT '0',
  `lastupdated_on` datetime NOT NULL,
  PRIMARY KEY (`id`)
) ENGINE=InnoDB AUTO_INCREMENT=20 DEFAULT CHARSET=latin1;
/*!40101 SET character_set_client = @saved_cs_client */;

--
-- Dumping data for table `mode_of_payment_fields`
--

LOCK TABLES `mode_of_payment_fields` WRITE;
/*!40000 ALTER TABLE `mode_of_payment_fields` DISABLE KEYS */;
INSERT INTO `mode_of_payment_fields` VALUES (11,1,9,1,0,1,0,'0000-00-00 00:00:00',0,'0000-00-00 00:00:00'),(12,2,2,2,0,1,0,'0000-00-00 00:00:00',0,'0000-00-00 00:00:00'),(13,2,3,3,0,1,0,'0000-00-00 00:00:00',0,'0000-00-00 00:00:00'),(14,2,4,1,0,1,0,'0000-00-00 00:00:00',0,'0000-00-00 00:00:00'),(15,2,5,4,0,1,0,'0000-00-00 00:00:00',0,'0000-00-00 00:00:00'),(16,3,9,1,0,1,0,'0000-00-00 00:00:00',0,'0000-00-00 00:00:00'),(17,3,8,2,0,1,0,'0000-00-00 00:00:00',0,'0000-00-00 00:00:00'),(18,3,6,3,0,1,0,'0000-00-00 00:00:00',0,'0000-00-00 00:00:00'),(19,3,7,4,0,1,0,'0000-00-00 00:00:00',0,'0000-00-00 00:00:00');
/*!40000 ALTER TABLE `mode_of_payment_fields` ENABLE KEYS */;
UNLOCK TABLES;

--
-- Table structure for table `model`
--

DROP TABLE IF EXISTS `model`;
/*!40101 SET @saved_cs_client     = @@character_set_client */;
/*!40101 SET character_set_client = utf8 */;
CREATE TABLE `model` (
  `id` int(11) NOT NULL AUTO_INCREMENT,
  `model_name` varchar(100) NOT NULL,
  `product_id` int(11) NOT NULL,
  `description` text,
  `sub_category` int(11) NOT NULL DEFAULT '0',
  `display_price_original` varchar(100) DEFAULT '0',
  `display_price_sale` varchar(100) DEFAULT '0',
  `enabled` tinyint(1) NOT NULL DEFAULT '0',
  `created_by` int(11) NOT NULL DEFAULT '0',
  `created_on` datetime NOT NULL,
  `lastupdated_by` int(11) NOT NULL DEFAULT '0',
  `lastupdated_on` datetime NOT NULL,
  PRIMARY KEY (`id`)
) ENGINE=InnoDB AUTO_INCREMENT=51 DEFAULT CHARSET=utf8;
/*!40101 SET character_set_client = @saved_cs_client */;

--
-- Dumping data for table `model`
--

LOCK TABLES `model` WRITE;
/*!40000 ALTER TABLE `model` DISABLE KEYS */;
INSERT INTO `model` VALUES (1,'ET19593',1,'original',4,'12000','12000',1,5,'2018-06-07 11:10:18',5,'2018-06-07 03:39:56'),(2,'ET17890',1,'ORIGINAL',4,'12000','12000',1,5,'2018-06-07 03:06:34',5,'2018-06-07 03:06:34'),(3,'ET19592',1,'ORIGINAL',4,'12000','12000',1,5,'2018-06-07 03:35:40',5,'2018-06-07 03:40:38'),(4,'EL14322',4,'ORIGINAL\n',4,'12000','12000',1,5,'2018-06-07 05:43:50',5,'2018-06-07 05:43:50'),(5,'EL13353',4,'ORIGINAL',4,'12000','12000',1,5,'2018-06-07 05:53:40',5,'2018-06-07 05:53:40'),(6,'EL13404',3,'ORIGINAL',4,'20000','20000',0,5,'2018-06-07 06:00:18',1,'2018-06-08 08:35:17'),(7,'EL13404',4,'ORIGINAL',4,'20000','20000',1,5,'2018-06-08 08:36:51',5,'2018-06-08 08:36:51'),(8,'CH12066',4,'ORIGINAL',4,'14000','14000',1,5,'2018-06-08 08:45:13',5,'2018-06-08 08:45:13'),(9,'CH11917',4,'ORIGINAL',4,'20000','20000',1,5,'2018-06-08 10:50:04',5,'2018-06-08 10:50:04'),(10,'CH10428',4,'ORIGINAL',4,'120000','120000',1,5,'2018-06-08 11:21:18',1,'2018-07-31 10:53:09'),(11,'CH12077',4,'ORIGINAL',4,'20000','20000',1,5,'2018-06-08 11:27:45',5,'2018-06-08 11:27:45'),(12,'CH16111',4,'ORIGINAL',4,'20000','20000',1,5,'2018-06-08 11:39:04',5,'2018-06-08 11:39:04'),(13,'ET17503',4,'ORIGINALA',4,'20000','20000',1,5,'2018-06-11 01:28:55',5,'2018-06-11 01:28:55'),(14,'ET17464',4,'ORIGINAL',4,'20000','20000',1,5,'2018-06-11 02:22:23',5,'2018-06-11 02:22:23'),(15,'ET17399',4,'ORIGINAL',4,'12000','12000',1,5,'2018-06-12 09:53:50',5,'2018-06-12 09:53:50'),(16,'ET14135',4,'ORIGINAL',4,'12000','12000',1,5,'2018-06-12 10:33:18',5,'2018-06-12 10:33:18'),(17,'ET17317',4,'ORIGINAL',4,'12000','12000',1,5,'2018-06-12 11:05:39',5,'2018-06-12 11:05:39'),(18,'ET17336',4,'ORIGINAL\n',4,'12000','12000',1,5,'2018-06-12 02:31:44',5,'2018-06-12 02:31:44'),(19,'R8010',4,'ORIGINAL',4,'54000','54000',1,5,'2018-06-19 08:40:26',5,'2018-06-19 08:40:26'),(20,'R7064',4,'ORIGINAL',4,'40000','40000',1,5,'2018-06-19 03:18:28',5,'2018-06-19 03:18:28'),(21,'R2609',4,'O',4,'40000','40000',1,5,'2018-06-19 04:40:25',5,'2018-06-19 04:40:25'),(22,'R7047',4,'O',4,'45000','45000',1,5,'2018-06-19 04:46:13',5,'2018-06-19 04:46:50'),(23,'R7054',4,'O',4,'49000','49000',1,5,'2018-06-20 08:34:07',5,'2018-06-20 08:34:07'),(24,'R7406',1,'RODEN STOCK ORIGINAL',4,'34000','34000',1,5,'2018-06-28 09:43:00',5,'2018-06-28 10:09:35'),(25,'R2607',4,'ORIGINAL',4,'34000','34000',1,5,'2018-07-09 08:37:59',5,'2018-07-09 08:37:59'),(26,'R1416',1,'ORIGINAL',4,'30000','30000',1,5,'2018-07-09 08:45:16',5,'2018-07-09 08:45:16'),(27,'ET19596',1,'ORIGINAL',4,'12000','12000',1,5,'2018-07-10 03:19:27',5,'2018-07-10 03:19:27'),(28,'ET17877',1,'ORIGINAL',4,'12000','12000',1,5,'2018-07-10 03:34:44',5,'2018-07-10 03:34:44'),(29,'ET19767',1,'ORIGINAL',4,'12000','12000',1,5,'2018-07-10 03:42:25',5,'2018-07-10 03:42:25'),(30,'R7052',4,'ORIGINAL',4,'50000','50000',1,5,'2018-07-10 03:53:10',5,'2018-07-10 03:53:10'),(31,'ET19597',1,'O',4,'12000','12000',1,5,'2018-07-16 09:45:59',5,'2018-07-16 09:45:59'),(32,'ET17891',1,'0',4,'12000','12000',1,5,'2018-07-16 09:54:06',5,'2018-07-16 09:54:06'),(33,'N8659',4,'NON BRAND',5,'4500','4500',1,5,'2018-07-16 10:10:26',5,'2018-07-31 04:30:41'),(34,'N8728',4,'NON',5,'4500','4500',1,5,'2018-07-16 11:00:29',5,'2018-07-31 04:31:33'),(35,'N8698',4,'non',5,'4500','4500',1,5,'2018-07-23 09:22:25',5,'2018-07-31 04:31:04'),(36,'N8609',4,'non',5,'4500','4500',1,5,'2018-07-23 09:31:42',5,'2018-07-31 04:30:13'),(37,'AB3126',4,'originad',4,'12000','12000',1,5,'2018-07-23 09:49:59',5,'2018-07-23 09:49:59'),(38,'ET17558',4,'original',4,'20000','20000',1,5,'2018-07-23 10:46:56',5,'2018-07-23 10:46:56'),(39,'AB3138U',4,'original',4,'14000','14000',1,5,'2018-07-23 11:36:59',5,'2018-07-25 11:41:20'),(40,'AB3140U',4,'ORIGINAL',4,'12000','12000',1,5,'2018-07-25 10:35:10',5,'2018-07-25 11:41:38'),(41,'ET17382',4,'OR',4,'12000','12000',1,5,'2018-07-25 10:44:00',5,'2018-07-25 10:48:24'),(42,'AB3140U',4,'ORIGINAL',4,'12000','12000',1,5,'2018-07-25 11:32:24',5,'2018-07-25 11:32:24'),(43,'AB3136U',4,'ORIGINAL',4,'14000','14000',1,5,'2018-07-25 11:57:17',5,'2018-07-25 01:25:39'),(44,'N8009',4,'NON',5,'5500','5500',1,5,'2018-07-31 11:04:59',5,'2018-07-31 04:29:51'),(45,'NS902',4,'non',5,'5500','5500',1,5,'2018-07-31 11:27:45',5,'2018-07-31 04:31:53'),(46,'N8008',4,'non',5,'5500','5500',1,5,'2018-07-31 11:49:10',5,'2018-07-31 04:29:05'),(47,'ET17526',4,'BARANDED',4,'20000','20000',1,5,'2018-07-31 01:16:59',5,'2018-07-31 01:16:59'),(48,'EL14339',4,'ORIGINAL',4,'12000','12000',1,5,'2018-07-31 02:42:26',5,'2018-07-31 02:42:26'),(49,'Test Model 1',12,'Test Model 1 from Test Product 1',4,'15000','888889000000000',1,1,'2018-08-16 12:56:02',1,'2018-08-16 12:56:02'),(50,'Test Model 2',1,'Test Model 2 from Sun Glass',4,'5555','888889000000',1,1,'2018-08-16 01:20:15',1,'2018-08-16 01:20:15');
/*!40000 ALTER TABLE `model` ENABLE KEYS */;
UNLOCK TABLES;

--
-- Table structure for table `model_field`
--

DROP TABLE IF EXISTS `model_field`;
/*!40101 SET @saved_cs_client     = @@character_set_client */;
/*!40101 SET character_set_client = utf8 */;
CREATE TABLE `model_field` (
  `id` int(11) NOT NULL AUTO_INCREMENT,
  `model_id` varchar(45) NOT NULL,
  `field_id` varchar(45) NOT NULL,
  `value_id` int(11) DEFAULT NULL,
  `enabled` tinyint(1) NOT NULL DEFAULT '0',
  `created_by` int(11) NOT NULL DEFAULT '0',
  `created_on` datetime NOT NULL,
  `lastupdated_by` int(11) NOT NULL DEFAULT '0',
  `lastupdated_on` datetime NOT NULL,
  PRIMARY KEY (`id`)
) ENGINE=InnoDB AUTO_INCREMENT=58 DEFAULT CHARSET=utf8;
/*!40101 SET character_set_client = @saved_cs_client */;

--
-- Dumping data for table `model_field`
--

LOCK TABLES `model_field` WRITE;
/*!40000 ALTER TABLE `model_field` DISABLE KEYS */;
INSERT INTO `model_field` VALUES (1,'1','4',22,0,5,'2018-06-07 11:50:00',1,'2018-06-07 14:31:56'),(2,'1','4',NULL,0,5,'2018-06-07 11:50:04',1,'2018-06-07 11:50:10'),(3,'1','3',16,1,5,'2018-06-07 11:50:20',5,'2018-06-07 01:48:31'),(4,'1','5',12,1,5,'2018-06-07 11:50:30',5,'2018-06-07 01:48:31'),(5,'2','4',23,1,5,'2018-06-07 03:12:07',5,'2018-06-19 01:56:52'),(6,'5','4',NULL,0,5,'2018-06-07 06:00:52',1,'2018-06-07 18:01:04'),(7,'19','4',10,1,5,'2018-06-19 08:41:42',5,'2018-06-19 01:46:45'),(8,'19','3',21,1,1,'2018-06-19 10:47:09',5,'2018-06-19 01:46:45'),(9,'10','3',32,1,5,'2018-06-19 11:49:42',5,'2018-06-19 11:51:45'),(10,'9','3',32,1,5,'2018-06-19 11:52:00',5,'2018-06-19 11:52:08'),(11,'8','3',32,1,5,'2018-06-19 12:21:20',5,'2018-06-19 12:21:29'),(12,'11','3',32,1,5,'2018-06-19 12:21:58',5,'2018-06-19 12:22:05'),(13,'12','3',32,1,5,'2018-06-19 12:22:30',5,'2018-06-19 12:22:37'),(14,'5','3',33,1,5,'2018-06-19 12:22:59',5,'2018-06-19 12:23:13'),(15,'7','3',33,1,5,'2018-06-19 12:23:38',5,'2018-06-19 12:23:46'),(16,'4','3',33,1,5,'2018-06-19 12:24:15',5,'2018-06-19 12:24:22'),(17,'16','3',16,1,5,'2018-06-19 12:24:47',5,'2018-06-19 12:26:50'),(18,'17','3',16,1,5,'2018-06-19 12:26:17',5,'2018-06-19 12:26:27'),(19,'18','3',16,1,5,'2018-06-19 12:27:43',5,'2018-06-19 12:27:50'),(20,'15','3',16,1,5,'2018-06-19 12:30:05',5,'2018-06-19 12:30:23'),(21,'15','3',NULL,0,5,'2018-06-19 12:30:07',1,'2018-06-19 12:30:14'),(22,'3','3',16,1,5,'2018-06-19 01:56:01',5,'2018-06-19 01:56:08'),(23,'2','3',16,1,5,'2018-06-19 01:56:40',5,'2018-06-19 01:56:52'),(24,'13','3',16,1,5,'2018-06-19 01:57:32',5,'2018-06-19 01:57:39'),(25,'14','3',16,1,5,'2018-06-19 01:58:02',5,'2018-06-19 01:58:08'),(26,'20','3',21,1,5,'2018-06-19 03:19:04',5,'2018-06-19 03:19:13'),(27,'22','3',21,1,5,'2018-06-19 04:59:18',5,'2018-06-19 04:59:27'),(28,'23','3',21,1,5,'2018-06-20 08:36:15',5,'2018-06-20 08:36:22'),(29,'21','3',17,1,5,'2018-06-20 04:29:43',5,'2018-06-20 04:29:51'),(30,'24','4',2,0,5,'2018-06-28 09:50:03',1,'2018-07-23 10:26:40'),(31,'36','3',37,1,5,'2018-07-23 10:05:34',5,'2018-07-23 10:07:11'),(32,'37','3',36,1,5,'2018-07-23 10:07:35',5,'2018-07-23 10:07:42'),(33,'33','3',37,1,5,'2018-07-23 10:08:11',5,'2018-07-23 10:08:59'),(34,'35','3',37,1,5,'2018-07-23 10:09:43',5,'2018-07-23 10:21:10'),(35,'34','3',37,1,5,'2018-07-23 10:22:09',5,'2018-07-23 10:22:20'),(36,'26','3',21,1,5,'2018-07-23 10:23:10',5,'2018-07-23 10:23:29'),(37,'25','3',21,1,5,'2018-07-23 10:25:12',5,'2018-07-23 10:25:20'),(38,'24','3',21,1,5,'2018-07-23 10:26:34',5,'2018-07-23 10:26:49'),(39,'30','3',21,1,5,'2018-07-23 10:27:40',5,'2018-07-23 10:27:46'),(40,'27','3',16,1,5,'2018-07-23 10:29:27',5,'2018-07-23 10:29:52'),(41,'28','3',16,1,5,'2018-07-23 10:31:38',5,'2018-07-23 10:33:04'),(42,'29','3',16,1,5,'2018-07-23 10:34:03',5,'2018-07-23 10:34:33'),(43,'31','3',16,1,5,'2018-07-23 10:36:19',5,'2018-07-23 10:36:30'),(44,'32','3',16,1,5,'2018-07-23 10:37:18',5,'2018-07-23 10:38:30'),(45,'38','3',16,1,5,'2018-07-23 10:47:21',5,'2018-07-23 10:47:31'),(46,'39','3',36,1,5,'2018-07-23 11:37:14',5,'2018-07-23 11:37:21'),(47,'40','3',36,1,5,'2018-07-25 10:39:59',5,'2018-07-25 10:40:08'),(48,'41','3',16,1,5,'2018-07-25 10:50:24',5,'2018-07-25 10:50:32'),(49,'42','3',36,1,5,'2018-07-25 11:32:48',5,'2018-07-25 11:32:56'),(50,'43','3',36,1,5,'2018-07-25 11:58:43',5,'2018-07-25 11:58:52'),(51,'44','3',37,1,5,'2018-07-31 11:05:29',5,'2018-07-31 11:05:36'),(52,'45','3',37,1,5,'2018-07-31 11:30:15',5,'2018-07-31 11:30:46'),(53,'46','3',37,1,5,'2018-07-31 11:51:46',5,'2018-07-31 11:51:52'),(54,'47','3',16,1,5,'2018-07-31 01:18:34',5,'2018-07-31 01:18:42'),(55,'48','3',33,1,5,'2018-07-31 02:43:23',5,'2018-07-31 02:43:30'),(56,'49','4',28,1,1,'2018-08-16 12:59:31',1,'2018-08-16 01:00:09'),(57,'50','4',28,1,1,'2018-08-16 01:22:02',1,'2018-08-16 01:22:15');
/*!40000 ALTER TABLE `model_field` ENABLE KEYS */;
UNLOCK TABLES;

--
-- Table structure for table `model_field_value`
--

DROP TABLE IF EXISTS `model_field_value`;
/*!40101 SET @saved_cs_client     = @@character_set_client */;
/*!40101 SET character_set_client = utf8 */;
CREATE TABLE `model_field_value` (
  `model_id` int(11) NOT NULL,
  `field_value_id` int(11) NOT NULL,
  `enabled` tinyint(1) NOT NULL DEFAULT '0',
  `created_by` int(11) NOT NULL DEFAULT '0',
  `created_on` datetime NOT NULL,
  `lastupdated_by` int(11) NOT NULL DEFAULT '0',
  `lastupdated_on` datetime NOT NULL,
  PRIMARY KEY (`model_id`,`field_value_id`)
) ENGINE=InnoDB DEFAULT CHARSET=utf8;
/*!40101 SET character_set_client = @saved_cs_client */;

--
-- Dumping data for table `model_field_value`
--

LOCK TABLES `model_field_value` WRITE;
/*!40000 ALTER TABLE `model_field_value` DISABLE KEYS */;
INSERT INTO `model_field_value` VALUES (1,22,1,5,'2018-06-07 02:34:52',5,'2018-06-07 03:41:23'),(1,23,0,5,'2018-06-07 03:38:55',5,'2018-06-07 03:41:23'),(2,23,1,5,'2018-06-07 03:19:01',5,'2018-06-07 03:19:01'),(3,23,1,5,'2018-06-07 03:39:21',5,'2018-06-07 03:39:21'),(4,24,1,5,'2018-06-07 05:44:53',5,'2018-06-07 05:44:53'),(5,25,1,5,'2018-06-07 05:54:27',5,'2018-06-07 05:54:27'),(7,3,1,5,'2018-06-08 09:57:32',5,'2018-06-08 09:57:32'),(7,9,0,5,'2018-06-08 08:37:08',5,'2018-06-08 09:57:32'),(8,10,1,5,'2018-06-08 08:45:42',5,'2018-06-08 08:45:42'),(9,26,1,5,'2018-06-08 10:53:20',5,'2018-06-08 10:53:20'),(10,25,1,5,'2018-06-08 11:22:19',5,'2018-06-08 11:22:19'),(11,10,1,5,'2018-06-08 11:28:19',5,'2018-06-08 11:28:19'),(12,3,1,5,'2018-06-08 11:51:34',5,'2018-06-08 11:51:34'),(13,27,1,5,'2018-06-11 01:32:57',5,'2018-06-11 01:32:57'),(14,29,1,5,'2018-06-11 02:22:49',5,'2018-06-11 02:22:49'),(15,7,1,5,'2018-06-12 10:48:30',5,'2018-06-12 10:48:30'),(15,30,1,5,'2018-06-12 10:05:24',5,'2018-06-12 10:48:30'),(16,9,1,5,'2018-06-19 02:28:29',5,'2018-06-19 02:28:29'),(16,10,1,5,'2018-06-19 01:49:27',5,'2018-06-19 02:28:29'),(16,27,0,5,'2018-06-12 10:39:26',5,'2018-06-19 02:28:29'),(17,7,1,5,'2018-06-12 11:07:38',5,'2018-06-12 11:07:46'),(18,31,1,5,'2018-06-12 02:33:28',5,'2018-06-12 02:33:28'),(19,0,1,1,'2018-06-19 12:38:39',1,'2018-06-19 12:38:39'),(19,3,0,1,'2018-06-19 12:39:04',5,'2018-06-19 02:42:51'),(19,4,0,1,'2018-06-19 12:39:04',5,'2018-06-19 02:42:51'),(19,9,1,1,'2018-06-19 02:11:50',5,'2018-06-19 02:42:51'),(19,10,1,1,'2018-06-19 02:12:03',5,'2018-06-19 02:42:51'),(20,9,1,5,'2018-06-19 03:20:07',5,'2018-06-19 03:20:07'),(21,9,1,5,'2018-06-19 04:41:33',5,'2018-06-19 04:41:33'),(22,34,1,5,'2018-06-19 04:55:17',5,'2018-06-19 04:55:17'),(23,10,1,5,'2018-06-20 08:35:49',5,'2018-06-20 08:35:49'),(24,9,1,5,'2018-06-28 10:08:44',5,'2018-06-28 10:08:44'),(25,9,1,5,'2018-07-09 08:38:38',5,'2018-07-09 08:38:38'),(26,10,1,5,'2018-07-09 08:46:06',5,'2018-07-09 08:46:06'),(27,23,1,5,'2018-07-10 03:24:19',5,'2018-07-10 03:24:19'),(28,8,1,5,'2018-07-10 03:36:02',5,'2018-07-10 03:36:02'),(29,35,1,5,'2018-07-10 03:45:09',5,'2018-07-10 03:45:09'),(30,34,1,5,'2018-07-10 03:53:40',5,'2018-07-10 03:53:40'),(31,23,1,5,'2018-07-16 09:48:15',5,'2018-07-16 09:48:15'),(32,7,1,5,'2018-07-16 09:55:28',5,'2018-07-16 09:55:28'),(33,10,1,5,'2018-07-16 10:15:22',5,'2018-07-16 10:15:22'),(34,9,1,5,'2018-07-16 11:03:32',5,'2018-07-16 11:03:32'),(35,9,1,5,'2018-07-23 09:25:39',5,'2018-07-23 09:25:39'),(36,9,1,5,'2018-07-23 09:37:23',5,'2018-07-23 09:37:23'),(37,9,1,5,'2018-07-23 09:52:24',5,'2018-07-23 09:52:24'),(38,8,1,5,'2018-07-23 10:48:33',5,'2018-07-23 10:48:33'),(39,9,1,5,'2018-07-23 11:37:39',5,'2018-07-25 11:46:14'),(39,34,1,5,'2018-07-25 11:46:14',5,'2018-07-25 11:46:14'),(40,38,1,5,'2018-07-25 10:38:41',5,'2018-07-25 10:38:41'),(41,8,1,5,'2018-07-25 10:51:09',5,'2018-07-25 10:51:09'),(42,9,1,5,'2018-07-25 11:33:35',5,'2018-07-25 11:33:35'),(43,9,1,5,'2018-07-25 11:59:29',5,'2018-07-25 12:01:48'),(44,9,1,5,'2018-07-31 11:19:48',5,'2018-07-31 11:19:48'),(44,10,1,5,'2018-07-31 11:14:44',5,'2018-07-31 11:19:48'),(44,39,1,5,'2018-07-31 11:08:02',5,'2018-07-31 11:19:48'),(45,9,1,5,'2018-07-31 11:28:41',5,'2018-07-31 11:28:41'),(46,9,1,5,'2018-07-31 11:51:05',5,'2018-07-31 11:51:05'),(47,9,1,5,'2018-07-31 01:17:42',5,'2018-07-31 01:17:42'),(48,10,1,5,'2018-07-31 02:42:53',5,'2018-07-31 02:42:53'),(50,4,1,1,'2018-08-16 01:23:31',1,'2018-08-16 01:23:31'),(50,7,1,1,'2018-08-16 01:23:31',1,'2018-08-16 01:23:31'),(50,8,1,1,'2018-08-16 01:23:31',1,'2018-08-16 01:23:31'),(50,11,1,1,'2018-08-16 01:23:31',1,'2018-08-16 01:23:31'),(50,24,1,1,'2018-08-16 01:23:31',1,'2018-08-16 01:23:31'),(50,28,1,1,'2018-08-16 01:23:31',1,'2018-08-16 01:23:31'),(50,34,1,1,'2018-08-16 01:23:31',1,'2018-08-16 01:23:31');
/*!40000 ALTER TABLE `model_field_value` ENABLE KEYS */;
UNLOCK TABLES;

--
-- Table structure for table `model_image`
--

DROP TABLE IF EXISTS `model_image`;
/*!40101 SET @saved_cs_client     = @@character_set_client */;
/*!40101 SET character_set_client = utf8 */;
CREATE TABLE `model_image` (
  `id` int(11) NOT NULL AUTO_INCREMENT,
  `model_id` int(11) NOT NULL,
  `image_name` varchar(150) NOT NULL,
  `zoom_image_name` varchar(45) NOT NULL DEFAULT '',
  `thumbnail_image_name` varchar(45) NOT NULL DEFAULT '',
  `is_preferred_image` tinyint(1) NOT NULL DEFAULT '0',
  `enabled` tinyint(1) NOT NULL DEFAULT '0',
  `created_by` int(11) NOT NULL DEFAULT '0',
  `created_on` datetime NOT NULL,
  `lastupdated_by` int(11) NOT NULL DEFAULT '0',
  `lastupdated_on` datetime NOT NULL,
  PRIMARY KEY (`id`)
) ENGINE=InnoDB AUTO_INCREMENT=65 DEFAULT CHARSET=utf8;
/*!40101 SET character_set_client = @saved_cs_client */;

--
-- Dumping data for table `model_image`
--

LOCK TABLES `model_image` WRITE;
/*!40000 ALTER TABLE `model_image` DISABLE KEYS */;
INSERT INTO `model_image` VALUES (1,1,'152246442397339.jpg','776590455920463.jpg','151005008564570.jpg',0,0,5,'2018-06-07 00:00:00',5,'2018-06-07 00:00:00'),(2,1,'920993504989899.jpg','153516416689225.jpg','275594675201382.jpg',0,0,5,'2018-06-07 00:00:00',5,'2018-06-07 00:00:00'),(3,1,'159665438454307.jpg','309261526321712.jpg','209670461033472.jpg',1,1,5,'2018-06-07 00:00:00',5,'2018-06-07 00:00:00'),(4,3,'200409830932994.jpg','204943830513624.jpg','163593740067091.jpg',1,0,5,'2018-06-07 00:00:00',5,'2018-07-30 00:00:00'),(5,2,'106933794076971.jpg','291931980375870.jpg','136214565226096.jpg',0,1,5,'2018-06-07 00:00:00',5,'2018-06-07 00:00:00'),(6,4,'313387373732784.jpg','306471866194600.jpg','325353713921719.jpg',0,1,5,'2018-06-07 00:00:00',5,'2018-06-07 00:00:00'),(7,5,'302031157142791.jpg','127088309130672.jpg','211339072207391.jpg',0,1,5,'2018-06-07 00:00:00',5,'2018-06-07 00:00:00'),(8,7,'185717603480695.jpg','969797331979173.jpg','225182423734478.jpg',0,1,5,'2018-06-08 00:00:00',5,'2018-06-08 00:00:00'),(9,8,'160457326850295.jpg','115169280407852.jpg','272620113524052.jpg',1,1,5,'2018-06-08 00:00:00',5,'2018-06-08 00:00:00'),(10,9,'316659538397603.jpg','219749747970613.jpg','278136208552537.jpg',0,1,5,'2018-06-08 00:00:00',5,'2018-06-08 00:00:00'),(11,10,'418469660215741.jpg','551519206564105.jpg','121276292848227.jpg',0,1,5,'2018-06-08 00:00:00',5,'2018-06-08 00:00:00'),(12,11,'617483493050487.jpg','298038183260906.jpg','120193775733546.jpg',0,1,5,'2018-06-08 00:00:00',5,'2018-06-08 00:00:00'),(13,12,'311558899252480.jpg','107697698306774.jpg','308134867015444.jpg',0,1,5,'2018-06-08 00:00:00',5,'2018-06-08 00:00:00'),(14,12,'311558899252480.jpg','107697698306774.jpg','308134867015444.jpg',1,0,5,'2018-06-08 00:00:00',5,'2018-06-08 00:00:00'),(15,13,'284772901908167.jpg','262733053817490.jpg','115772079212596.jpg',0,1,5,'2018-06-11 00:00:00',5,'2018-06-11 00:00:00'),(16,14,'313977879951793.jpg','254151008182225.jpg','143647266565981.jpg',0,1,5,'2018-06-11 00:00:00',5,'2018-06-11 00:00:00'),(17,15,'144795871915998.jpg','220329775138577.jpg','148801462804448.jpg',0,1,5,'2018-06-12 00:00:00',5,'2018-06-12 00:00:00'),(18,15,'167536922393384.jpg','315839862578913.jpg','165760634636932.jpg',0,1,5,'2018-06-12 00:00:00',5,'2018-06-12 00:00:00'),(19,16,'148683123598753.jpg','886038057357345.jpg','458965322410050.jpg',0,1,5,'2018-06-12 00:00:00',5,'2018-06-12 00:00:00'),(20,17,'127126780943827.jpg','747933398763322.jpg','831098037653079.jpg',0,1,5,'2018-06-12 00:00:00',5,'2018-06-12 00:00:00'),(21,18,'201852463951960.jpg','563228244503971.jpg','555918755380839.jpg',1,1,5,'2018-06-12 00:00:00',5,'2018-06-12 00:00:00'),(22,19,'985746892697075.jpg','134937751760370.jpg','747311181874835.jpg',0,1,5,'2018-06-19 00:00:00',5,'2018-06-19 00:00:00'),(23,20,'122903692214418.jpg','175313524857586.jpg','957041877590062.jpg',0,1,5,'2018-06-19 00:00:00',5,'2018-06-19 00:00:00'),(24,21,'150113487513926.jpg','417613623550051.jpg','167605264823621.jpg',0,1,5,'2018-06-19 00:00:00',5,'2018-06-19 00:00:00'),(25,22,'327447993981518.jpg','217442608881400.jpg','149275698407586.jpg',0,1,5,'2018-06-19 00:00:00',5,'2018-06-19 00:00:00'),(26,23,'381028446154909.jpg','226680311698919.jpg','213948757115636.jpg',0,1,5,'2018-06-20 00:00:00',5,'2018-06-20 00:00:00'),(27,24,'247125545896427.jpg','366022347061064.jpg','458024404752829.jpg',0,1,5,'2018-06-28 00:00:00',5,'2018-06-28 00:00:00'),(28,26,'126446345761847.jpg','689965355359241.jpg','315171264439361.jpg',0,1,5,'2018-07-09 00:00:00',5,'2018-09-04 00:00:00'),(29,25,'188946820075114.jpg','765187704748364.jpg','269751540593142.jpg',0,1,5,'2018-07-09 00:00:00',5,'2018-07-09 00:00:00'),(30,27,'107631497856073.jpg','239478664026138.jpg','160098567862915.jpg',0,1,5,'2018-07-10 00:00:00',5,'2018-07-30 00:00:00'),(31,28,'307592393745086.jpg','294578970162944.jpg','642721756493830.jpg',0,0,5,'2018-07-10 00:00:00',5,'2018-07-30 00:00:00'),(32,29,'245616897371195.jpg','685083192702104.jpg','544176138991023.jpg',0,1,5,'2018-07-10 00:00:00',5,'2018-07-10 00:00:00'),(33,30,'121849702770791.jpg','305856367729878.jpg','216811447957776.jpg',0,1,5,'2018-07-10 00:00:00',5,'2018-07-10 00:00:00'),(34,31,'158063746519754.jpg','251611985495776.jpg','164292946463635.jpg',0,1,5,'2018-07-16 00:00:00',5,'2018-07-16 00:00:00'),(35,32,'166540063215436.jpg','231254861336613.jpg','178477368368734.jpg',0,1,5,'2018-07-16 00:00:00',5,'2018-07-16 00:00:00'),(36,34,'132513387893165.jpg','164627661642326.jpg','107575190946485.jpg',0,1,5,'2018-07-16 00:00:00',5,'2018-07-16 00:00:00'),(37,33,'126548922816147.jpg','223798020953317.jpg','368055271600273.jpg',0,1,5,'2018-07-23 00:00:00',5,'2018-07-23 00:00:00'),(38,35,'707885840276219.jpg','825617291291865.jpg','329411075927167.jpg',0,1,5,'2018-07-23 00:00:00',5,'2018-07-23 00:00:00'),(39,36,'121563041412215.jpg','325781112039320.jpg','139077960070303.jpg',0,1,5,'2018-07-23 00:00:00',5,'2018-07-23 00:00:00'),(40,37,'226562302898242.jpg','253815298810172.jpg','169122221734062.jpg',0,1,5,'2018-07-23 00:00:00',5,'2018-07-23 00:00:00'),(41,39,'242895403635614.jpg','293697487674882.jpg','294769910913332.jpg',0,1,5,'2018-07-23 00:00:00',5,'2018-07-25 00:00:00'),(42,40,'234966304249226.jpg','598116581556217.jpg','250601243351332.jpg',0,1,5,'2018-07-25 00:00:00',5,'2018-07-25 00:00:00'),(43,41,'277377316901495.jpg','194897555749689.jpg','147830518356500.jpg',0,1,5,'2018-07-25 00:00:00',5,'2018-07-25 00:00:00'),(44,42,'255486456873847.jpg','464218318669675.jpg','598174417671235.jpg',0,1,5,'2018-07-25 00:00:00',5,'2018-07-25 00:00:00'),(45,39,'104945103989230.jpg','258566497860450.jpg','234299225424193.jpg',0,1,5,'2018-07-25 00:00:00',5,'2018-07-25 00:00:00'),(46,39,'104945103989230.jpg','258566497860450.jpg','234299225424193.jpg',0,1,5,'2018-07-25 00:00:00',5,'2018-07-25 00:00:00'),(47,43,'259621424927457.jpg','168211676892455.jpg','239370689134215.jpg',0,1,5,'2018-07-25 00:00:00',5,'2018-07-25 00:00:00'),(48,28,'126449999004179.jpg','319927051088078.jpg','296359920293055.jpg',0,0,5,'2018-07-30 00:00:00',5,'2018-07-30 00:00:00'),(49,28,'127415636699163.jpg','204689298189530.jpg','710502542369968.jpg',1,1,5,'2018-07-30 00:00:00',5,'2018-07-30 00:00:00'),(50,3,'746346849013321.jpg','135227680281272.jpg','217884698912383.jpg',0,1,5,'2018-07-30 00:00:00',5,'2018-07-30 00:00:00'),(51,27,'226997396545174.jpg','311079075863945.jpg','597757671724873.jpg',1,1,5,'2018-07-30 00:00:00',5,'2018-07-30 00:00:00'),(52,44,'320761418780446.jpg','286706513051937.jpg','913732659571440.jpg',1,1,5,'2018-07-31 00:00:00',5,'2018-07-31 00:00:00'),(53,44,'127109376093287.jpg','275548179298081.jpg','309034467177236.jpg',0,1,5,'2018-07-31 00:00:00',5,'2018-07-31 00:00:00'),(54,44,'182604009135837.jpg','238783382408801.jpg','114460324279349.jpg',0,1,5,'2018-07-31 00:00:00',5,'2018-07-31 00:00:00'),(55,45,'136517406501568.jpg','192737377077303.jpg','230645554460905.jpg',0,1,5,'2018-07-31 00:00:00',5,'2018-07-31 00:00:00'),(56,38,'177229237458470.jpg','517734862879917.jpg','243226437810629.jpg',0,1,5,'2018-07-31 00:00:00',5,'2018-07-31 00:00:00'),(57,46,'274538466265401.jpg','181493820011536.jpg','836882204518836.jpg',0,1,5,'2018-07-31 00:00:00',5,'2018-07-31 00:00:00'),(58,47,'106910130236096.jpg','119563838976976.jpg','434058899736470.jpg',0,1,5,'2018-07-31 00:00:00',5,'2018-07-31 00:00:00'),(59,48,'170649495510785.jpg','704319249292964.jpg','246439560058377.jpg',1,1,5,'2018-07-31 00:00:00',5,'2018-07-31 00:00:00'),(60,48,'179596404056068.jpg','120101659775904.jpg','426677319427850.jpg',0,0,5,'2018-07-31 00:00:00',5,'2018-07-31 00:00:00'),(61,48,'480807140952276.jpg','741555871235476.jpg','481418444059547.jpg',0,0,5,'2018-07-31 00:00:00',5,'2018-07-31 00:00:00'),(62,49,'100794532019025.jpg','282402592648624.jpg','108509908834399.jpg',1,1,1,'2018-08-16 00:00:00',1,'2018-08-16 00:00:00'),(63,50,'295415459002720.jpg','875011749906520.jpg','864269086738937.jpg',1,1,1,'2018-08-16 00:00:00',1,'2018-08-16 00:00:00'),(64,26,'523109939914184.jpg','315889771530851.jpg','204620875496909.jpg',1,1,5,'2018-09-04 00:00:00',5,'2018-09-04 00:00:00');
/*!40000 ALTER TABLE `model_image` ENABLE KEYS */;
UNLOCK TABLES;

--
-- Table structure for table `news`
--

DROP TABLE IF EXISTS `news`;
/*!40101 SET @saved_cs_client     = @@character_set_client */;
/*!40101 SET character_set_client = utf8 */;
CREATE TABLE `news` (
  `id` int(11) NOT NULL AUTO_INCREMENT,
  `title` varchar(255) NOT NULL,
  `content` text NOT NULL,
  `image_name` varchar(155) NOT NULL,
  `expiry_date` date DEFAULT NULL,
  `enabled` tinyint(1) NOT NULL DEFAULT '0',
  `created_by` int(11) NOT NULL DEFAULT '0',
  `created_on` datetime NOT NULL,
  `lastupdated_by` int(11) NOT NULL DEFAULT '0',
  `lastupdated_on` datetime NOT NULL,
  PRIMARY KEY (`id`)
) ENGINE=MyISAM AUTO_INCREMENT=3 DEFAULT CHARSET=utf8;
/*!40101 SET character_set_client = @saved_cs_client */;

--
-- Dumping data for table `news`
--

LOCK TABLES `news` WRITE;
/*!40000 ALTER TABLE `news` DISABLE KEYS */;
INSERT INTO `news` VALUES (1,'News Item','News Content','572329376973515.png','2018-01-27',1,1,'2018-01-18 02:51:59',1,'2018-01-18 02:52:41'),(2,'Test News 1','Your booking is done. \n \nThank you for making a reservation at Lalan Yala, Sri Lanka. Your reservation appear below; \n \nGuest Name: \n \nShammie Office \n \nBooking Dates: \n \nFrom: 2018-01-09\nTo: 2018-01-10 \n \nTotal Price: \n \nLKR 30,730.00 (NOT PAID) \n \nSpecial Instructions: \nYour booking is done. \n \nThank you for making a reservation at Lalan Yala, Sri Lanka. Your reservation appear below; \n \nGuest Name: \n \nShammie Office \n \nBooking Dates: \n \nFrom: 2018-01-09\nTo: 2018-01-10 \n \nTotal Price: \n \nLKR 30,730.00 (NOT PAID) \n \nSpecial Instructions: \nYour booking is done. \n \nThank you for making a reservation at Lalan Yala, Sri Lanka. Your reservation appear below; \n \nGuest Name: \n \nShammie Office \n \nBooking Dates: \n \nFrom: 2018-01-09\nTo: 2018-01-10 \n \nTotal Price: \n \nLKR 30,730.00 (NOT PAID) \n \nSpecial Instructions: \nYour booking is done. \n \nThank you for making a reservation at Lalan Yala, Sri Lanka. Your reservation appear below; \n \nGuest Name: \n \nShammie Office \n \nBooking Dates: \n \nFrom: 2018-01-09\nTo: 2018-01-10 \n \nTotal Price: \n \nLKR 30,730.00 (NOT PAID) \n \nSpecial Instructions: \nYour booking is done. \n \nThank you for making a reservation at Lalan Yala, Sri Lanka. Your reservation appear below; \n \nGuest Name: \n \nShammie Office \n \nBooking Dates: \n \nFrom: 2018-01-09\nTo: 2018-01-10 \n \nTotal Price: \n \nLKR 30,730.00 (NOT PAID) \n \nSpecial Instructions: \nYour booking is done. \n \nThank you for making a reservation at Lalan Yala, Sri Lanka. Your reservation appear below; \n \nGuest Name: \n \nShammie Office \n \nBooking Dates: \n \nFrom: 2018-01-09\nTo: 2018-01-10 \n \nTotal Price: \n \nLKR 30,730.00 (NOT PAID) \n \nSpecial Instructions: \nYour booking is done. \n \nThank you for making a reservation at Lalan Yala, Sri Lanka. Your reservation appear below; \n \nGuest Name: \n \nShammie Office \n \nBooking Dates: \n \nFrom: 2018-01-09\nTo: 2018-01-10 \n \nTotal Price: \n \nLKR 30,730.00 (NOT PAID) \n \nSpecial Instructions: \nYour booking is done. \n \nThank you for making a reservation at Lalan Yala, Sri Lanka. Your reservation appear below; \n \nGuest Name: \n \nShammie Office \n \nBooking Dates: \n \nFrom: 2018-01-09\nTo: 2018-01-10 \n \nTotal Price: \n \nLKR 30,730.00 (NOT PAID) \n \nSpecial Instructions: \n','','2018-02-09',1,1,'2018-01-18 03:57:36',1,'2018-01-18 03:57:36');
/*!40000 ALTER TABLE `news` ENABLE KEYS */;
UNLOCK TABLES;

--
-- Table structure for table `order`
--

DROP TABLE IF EXISTS `order`;
/*!40101 SET @saved_cs_client     = @@character_set_client */;
/*!40101 SET character_set_client = utf8 */;
CREATE TABLE `order` (
  `id` int(11) NOT NULL AUTO_INCREMENT,
  `order_number` int(11) NOT NULL,
  `customer_id` int(11) NOT NULL,
  `amount` float NOT NULL,
  `order_date` date NOT NULL,
  `shipping_address_id` int(11) NOT NULL DEFAULT '0',
  `invoice_status` enum('NOT_INVOICED','INVOICED','CANCELED') NOT NULL DEFAULT 'NOT_INVOICED',
  `order_status` enum('OPEN','ACCEPT','WORKING_PROGRESS','CLOSE','CANCELED') DEFAULT 'OPEN',
  `shipping_status` enum('WAITING','SHIPPED') NOT NULL DEFAULT 'WAITING',
  `key` varchar(50) NOT NULL,
  `enabled` tinyint(1) NOT NULL DEFAULT '0',
  `created_by` int(11) NOT NULL DEFAULT '0',
  `created_on` datetime NOT NULL,
  `lastupdated_by` int(11) NOT NULL DEFAULT '0',
  `lastupdated_on` datetime NOT NULL,
  PRIMARY KEY (`id`)
) ENGINE=InnoDB AUTO_INCREMENT=5 DEFAULT CHARSET=utf8;
/*!40101 SET character_set_client = @saved_cs_client */;

--
-- Dumping data for table `order`
--

LOCK TABLES `order` WRITE;
/*!40000 ALTER TABLE `order` DISABLE KEYS */;
INSERT INTO `order` VALUES (1,1000,5,19000,'2018-08-30',6,'INVOICED','OPEN','WAITING','dVm6c7xzfkteUEGhSFDnrKAR0sJIaq2b',1,5,'2018-08-30 13:34:33',5,'2018-08-30 13:34:33'),(2,1001,5,12000,'2018-08-30',6,'INVOICED','OPEN','WAITING','kTgEblIZR7eMw2XxhFvGAOQKVz3ufY5s',1,5,'2018-08-30 17:20:59',5,'2018-08-30 17:20:59'),(3,1002,5,25000,'2018-08-31',6,'INVOICED','OPEN','WAITING','aq9znAhpEMx510UbZFfs4yuRDW8kgClY',1,5,'2018-08-31 15:08:47',5,'2018-08-31 15:08:47'),(4,1003,5,10000,'2018-08-31',6,'INVOICED','OPEN','WAITING','Ou70Vre5QMHYxJ2g3ojfzyBEIRC4lP69',1,5,'2018-08-31 15:15:52',5,'2018-08-31 15:15:52');
/*!40000 ALTER TABLE `order` ENABLE KEYS */;
UNLOCK TABLES;

--
-- Table structure for table `order_invoice`
--

DROP TABLE IF EXISTS `order_invoice`;
/*!40101 SET @saved_cs_client     = @@character_set_client */;
/*!40101 SET character_set_client = utf8 */;
CREATE TABLE `order_invoice` (
  `id` int(11) NOT NULL AUTO_INCREMENT,
  `invoice_code` varchar(45) NOT NULL,
  `order_id` int(11) NOT NULL,
  `net_amount` float NOT NULL DEFAULT '0',
  `discount_per` float NOT NULL DEFAULT '0',
  `discount_amount` float NOT NULL DEFAULT '0',
  `service_charge_per` float NOT NULL DEFAULT '0',
  `service_charge_amount` float NOT NULL DEFAULT '0',
  `amount` float NOT NULL DEFAULT '0',
  `key` varchar(45) NOT NULL DEFAULT '',
  `total_amount` float NOT NULL DEFAULT '0',
  `currency` int(11) NOT NULL DEFAULT '0',
  `payment_method` enum('STANDARD','SMART_EPAY') NOT NULL DEFAULT 'STANDARD',
  `payment_status` enum('PAY_NOW','PAY_LATER') NOT NULL DEFAULT 'PAY_NOW',
  `mode_of_payment` enum('CASH','CREDIT_CARD','CHEQUE') DEFAULT NULL,
  `bill_to` varchar(1000) NOT NULL DEFAULT '',
  `enabled` tinyint(1) NOT NULL,
  `status` enum('UNPAID','PAID','PARTIALLY_PAID','CANCELLED') NOT NULL,
  `created_on` datetime NOT NULL,
  `created_by` int(11) NOT NULL,
  `lastupdated_on` datetime NOT NULL,
  `lastupdated_by` int(11) NOT NULL,
  PRIMARY KEY (`id`)
) ENGINE=InnoDB AUTO_INCREMENT=5 DEFAULT CHARSET=latin1;
/*!40101 SET character_set_client = @saved_cs_client */;

--
-- Dumping data for table `order_invoice`
--

LOCK TABLES `order_invoice` WRITE;
/*!40000 ALTER TABLE `order_invoice` DISABLE KEYS */;
INSERT INTO `order_invoice` VALUES (1,'INV/2018/241675',1,19000,0,0,0,0,19000,'bCWrhx0a3LyoDkvFcp9unezRP1dJZfsY',19000,1,'STANDARD','PAY_NOW','CASH','5',1,'UNPAID','2018-08-30 13:34:33',5,'0000-00-00 00:00:00',5),(2,'INV/2018/482613',2,12000,0,0,0,0,12000,'5MwgAFpThJfDPC9S41clrdOKqXRIkLW0',12000,1,'STANDARD','PAY_NOW','CASH','5',1,'UNPAID','2018-08-30 17:21:00',5,'0000-00-00 00:00:00',5),(3,'INV/2018/385761',3,25000,0,0,0,0,25000,'2EnYixMzy8Qp7swohDP5j3Ht0LGluKRA',25000,1,'STANDARD','PAY_NOW','CASH','5',1,'UNPAID','2018-08-31 15:08:47',5,'0000-00-00 00:00:00',5),(4,'INV/2018/916782',4,10000,0,0,0,0,10000,'ZdiBPyzJMGI8XQp9a603Kt17UELjTfFD',10000,1,'STANDARD','PAY_NOW','CASH','5',1,'UNPAID','2018-08-31 15:15:52',5,'0000-00-00 00:00:00',5);
/*!40000 ALTER TABLE `order_invoice` ENABLE KEYS */;
UNLOCK TABLES;

--
-- Table structure for table `order_invoice_item`
--

DROP TABLE IF EXISTS `order_invoice_item`;
/*!40101 SET @saved_cs_client     = @@character_set_client */;
/*!40101 SET character_set_client = utf8 */;
CREATE TABLE `order_invoice_item` (
  `id` int(11) NOT NULL AUTO_INCREMENT,
  `invoice_id` int(11) NOT NULL,
  `item_id` int(11) NOT NULL,
  `amount` float NOT NULL DEFAULT '0',
  `total_amount` float NOT NULL DEFAULT '0',
  `nof_items` int(11) NOT NULL DEFAULT '0',
  `enabled` tinyint(4) NOT NULL DEFAULT '1',
  `created_by` int(11) NOT NULL,
  `created_on` datetime NOT NULL,
  `lastupdated_by` int(11) NOT NULL,
  `lastupdated_on` datetime NOT NULL,
  PRIMARY KEY (`id`)
) ENGINE=MyISAM AUTO_INCREMENT=9 DEFAULT CHARSET=latin1;
/*!40101 SET character_set_client = @saved_cs_client */;

--
-- Dumping data for table `order_invoice_item`
--

LOCK TABLES `order_invoice_item` WRITE;
/*!40000 ALTER TABLE `order_invoice_item` DISABLE KEYS */;
INSERT INTO `order_invoice_item` VALUES (1,1,4,10000,10000,5,1,5,'2018-08-30 13:34:33',5,'2018-08-30 13:34:33'),(2,1,10,9000,9000,3,1,5,'2018-08-30 13:34:33',5,'2018-08-30 13:34:33'),(3,2,4,6000,6000,3,1,5,'2018-08-30 17:21:00',5,'2018-08-30 17:21:00'),(4,2,10,6000,6000,2,1,5,'2018-08-30 17:21:00',5,'2018-08-30 17:21:00'),(5,3,4,10000,10000,5,1,5,'2018-08-31 15:08:47',5,'2018-08-31 15:08:47'),(6,3,10,15000,15000,5,1,5,'2018-08-31 15:08:47',5,'2018-08-31 15:08:47'),(7,4,4,4000,4000,2,1,5,'2018-08-31 15:15:52',5,'2018-08-31 15:15:52'),(8,4,10,6000,6000,2,1,5,'2018-08-31 15:15:52',5,'2018-08-31 15:15:52');
/*!40000 ALTER TABLE `order_invoice_item` ENABLE KEYS */;
UNLOCK TABLES;

--
-- Table structure for table `order_item`
--

DROP TABLE IF EXISTS `order_item`;
/*!40101 SET @saved_cs_client     = @@character_set_client */;
/*!40101 SET character_set_client = utf8 */;
CREATE TABLE `order_item` (
  `id` int(11) NOT NULL AUTO_INCREMENT,
  `order_id` varchar(45) NOT NULL,
  `item_id` varchar(45) NOT NULL,
  `qty` varchar(45) NOT NULL,
  `each_price` varchar(45) NOT NULL,
  `enabled` tinyint(1) NOT NULL DEFAULT '0',
  `created_by` int(11) NOT NULL DEFAULT '0',
  `created_on` datetime NOT NULL,
  `lastupdated_by` int(11) NOT NULL DEFAULT '0',
  `lastupdated_on` datetime NOT NULL,
  PRIMARY KEY (`id`)
) ENGINE=InnoDB AUTO_INCREMENT=9 DEFAULT CHARSET=utf8;
/*!40101 SET character_set_client = @saved_cs_client */;

--
-- Dumping data for table `order_item`
--

LOCK TABLES `order_item` WRITE;
/*!40000 ALTER TABLE `order_item` DISABLE KEYS */;
INSERT INTO `order_item` VALUES (1,'1','4','5','2000',1,5,'2018-08-30 13:34:33',5,'2018-08-30 13:34:33'),(2,'1','10','3','3000',1,5,'2018-08-30 13:34:33',5,'2018-08-30 13:34:33'),(3,'2','4','3','2000',1,5,'2018-08-30 17:20:59',5,'2018-08-30 17:20:59'),(4,'2','10','2','3000',1,5,'2018-08-30 17:20:59',5,'2018-08-30 17:20:59'),(5,'3','4','5','2000',1,5,'2018-08-31 15:08:47',5,'2018-08-31 15:08:47'),(6,'3','10','5','3000',1,5,'2018-08-31 15:08:47',5,'2018-08-31 15:08:47'),(7,'4','4','2','2000',1,5,'2018-08-31 15:15:52',5,'2018-08-31 15:15:52'),(8,'4','10','2','3000',1,5,'2018-08-31 15:15:52',5,'2018-08-31 15:15:52');
/*!40000 ALTER TABLE `order_item` ENABLE KEYS */;
UNLOCK TABLES;

--
-- Table structure for table `order_tax`
--

DROP TABLE IF EXISTS `order_tax`;
/*!40101 SET @saved_cs_client     = @@character_set_client */;
/*!40101 SET character_set_client = utf8 */;
CREATE TABLE `order_tax` (
  `id` int(11) NOT NULL AUTO_INCREMENT,
  `order_id` int(11) NOT NULL,
  `tax_id` int(11) NOT NULL,
  `tax_amount` float NOT NULL,
  `enabled` tinyint(1) NOT NULL DEFAULT '0',
  `created_by` int(11) NOT NULL DEFAULT '0',
  `created_on` datetime NOT NULL,
  `lastupdated_by` int(11) NOT NULL DEFAULT '0',
  `lastupdated_on` datetime NOT NULL,
  PRIMARY KEY (`id`)
) ENGINE=InnoDB AUTO_INCREMENT=9 DEFAULT CHARSET=utf8;
/*!40101 SET character_set_client = @saved_cs_client */;

--
-- Dumping data for table `order_tax`
--

LOCK TABLES `order_tax` WRITE;
/*!40000 ALTER TABLE `order_tax` DISABLE KEYS */;
INSERT INTO `order_tax` VALUES (1,1,2,380,1,5,'2018-08-30 13:34:33',5,'2018-08-30 13:34:33'),(2,1,1,2850,1,5,'2018-08-30 13:34:33',5,'2018-08-30 13:34:33'),(3,2,2,240,1,5,'2018-08-30 17:20:59',5,'2018-08-30 17:20:59'),(4,2,1,1800,1,5,'2018-08-30 17:20:59',5,'2018-08-30 17:20:59'),(5,3,2,500,1,5,'2018-08-31 15:08:47',5,'2018-08-31 15:08:47'),(6,3,1,3750,1,5,'2018-08-31 15:08:47',5,'2018-08-31 15:08:47'),(7,4,2,200,1,5,'2018-08-31 15:15:52',5,'2018-08-31 15:15:52'),(8,4,1,1500,1,5,'2018-08-31 15:15:52',5,'2018-08-31 15:15:52');
/*!40000 ALTER TABLE `order_tax` ENABLE KEYS */;
UNLOCK TABLES;

--
-- Table structure for table `payment`
--

DROP TABLE IF EXISTS `payment`;
/*!40101 SET @saved_cs_client     = @@character_set_client */;
/*!40101 SET character_set_client = utf8 */;
CREATE TABLE `payment` (
  `id` int(11) NOT NULL AUTO_INCREMENT,
  `payment_reference` varchar(45) NOT NULL,
  `invoice_id` int(11) NOT NULL,
  `amount` float NOT NULL,
  `payment_method` int(11) NOT NULL,
  `currency_id` int(11) NOT NULL,
  `created_by` int(11) NOT NULL,
  `created_on` date NOT NULL,
  `lastupdated_by` int(11) NOT NULL,
  `lastupdated_on` date NOT NULL,
  `enabled` tinyint(1) NOT NULL DEFAULT '1',
  PRIMARY KEY (`id`)
) ENGINE=MyISAM DEFAULT CHARSET=latin1;
/*!40101 SET character_set_client = @saved_cs_client */;

--
-- Dumping data for table `payment`
--

LOCK TABLES `payment` WRITE;
/*!40000 ALTER TABLE `payment` DISABLE KEYS */;
/*!40000 ALTER TABLE `payment` ENABLE KEYS */;
UNLOCK TABLES;

--
-- Table structure for table `payment_field`
--

DROP TABLE IF EXISTS `payment_field`;
/*!40101 SET @saved_cs_client     = @@character_set_client */;
/*!40101 SET character_set_client = utf8 */;
CREATE TABLE `payment_field` (
  `id` int(11) NOT NULL AUTO_INCREMENT,
  `name` varchar(45) NOT NULL,
  `type` varchar(45) NOT NULL,
  `html_type` varchar(45) NOT NULL DEFAULT 'TEXT',
  `field_name` varchar(45) NOT NULL,
  `enabled` tinyint(1) NOT NULL DEFAULT '0',
  `created_by` int(11) NOT NULL DEFAULT '0',
  `created_on` datetime NOT NULL,
  `lastupdated_by` int(11) NOT NULL DEFAULT '0',
  `lastupdated_on` datetime NOT NULL,
  PRIMARY KEY (`id`)
) ENGINE=InnoDB AUTO_INCREMENT=10 DEFAULT CHARSET=latin1;
/*!40101 SET character_set_client = @saved_cs_client */;

--
-- Dumping data for table `payment_field`
--

LOCK TABLES `payment_field` WRITE;
/*!40000 ALTER TABLE `payment_field` DISABLE KEYS */;
INSERT INTO `payment_field` VALUES (1,'Amount','number','TEXT','amount',1,1,'0000-00-00 00:00:00',1,'0000-00-00 00:00:00'),(2,'Credit Card Number','text','TEXT','credit_card_number',1,1,'0000-00-00 00:00:00',1,'0000-00-00 00:00:00'),(3,'Expiry Date','text','TEXT','credit_card_exp',1,1,'0000-00-00 00:00:00',1,'0000-00-00 00:00:00'),(4,'Cart Name','text','TEXT','credit_card_name',1,1,'0000-00-00 00:00:00',1,'0000-00-00 00:00:00'),(5,'Type','text','TEXT','credit_card_type',1,1,'0000-00-00 00:00:00',1,'0000-00-00 00:00:00'),(6,'Cheque Number','text','TEXT','cheque_number',1,1,'0000-00-00 00:00:00',1,'0000-00-00 00:00:00'),(7,'Cheque Date','text','TEXT','cheque_date',1,1,'0000-00-00 00:00:00',1,'0000-00-00 00:00:00'),(8,'Bank','text','TEXT','cheque_bank',1,1,'0000-00-00 00:00:00',1,'0000-00-00 00:00:00'),(9,'Name','text','TEXT','name',1,1,'0000-00-00 00:00:00',1,'0000-00-00 00:00:00');
/*!40000 ALTER TABLE `payment_field` ENABLE KEYS */;
UNLOCK TABLES;

--
-- Table structure for table `payment_field_data`
--

DROP TABLE IF EXISTS `payment_field_data`;
/*!40101 SET @saved_cs_client     = @@character_set_client */;
/*!40101 SET character_set_client = utf8 */;
CREATE TABLE `payment_field_data` (
  `id` int(11) NOT NULL AUTO_INCREMENT,
  `payment_id` int(11) NOT NULL,
  `payment_field_id` int(11) NOT NULL,
  `value` text,
  `enabled` tinyint(1) NOT NULL DEFAULT '1',
  `created_by` int(11) DEFAULT NULL,
  `created_on` datetime DEFAULT NULL,
  `lastupdated_by` int(11) DEFAULT NULL,
  `lastupdated_on` datetime DEFAULT NULL,
  PRIMARY KEY (`id`)
) ENGINE=InnoDB AUTO_INCREMENT=21 DEFAULT CHARSET=latin1;
/*!40101 SET character_set_client = @saved_cs_client */;

--
-- Dumping data for table `payment_field_data`
--

LOCK TABLES `payment_field_data` WRITE;
/*!40000 ALTER TABLE `payment_field_data` DISABLE KEYS */;
INSERT INTO `payment_field_data` VALUES (12,2,4,'Infas',1,1,'2018-08-20 17:17:44',1,'2018-08-20 17:17:44'),(13,2,2,'15616546546546',1,1,'2018-08-20 17:17:44',1,'2018-08-20 17:17:44'),(14,2,3,'12/12',1,1,'2018-08-20 17:17:44',1,'2018-08-20 17:17:44'),(15,2,5,'Master',1,1,'2018-08-20 17:17:44',1,'2018-08-20 17:17:44'),(16,3,9,'Infas',1,1,'2018-08-20 17:18:05',1,'2018-08-20 17:18:05'),(17,4,4,'Infas',1,1,'2018-08-20 17:44:36',1,'2018-08-20 17:44:36'),(18,4,2,'12154584888',1,1,'2018-08-20 17:44:36',1,'2018-08-20 17:44:36'),(19,4,3,'13/12',1,1,'2018-08-20 17:44:36',1,'2018-08-20 17:44:36'),(20,4,5,'Master',1,1,'2018-08-20 17:44:36',1,'2018-08-20 17:44:36');
/*!40000 ALTER TABLE `payment_field_data` ENABLE KEYS */;
UNLOCK TABLES;

--
-- Table structure for table `preferences`
--

DROP TABLE IF EXISTS `preferences`;
/*!40101 SET @saved_cs_client     = @@character_set_client */;
/*!40101 SET character_set_client = utf8 */;
CREATE TABLE `preferences` (
  `id` int(11) NOT NULL AUTO_INCREMENT,
  `field_name` varchar(100) NOT NULL,
  `value` varchar(255) NOT NULL,
  PRIMARY KEY (`id`)
) ENGINE=InnoDB AUTO_INCREMENT=7 DEFAULT CHARSET=utf8;
/*!40101 SET character_set_client = @saved_cs_client */;

--
-- Dumping data for table `preferences`
--

LOCK TABLES `preferences` WRITE;
/*!40000 ALTER TABLE `preferences` DISABLE KEYS */;
INSERT INTO `preferences` VALUES (1,'APPLY_TAX_ONLINE_SALES','1'),(2,'ORDER_PREFIX','ORD/'),(3,'FIRST_ORDER_NUMBER','1000'),(4,'INVOICE_PREFIX','INV/'),(5,'FIRST_INVOICE_NUMBER','1000'),(6,'AFTER_ORDER_URL','shipping_data');
/*!40000 ALTER TABLE `preferences` ENABLE KEYS */;
UNLOCK TABLES;

--
-- Table structure for table `prescriptions`
--

DROP TABLE IF EXISTS `prescriptions`;
/*!40101 SET @saved_cs_client     = @@character_set_client */;
/*!40101 SET character_set_client = utf8 */;
CREATE TABLE `prescriptions` (
  `id` int(11) NOT NULL AUTO_INCREMENT,
  `order_id` int(11) NOT NULL,
  `right_cyl` float DEFAULT NULL,
  `right_sph` float DEFAULT NULL,
  `right_axis` float DEFAULT NULL,
  `left_cyl` float DEFAULT NULL,
  `left_sph` float DEFAULT NULL,
  `left_axis` float DEFAULT NULL,
  `distance_pd` float DEFAULT NULL,
  `distance_lence_type` varchar(255) DEFAULT NULL,
  `near_right` float DEFAULT NULL,
  `near_left` float DEFAULT NULL,
  `near_pd` float DEFAULT NULL,
  `near_lens_type` varchar(255) DEFAULT NULL,
  `remarks` text,
  `image_file` varchar(45) DEFAULT NULL,
  `enabled` tinyint(1) NOT NULL DEFAULT '1',
  `created_by` int(11) DEFAULT NULL,
  `created_on` datetime DEFAULT NULL,
  `lastupdated_by` tinyint(1) DEFAULT NULL,
  `lastupdated_on` datetime DEFAULT NULL,
  PRIMARY KEY (`id`)
) ENGINE=InnoDB AUTO_INCREMENT=15 DEFAULT CHARSET=latin1;
/*!40101 SET character_set_client = @saved_cs_client */;

--
-- Dumping data for table `prescriptions`
--

LOCK TABLES `prescriptions` WRITE;
/*!40000 ALTER TABLE `prescriptions` DISABLE KEYS */;
INSERT INTO `prescriptions` VALUES (2,6,0.5,0.5,60,0.5,0.5,60,120,'Normal',0,0,0,'','','ba6e3dbd49970d24274aad7dfefc7860.jpg',1,3,'2018-08-01 17:39:01',3,'2018-08-01 17:39:01'),(3,11,0.5,0.5,120,0.5,0.5,120,30,'Normal',0,0,0,'','This is test Remark','832512266066682e52be8cfee4532fa8.jpg',1,3,'2018-08-02 17:35:53',3,'2018-08-02 17:35:53'),(4,12,15,5,545,0,545,54,54,'5',0,45,5,'','This is test from Shammie','149690603229544.png',1,3,'2018-08-06 18:07:06',3,'2018-08-06 18:07:06'),(5,14,0.5,0.5,120,0.5,0.5,120,15,'Normal',0,0,0,'','','',1,3,'2018-08-07 16:43:46',3,'2018-08-07 16:43:46'),(6,16,-155,55,55,55,5,5,5,'5',5,5,5,'','Tesis test','114150464863053.png',1,5,'2018-08-08 11:00:04',5,'2018-08-08 11:00:04'),(7,18,1,1,1,1,1,1,100,'aaaa',2,2,200,'bbbb','This is test','261591312758759.jpg',1,3,'2018-08-10 16:51:54',3,'2018-08-10 16:51:54'),(8,19,1.5,1.5,20,0.5,0.5,10,120,'Normal',0,0,0,'','','',1,3,'2018-08-13 14:53:38',3,'2018-08-13 14:53:38'),(9,20,5,5,5,55,5,5,5,'5',5,5,0,'','testing','255482200913247.jpg',1,3,'2018-08-13 16:51:46',3,'2018-08-13 16:51:46'),(10,21,10,10,20,0.5,0.5,0.5,120,'Normal',0,0,0,'','This is Test','',1,5,'2018-08-15 15:40:33',5,'2018-08-15 15:40:33'),(11,22,0,10,10,10,10,10,0,'10',10,10,0,'10','Testing','35953529fac4336ac1c1c034354d4d42.png',1,3,'2018-08-16 09:49:26',3,'2018-08-16 09:49:26'),(12,23,0,0,0,0,0,0,0,'',0,0,0,'','','',1,3,'2018-08-16 10:48:19',3,'2018-08-16 10:48:19'),(13,24,0.5,0.5,10,0.5,0.5,10,0,'',0,0,0,'','','da5a04ea22395260fa35b7bc7fc33568.jpg',1,5,'2018-08-16 14:20:47',5,'2018-08-16 14:20:47'),(14,25,0,0,456,0,456,0,0,'',456,46545,0,'','464 wgcg wxgwxgw wxgwgw ','13854d14f76dd4dce6279860d13bb626.png',1,3,'2018-08-20 12:24:38',3,'2018-08-20 12:24:38');
/*!40000 ALTER TABLE `prescriptions` ENABLE KEYS */;
UNLOCK TABLES;

--
-- Table structure for table `price_batch`
--

DROP TABLE IF EXISTS `price_batch`;
/*!40101 SET @saved_cs_client     = @@character_set_client */;
/*!40101 SET character_set_client = utf8 */;
CREATE TABLE `price_batch` (
  `id` int(11) NOT NULL AUTO_INCREMENT,
  `name` varchar(255) NOT NULL,
  `short_description` text NOT NULL,
  `currency_id` int(11) NOT NULL,
  `is_default_price_batch` tinyint(1) NOT NULL DEFAULT '0',
  `enabled` tinyint(1) NOT NULL DEFAULT '1',
  `created_by` int(11) NOT NULL,
  `created_on` datetime NOT NULL,
  `lastupdated_by` int(11) NOT NULL,
  `lastupdated_on` datetime NOT NULL,
  PRIMARY KEY (`id`)
) ENGINE=InnoDB DEFAULT CHARSET=latin1;
/*!40101 SET character_set_client = @saved_cs_client */;

--
-- Dumping data for table `price_batch`
--

LOCK TABLES `price_batch` WRITE;
/*!40000 ALTER TABLE `price_batch` DISABLE KEYS */;
/*!40000 ALTER TABLE `price_batch` ENABLE KEYS */;
UNLOCK TABLES;

--
-- Table structure for table `product_field`
--

DROP TABLE IF EXISTS `product_field`;
/*!40101 SET @saved_cs_client     = @@character_set_client */;
/*!40101 SET character_set_client = utf8 */;
CREATE TABLE `product_field` (
  `id` int(11) NOT NULL AUTO_INCREMENT,
  `product_id` int(11) NOT NULL,
  `field_id` int(11) NOT NULL,
  `display_index` int(11) NOT NULL DEFAULT '0',
  `enabled` tinyint(1) NOT NULL DEFAULT '0',
  `created_by` int(11) NOT NULL DEFAULT '0',
  `created_on` datetime NOT NULL,
  `lastupdated_by` int(11) NOT NULL DEFAULT '0',
  `lastupdated_on` datetime NOT NULL,
  PRIMARY KEY (`id`)
) ENGINE=InnoDB AUTO_INCREMENT=23 DEFAULT CHARSET=utf8;
/*!40101 SET character_set_client = @saved_cs_client */;

--
-- Dumping data for table `product_field`
--

LOCK TABLES `product_field` WRITE;
/*!40000 ALTER TABLE `product_field` DISABLE KEYS */;
INSERT INTO `product_field` VALUES (1,1,1,1,1,2,'2018-04-05 09:17:33',2,'2018-04-05 09:17:33'),(2,1,2,2,1,2,'2018-04-05 09:17:33',2,'2018-04-05 09:17:33'),(3,1,3,3,0,2,'2018-04-05 09:17:33',1,'2018-04-27 12:26:04'),(4,1,4,4,1,2,'2018-04-05 09:17:33',2,'2018-04-05 09:17:33'),(5,1,5,5,0,2,'2018-04-05 09:17:33',1,'2018-04-27 12:26:13'),(6,1,6,6,0,2,'2018-04-05 09:17:33',1,'2018-05-17 14:29:13'),(7,2,7,1,1,2,'2018-04-20 15:53:39',2,'2018-04-20 15:53:39'),(8,4,1,1,1,1,'2018-05-16 16:01:59',1,'2018-05-16 16:01:59'),(9,4,4,2,1,1,'2018-05-16 16:01:59',1,'2018-05-16 16:01:59'),(10,5,3,1,1,1,'2018-05-17 13:54:09',1,'2018-05-17 13:54:09'),(11,5,4,2,1,1,'2018-05-17 13:54:09',1,'2018-05-17 13:54:09'),(12,5,5,3,1,1,'2018-05-17 13:54:09',1,'2018-05-17 13:54:09'),(13,5,6,4,1,1,'2018-05-17 13:54:09',1,'2018-05-17 13:54:09'),(14,6,3,1,1,1,'2018-05-17 13:54:48',1,'2018-05-17 13:54:48'),(15,6,4,2,1,1,'2018-05-17 13:54:48',1,'2018-05-17 13:54:48'),(16,6,5,3,1,1,'2018-05-17 13:54:48',1,'2018-05-17 13:54:48'),(17,8,1,1,0,5,'2018-06-07 11:32:16',1,'2018-06-07 14:00:36'),(18,8,2,2,0,5,'2018-06-07 11:32:16',1,'2018-06-07 14:01:22'),(19,8,3,3,1,5,'2018-06-07 11:32:16',5,'2018-06-07 11:32:16'),(20,8,4,4,1,5,'2018-06-07 11:32:16',1,'2018-06-07 14:00:46'),(21,9,4,1,1,5,'2018-06-07 15:02:05',5,'2018-06-07 15:02:05'),(22,9,3,1,1,5,'2018-06-07 15:02:24',5,'2018-06-07 15:02:24');
/*!40000 ALTER TABLE `product_field` ENABLE KEYS */;
UNLOCK TABLES;

--
-- Table structure for table `product_type`
--

DROP TABLE IF EXISTS `product_type`;
/*!40101 SET @saved_cs_client     = @@character_set_client */;
/*!40101 SET character_set_client = utf8 */;
CREATE TABLE `product_type` (
  `id` int(11) NOT NULL AUTO_INCREMENT,
  `type_name` varchar(45) NOT NULL,
  `enabled` tinyint(1) NOT NULL DEFAULT '0',
  `created_by` int(11) NOT NULL DEFAULT '0',
  `created_on` datetime NOT NULL,
  `lastupdated_by` int(11) NOT NULL DEFAULT '0',
  `lastupdated_on` datetime NOT NULL,
  PRIMARY KEY (`id`)
) ENGINE=InnoDB AUTO_INCREMENT=5 DEFAULT CHARSET=utf8;
/*!40101 SET character_set_client = @saved_cs_client */;

--
-- Dumping data for table `product_type`
--

LOCK TABLES `product_type` WRITE;
/*!40000 ALTER TABLE `product_type` DISABLE KEYS */;
INSERT INTO `product_type` VALUES (1,'Spectacles',1,0,'2018-01-23 16:02:41',0,'2018-01-23 16:02:41'),(2,'Sunware',1,0,'2018-01-23 16:02:41',1,'2018-05-17 13:52:30'),(3,'Contact Lenses',1,0,'2018-01-23 16:02:41',0,'2018-01-23 16:02:41'),(4,'Accessories',1,0,'2018-01-23 16:02:41',1,'2018-04-09 15:09:36');
/*!40000 ALTER TABLE `product_type` ENABLE KEYS */;
UNLOCK TABLES;

--
-- Table structure for table `promotion`
--

DROP TABLE IF EXISTS `promotion`;
/*!40101 SET @saved_cs_client     = @@character_set_client */;
/*!40101 SET character_set_client = utf8 */;
CREATE TABLE `promotion` (
  `id` int(11) NOT NULL AUTO_INCREMENT,
  `name` varchar(45) NOT NULL,
  `description` text,
  `type` enum('DISCOUNT_CALCULATION','ADD_ANOTHER_ITEM') NOT NULL,
  `value_type` enum('PERCENTAGE','AMOUNT') NOT NULL,
  `value` varchar(45) NOT NULL,
  `min_total` varchar(45) DEFAULT NULL,
  `min_qty` varchar(45) DEFAULT NULL,
  `ui_class` varchar(45) DEFAULT NULL,
  `start_date` date NOT NULL,
  `end_date` date NOT NULL,
  `enabled` tinyint(1) NOT NULL DEFAULT '1',
  `created_by` int(11) NOT NULL DEFAULT '0',
  `created_on` datetime NOT NULL,
  `lastupdated_by` int(11) NOT NULL DEFAULT '0',
  `lastupdated_on` datetime NOT NULL,
  PRIMARY KEY (`id`)
) ENGINE=InnoDB AUTO_INCREMENT=3 DEFAULT CHARSET=latin1;
/*!40101 SET character_set_client = @saved_cs_client */;

--
-- Dumping data for table `promotion`
--

LOCK TABLES `promotion` WRITE;
/*!40000 ALTER TABLE `promotion` DISABLE KEYS */;
INSERT INTO `promotion` VALUES (1,'Rs 1000 deduction','Rs 1000 deduction','DISCOUNT_CALCULATION','AMOUNT','1000','10000','','promotion-sale','2018-08-27','2018-08-31',1,0,'0000-00-00 00:00:00',0,'0000-00-00 00:00:00'),(2,'20% Discount Offer','20% Discount Offer','DISCOUNT_CALCULATION','PERCENTAGE','20','','1','promotion-sale','2018-08-28','2018-09-12',1,1,'2018-08-28 17:18:34',1,'2018-08-28 17:18:34');
/*!40000 ALTER TABLE `promotion` ENABLE KEYS */;
UNLOCK TABLES;

--
-- Table structure for table `promotion_items`
--

DROP TABLE IF EXISTS `promotion_items`;
/*!40101 SET @saved_cs_client     = @@character_set_client */;
/*!40101 SET character_set_client = utf8 */;
CREATE TABLE `promotion_items` (
  `id` int(11) NOT NULL AUTO_INCREMENT,
  `promotion_id` int(11) NOT NULL,
  `item_id` int(11) NOT NULL,
  `start_date` date DEFAULT NULL,
  `end_date` date DEFAULT NULL,
  `adding_item_id` int(11) DEFAULT NULL,
  `adding_item_discount_value` float DEFAULT NULL,
  `enabled` tinyint(1) NOT NULL DEFAULT '1',
  `created_by` int(11) NOT NULL DEFAULT '0',
  `created_on` datetime NOT NULL,
  `lastupdated_by` int(11) NOT NULL DEFAULT '0',
  `lastupdated_on` datetime NOT NULL,
  PRIMARY KEY (`id`)
) ENGINE=InnoDB AUTO_INCREMENT=6 DEFAULT CHARSET=latin1;
/*!40101 SET character_set_client = @saved_cs_client */;

--
-- Dumping data for table `promotion_items`
--

LOCK TABLES `promotion_items` WRITE;
/*!40000 ALTER TABLE `promotion_items` DISABLE KEYS */;
INSERT INTO `promotion_items` VALUES (1,1,1,'2018-08-27','2018-08-30',0,0,1,0,'0000-00-00 00:00:00',0,'0000-00-00 00:00:00'),(2,2,6,'2018-08-29','2018-09-13',NULL,NULL,1,1,'2018-08-28 17:20:47',1,'2018-08-28 17:20:47'),(3,2,6,'2018-08-29','2018-09-13',NULL,NULL,1,1,'2018-08-28 17:20:48',1,'2018-08-28 17:20:48'),(4,1,16,'2018-08-10','2018-08-31',NULL,NULL,1,1,'2018-08-28 17:23:17',1,'2018-08-28 17:23:17'),(5,1,16,'2018-08-10','2018-08-31',NULL,NULL,1,1,'2018-08-28 17:23:17',1,'2018-08-28 17:23:17');
/*!40000 ALTER TABLE `promotion_items` ENABLE KEYS */;
UNLOCK TABLES;

--
-- Table structure for table `sed_sys_realm`
--

DROP TABLE IF EXISTS `sed_sys_realm`;
/*!40101 SET @saved_cs_client     = @@character_set_client */;
/*!40101 SET character_set_client = utf8 */;
CREATE TABLE `sed_sys_realm` (
  `id` int(11) NOT NULL AUTO_INCREMENT,
  `realm_name` varchar(150) NOT NULL,
  `enabled` tinyint(1) NOT NULL DEFAULT '0',
  `created_by` int(11) NOT NULL DEFAULT '0',
  `created_on` datetime NOT NULL,
  `lastupdated_by` int(11) NOT NULL DEFAULT '0',
  `lastupdated_on` datetime NOT NULL,
  PRIMARY KEY (`id`)
) ENGINE=InnoDB DEFAULT CHARSET=utf8;
/*!40101 SET character_set_client = @saved_cs_client */;

--
-- Dumping data for table `sed_sys_realm`
--

LOCK TABLES `sed_sys_realm` WRITE;
/*!40000 ALTER TABLE `sed_sys_realm` DISABLE KEYS */;
/*!40000 ALTER TABLE `sed_sys_realm` ENABLE KEYS */;
UNLOCK TABLES;

--
-- Table structure for table `sed_sys_user`
--

DROP TABLE IF EXISTS `sed_sys_user`;
/*!40101 SET @saved_cs_client     = @@character_set_client */;
/*!40101 SET character_set_client = utf8 */;
CREATE TABLE `sed_sys_user` (
  `id` int(11) NOT NULL AUTO_INCREMENT,
  `name` varchar(255) NOT NULL,
  `username` varchar(100) NOT NULL,
  `password` varchar(255) NOT NULL,
  `sed_sys_user_type` int(11) DEFAULT NULL,
  `recovery_email` varchar(100) DEFAULT NULL,
  `recovery_phone` varchar(15) DEFAULT NULL,
  `last_login_time` datetime DEFAULT NULL,
  `last_login_ip` varchar(45) DEFAULT NULL,
  `enabled` tinyint(1) NOT NULL DEFAULT '0',
  `created_by` int(11) NOT NULL DEFAULT '0',
  `created_on` datetime NOT NULL,
  `lastupdated_by` int(11) NOT NULL DEFAULT '0',
  `lastupdated_on` datetime NOT NULL,
  PRIMARY KEY (`id`),
  UNIQUE KEY `username_UNIQUE` (`username`)
) ENGINE=InnoDB AUTO_INCREMENT=6 DEFAULT CHARSET=utf8;
/*!40101 SET character_set_client = @saved_cs_client */;

--
-- Dumping data for table `sed_sys_user`
--

LOCK TABLES `sed_sys_user` WRITE;
/*!40000 ALTER TABLE `sed_sys_user` DISABLE KEYS */;
INSERT INTO `sed_sys_user` VALUES (1,'Test Administrator - No 1','admin1','$2y$13$qGXHSZwbrbrwOglgLJ7Seenlx9ZcElZ7GM7K5WVuOFi2sjangrPxG',1,'admin1@smartedesigners.net','',NULL,NULL,1,1,'2018-01-12 09:43:06',1,'2018-01-19 02:22:50'),(2,'Administrator 2','admin2','$2y$13$qmfA4VX6ML6XEJkEAp8zC.p22quZCDGuktNsl4JW4ZCPgZmjWht6G',1,NULL,NULL,NULL,NULL,1,1,'2018-01-17 06:16:41',1,'2018-01-17 06:16:41'),(3,'Administrator 3','admin3','$2y$13$3Cs8Cj0NfR3Uk8YV.YlBd.2DhtxzdCnMHHkJSHHxhykJzrD/aOcaq',1,NULL,NULL,NULL,NULL,1,1,'2018-01-17 06:20:22',1,'2018-01-17 06:20:22'),(4,'Test User 3','testuser3','$2y$13$A.ikilsxKck1I1w.FPQIoOA7eAcwi2m0BDYFRBHy32vgq..adHTYe',2,NULL,NULL,NULL,NULL,1,1,'2018-01-17 06:35:39',1,'2018-01-23 00:20:23'),(5,'Sulochana','sulochana','$2y$13$UKSrsMs9vZn/lE1jH7sjZO7GxYZ.TwgJJiEduwvVjY56lsrcL6bHK',1,'sulochana@mail.com','12345',NULL,NULL,1,2,'2018-04-06 12:42:20',2,'2018-04-06 12:42:20');
/*!40000 ALTER TABLE `sed_sys_user` ENABLE KEYS */;
UNLOCK TABLES;

--
-- Table structure for table `sed_sys_user_type`
--

DROP TABLE IF EXISTS `sed_sys_user_type`;
/*!40101 SET @saved_cs_client     = @@character_set_client */;
/*!40101 SET character_set_client = utf8 */;
CREATE TABLE `sed_sys_user_type` (
  `id` int(11) NOT NULL AUTO_INCREMENT,
  `type_name` varchar(50) NOT NULL,
  `weight` int(11) NOT NULL,
  `enabled` tinyint(1) NOT NULL DEFAULT '0',
  `created_by` int(11) NOT NULL DEFAULT '0',
  `created_on` datetime NOT NULL,
  `lastupdated_by` int(11) NOT NULL DEFAULT '0',
  `lastupdated_on` datetime NOT NULL,
  PRIMARY KEY (`id`)
) ENGINE=InnoDB AUTO_INCREMENT=3 DEFAULT CHARSET=utf8;
/*!40101 SET character_set_client = @saved_cs_client */;

--
-- Dumping data for table `sed_sys_user_type`
--

LOCK TABLES `sed_sys_user_type` WRITE;
/*!40000 ALTER TABLE `sed_sys_user_type` DISABLE KEYS */;
INSERT INTO `sed_sys_user_type` VALUES (1,'Administrator',80,1,0,'2018-01-12 11:51:45',0,'2018-01-12 11:51:45'),(2,'User',30,1,0,'2018-01-12 11:51:45',0,'2018-01-12 11:51:45');
/*!40000 ALTER TABLE `sed_sys_user_type` ENABLE KEYS */;
UNLOCK TABLES;

--
-- Table structure for table `sed_user_code`
--

DROP TABLE IF EXISTS `sed_user_code`;
/*!40101 SET @saved_cs_client     = @@character_set_client */;
/*!40101 SET character_set_client = utf8 */;
CREATE TABLE `sed_user_code` (
  `id` int(11) NOT NULL AUTO_INCREMENT,
  `user_id` int(11) NOT NULL,
  `code_type` enum('PASSWORD_RESET','USER_ACTIVATION') NOT NULL,
  `is_open` tinyint(1) NOT NULL DEFAULT '1',
  `code` varchar(255) NOT NULL,
  `ip_address` varchar(45) DEFAULT NULL,
  `enabled` tinyint(1) NOT NULL DEFAULT '1',
  `created_by` int(11) NOT NULL,
  `created_on` datetime NOT NULL,
  `lastupdated_by` int(11) NOT NULL,
  `lastupdated_on` datetime NOT NULL,
  PRIMARY KEY (`id`)
) ENGINE=MyISAM AUTO_INCREMENT=15 DEFAULT CHARSET=utf8;
/*!40101 SET character_set_client = @saved_cs_client */;

--
-- Dumping data for table `sed_user_code`
--

LOCK TABLES `sed_user_code` WRITE;
/*!40000 ALTER TABLE `sed_user_code` DISABLE KEYS */;
INSERT INTO `sed_user_code` VALUES (1,1,'PASSWORD_RESET',1,'vWWZwWSg','112.134.7.217',1,1,'2018-01-19 03:18:53',1,'2018-01-19 03:18:53'),(2,1,'PASSWORD_RESET',1,'TPckWvQV','112.134.7.217',1,1,'2018-01-19 03:18:53',1,'2018-01-19 03:18:53'),(3,1,'PASSWORD_RESET',1,'vXppCCEA','112.134.7.217',1,1,'2018-01-19 03:31:32',1,'2018-01-19 03:31:32'),(4,1,'PASSWORD_RESET',1,'qgpyKwmX','112.134.7.217',1,1,'2018-01-19 03:35:48',1,'2018-01-19 03:35:48'),(5,1,'PASSWORD_RESET',1,'bhJYBfSX','112.134.6.241',1,1,'2018-01-21 21:36:30',1,'2018-01-21 21:36:30'),(6,1,'PASSWORD_RESET',1,'JTppCtFV','112.134.6.241',1,1,'2018-01-21 21:36:53',1,'2018-01-21 21:36:53'),(7,1,'PASSWORD_RESET',1,'WEqVSpAb','112.134.6.241',1,1,'2018-01-21 22:12:09',1,'2018-01-21 22:12:09'),(8,1,'PASSWORD_RESET',1,'jDEgcXss','112.134.6.241',1,1,'2018-01-21 22:27:40',1,'2018-01-21 22:27:40'),(9,1,'PASSWORD_RESET',1,'MxsgEHZY','112.134.6.241',1,1,'2018-01-22 00:04:47',1,'2018-01-22 00:04:47'),(10,1,'PASSWORD_RESET',1,'tSdaKJPq','112.134.6.241',1,1,'2018-01-22 00:22:42',1,'2018-01-22 00:22:42'),(11,1,'PASSWORD_RESET',1,'mpMbEDTC','112.134.6.241',1,1,'2018-01-22 04:28:34',1,'2018-01-22 04:28:34'),(12,1,'PASSWORD_RESET',1,'ARYEvgdc','112.134.6.241',1,1,'2018-01-22 04:38:48',1,'2018-01-22 04:38:48'),(13,1,'PASSWORD_RESET',1,'NxmeQsZT','112.134.6.241',1,1,'2018-01-22 04:51:35',1,'2018-01-22 04:51:35'),(14,1,'PASSWORD_RESET',1,'nuTjDYrw','112.134.7.102',1,1,'2018-01-23 00:19:56',1,'2018-01-23 00:19:56');
/*!40000 ALTER TABLE `sed_user_code` ENABLE KEYS */;
UNLOCK TABLES;

--
-- Table structure for table `sent_email`
--

DROP TABLE IF EXISTS `sent_email`;
/*!40101 SET @saved_cs_client     = @@character_set_client */;
/*!40101 SET character_set_client = utf8 */;
CREATE TABLE `sent_email` (
  `id` int(11) NOT NULL AUTO_INCREMENT,
  `type` enum('ORDER_CREATION','CUSTOMER_SIGNUP') NOT NULL,
  `reference_id` int(11) NOT NULL,
  `tracking_code` bigint(20) NOT NULL,
  `sent_by` int(11) NOT NULL,
  `sent_on` timestamp NOT NULL DEFAULT CURRENT_TIMESTAMP ON UPDATE CURRENT_TIMESTAMP,
  PRIMARY KEY (`id`)
) ENGINE=InnoDB AUTO_INCREMENT=35 DEFAULT CHARSET=utf8;
/*!40101 SET character_set_client = @saved_cs_client */;

--
-- Dumping data for table `sent_email`
--

LOCK TABLES `sent_email` WRITE;
/*!40000 ALTER TABLE `sent_email` DISABLE KEYS */;
INSERT INTO `sent_email` VALUES (1,'ORDER_CREATION',12,0,0,'2018-05-24 07:33:34'),(2,'ORDER_CREATION',14,0,0,'2018-05-24 07:46:23'),(3,'ORDER_CREATION',15,9223372036854775807,0,'2018-05-24 07:48:50'),(4,'ORDER_CREATION',16,59382027676844915,0,'2018-05-24 07:56:42'),(5,'ORDER_CREATION',17,830974043268265951,0,'2018-05-24 08:01:50'),(6,'ORDER_CREATION',18,420564783517629981,0,'2018-05-24 11:19:38'),(7,'ORDER_CREATION',19,421062971405967385,0,'2018-05-24 11:35:38'),(8,'ORDER_CREATION',20,832749075689156142,0,'2018-05-25 05:53:12'),(9,'ORDER_CREATION',1,394638575160721204,0,'2018-06-26 11:14:39'),(10,'ORDER_CREATION',2,215468863372407159,0,'2018-07-31 05:32:02'),(11,'ORDER_CREATION',3,468310865512792340,0,'2018-07-31 05:39:40'),(12,'ORDER_CREATION',7,824311724609709836,0,'2018-08-01 12:10:40'),(13,'ORDER_CREATION',8,365534160480897927,0,'2018-08-02 03:41:36'),(14,'ORDER_CREATION',9,987863142965420075,0,'2018-08-02 04:08:24'),(15,'ORDER_CREATION',10,667480892190537152,0,'2018-08-02 04:15:09'),(16,'ORDER_CREATION',11,473610798409556831,0,'2018-08-02 12:05:54'),(17,'ORDER_CREATION',12,767195532923608184,0,'2018-08-06 12:37:07'),(18,'ORDER_CREATION',13,789622801506715344,0,'2018-08-07 10:37:28'),(19,'ORDER_CREATION',14,122089368945064757,0,'2018-08-07 11:13:47'),(20,'ORDER_CREATION',15,194702550796864831,0,'2018-08-07 11:51:14'),(21,'ORDER_CREATION',16,784160806143392559,0,'2018-08-08 05:30:06'),(22,'ORDER_CREATION',17,50469937154682218,0,'2018-08-08 12:27:43'),(23,'ORDER_CREATION',18,640369289814507371,0,'2018-08-10 11:21:54'),(24,'ORDER_CREATION',19,468177210358549369,0,'2018-08-13 09:23:38'),(25,'ORDER_CREATION',20,485303186941220976,0,'2018-08-13 11:21:47'),(26,'ORDER_CREATION',21,589504104231862367,0,'2018-08-15 10:10:34'),(27,'ORDER_CREATION',22,178264625134593908,0,'2018-08-16 04:19:26'),(28,'ORDER_CREATION',23,139913847275506802,0,'2018-08-16 05:18:19'),(29,'ORDER_CREATION',24,206417231395584098,0,'2018-08-16 08:50:47'),(30,'ORDER_CREATION',25,63784121974239558,0,'2018-08-20 06:54:39'),(31,'ORDER_CREATION',1,375251899162446387,0,'2018-08-29 12:08:53'),(32,'ORDER_CREATION',2,432908064537197618,0,'2018-08-29 12:10:13'),(33,'ORDER_CREATION',1,773048149596285306,0,'2018-08-30 08:04:34'),(34,'ORDER_CREATION',2,620530182474579381,0,'2018-08-30 11:51:00');
/*!40000 ALTER TABLE `sent_email` ENABLE KEYS */;
UNLOCK TABLES;

--
-- Table structure for table `supplier`
--

DROP TABLE IF EXISTS `supplier`;
/*!40101 SET @saved_cs_client     = @@character_set_client */;
/*!40101 SET character_set_client = utf8 */;
CREATE TABLE `supplier` (
  `id` int(11) NOT NULL AUTO_INCREMENT,
  `name` varchar(45) NOT NULL,
  `email` varchar(100) DEFAULT NULL,
  `phone` varchar(45) DEFAULT NULL,
  `mobile` varchar(15) DEFAULT NULL,
  `fax` varchar(15) DEFAULT NULL,
  `contact_person` varchar(45) DEFAULT NULL,
  `address` varchar(255) DEFAULT NULL,
  `category` int(11) DEFAULT NULL,
  `enabled` tinyint(1) NOT NULL DEFAULT '0',
  `created_by` int(11) NOT NULL DEFAULT '0',
  `created_on` datetime NOT NULL,
  `lastupdated_by` int(11) NOT NULL DEFAULT '0',
  `lastupdated_on` datetime NOT NULL,
  PRIMARY KEY (`id`)
) ENGINE=InnoDB AUTO_INCREMENT=2 DEFAULT CHARSET=utf8;
/*!40101 SET character_set_client = @saved_cs_client */;

--
-- Dumping data for table `supplier`
--

LOCK TABLES `supplier` WRITE;
/*!40000 ALTER TABLE `supplier` DISABLE KEYS */;
INSERT INTO `supplier` VALUES (1,'MrJayantha Abeygunarathne',NULL,NULL,NULL,NULL,NULL,NULL,NULL,1,0,'2018-06-07 05:39:04',0,'2018-06-07 05:39:04');
/*!40000 ALTER TABLE `supplier` ENABLE KEYS */;
UNLOCK TABLES;

--
-- Table structure for table `tax_master`
--

DROP TABLE IF EXISTS `tax_master`;
/*!40101 SET @saved_cs_client     = @@character_set_client */;
/*!40101 SET character_set_client = utf8 */;
CREATE TABLE `tax_master` (
  `id` int(11) NOT NULL AUTO_INCREMENT,
  `tax_name` varchar(45) NOT NULL,
  `apply_order` int(11) NOT NULL,
  `percentage` float NOT NULL DEFAULT '0',
  `accumilative` tinyint(1) NOT NULL DEFAULT '0',
  `enabled` tinyint(1) NOT NULL DEFAULT '0',
  `created_by` int(11) NOT NULL DEFAULT '0',
  `created_on` datetime NOT NULL,
  `lastupdated_by` int(11) NOT NULL DEFAULT '0',
  `lastupdated_on` datetime NOT NULL,
  PRIMARY KEY (`id`)
) ENGINE=InnoDB AUTO_INCREMENT=3 DEFAULT CHARSET=utf8;
/*!40101 SET character_set_client = @saved_cs_client */;

--
-- Dumping data for table `tax_master`
--

LOCK TABLES `tax_master` WRITE;
/*!40000 ALTER TABLE `tax_master` DISABLE KEYS */;
INSERT INTO `tax_master` VALUES (1,'VAT',2,15,0,1,0,'0000-00-00 00:00:00',0,'0000-00-00 00:00:00'),(2,'NBT',1,2,0,1,0,'0000-00-00 00:00:00',0,'0000-00-00 00:00:00');
/*!40000 ALTER TABLE `tax_master` ENABLE KEYS */;
UNLOCK TABLES;

--
-- Table structure for table `template`
--

DROP TABLE IF EXISTS `template`;
/*!40101 SET @saved_cs_client     = @@character_set_client */;
/*!40101 SET character_set_client = utf8 */;
CREATE TABLE `template` (
  `id` int(11) NOT NULL AUTO_INCREMENT,
  `name` varchar(255) NOT NULL,
  `description` text,
  `content` text NOT NULL,
  `remarks` text,
  `type` enum('EMAIL','INVOICE') NOT NULL DEFAULT 'EMAIL',
  `enabled` tinyint(1) NOT NULL DEFAULT '1',
  `created_by` int(11) NOT NULL DEFAULT '0',
  `created_on` datetime NOT NULL,
  `lastupdated_by` int(11) NOT NULL DEFAULT '0',
  `lastupdated_on` datetime NOT NULL,
  PRIMARY KEY (`id`)
) ENGINE=MyISAM AUTO_INCREMENT=4 DEFAULT CHARSET=utf8;
/*!40101 SET character_set_client = @saved_cs_client */;

--
-- Dumping data for table `template`
--

LOCK TABLES `template` WRITE;
/*!40000 ALTER TABLE `template` DISABLE KEYS */;
INSERT INTO `template` VALUES (1,'Password Reset Email','','<!doctype html>\r\n<html>\r\n  <head>\r\n    <meta name=\"viewport\" content=\"width=device-width\" />\r\n    <meta http-equiv=\"Content-Type\" content=\"text/html; charset=UTF-8\" />\r\n    <title>Simple Transactional Email</title>\r\n    <style>\r\n      /* -------------------------------------\r\n          GLOBAL RESETS\r\n      ------------------------------------- */\r\n      img {\r\n        border: none;\r\n        -ms-interpolation-mode: bicubic;\r\n        max-width: 100%; }\r\n\r\n      body {\r\n        background-color: #f6f6f6;\r\n        font-family: sans-serif;\r\n        -webkit-font-smoothing: antialiased;\r\n        font-size: 14px;\r\n        line-height: 1.4;\r\n        margin: 0;\r\n        padding: 0;\r\n        -ms-text-size-adjust: 100%;\r\n        -webkit-text-size-adjust: 100%; }\r\n\r\n      table {\r\n        border-collapse: separate;\r\n        mso-table-lspace: 0pt;\r\n        mso-table-rspace: 0pt;\r\n        width: 100%; }\r\n        table td {\r\n          font-family: sans-serif;\r\n          font-size: 14px;\r\n          vertical-align: top; }\r\n\r\n      /* -------------------------------------\r\n          BODY & CONTAINER\r\n      ------------------------------------- */\r\n\r\n      .body {\r\n        background-color: #f6f6f6;\r\n        width: 100%; }\r\n\r\n      /* Set a max-width, and make it display as block so it will automatically stretch to that width, but will also shrink down on a phone or something */\r\n      .container {\r\n        display: block;\r\n        Margin: 0 auto !important;\r\n        /* makes it centered */\r\n        max-width: 580px;\r\n        padding: 10px;\r\n        width: 580px; }\r\n\r\n      /* This should also be a block element, so that it will fill 100% of the .container */\r\n      .content {\r\n        box-sizing: border-box;\r\n        display: block;\r\n        Margin: 0 auto;\r\n        max-width: 580px;\r\n        padding: 10px; }\r\n\r\n      /* -------------------------------------\r\n          HEADER, FOOTER, MAIN\r\n      ------------------------------------- */\r\n      .main {\r\n        background: #ffffff;\r\n        border-radius: 3px;\r\n        width: 100%; }\r\n\r\n      .wrapper {\r\n        box-sizing: border-box;\r\n        padding: 20px; }\r\n\r\n      .content-block {\r\n        padding-bottom: 10px;\r\n        padding-top: 10px;\r\n      }\r\n\r\n      .footer {\r\n        clear: both;\r\n        Margin-top: 10px;\r\n        text-align: center;\r\n        width: 100%; }\r\n        .footer td,\r\n        .footer p,\r\n        .footer span,\r\n        .footer a {\r\n          color: #999999;\r\n          font-size: 12px;\r\n          text-align: center; }\r\n\r\n      /* -------------------------------------\r\n          TYPOGRAPHY\r\n      ------------------------------------- */\r\n      h1,\r\n      h2,\r\n      h3,\r\n      h4 {\r\n        color: #000000;\r\n        font-family: sans-serif;\r\n        font-weight: 400;\r\n        line-height: 1.4;\r\n        margin: 0;\r\n        Margin-bottom: 30px; }\r\n\r\n      h1 {\r\n        font-size: 35px;\r\n        font-weight: 300;\r\n        text-align: center;\r\n        text-transform: capitalize; }\r\n\r\n      p,\r\n      ul,\r\n      ol {\r\n        font-family: sans-serif;\r\n        font-size: 14px;\r\n        font-weight: normal;\r\n        margin: 0;\r\n        Margin-bottom: 15px; }\r\n        p li,\r\n        ul li,\r\n        ol li {\r\n          list-style-position: inside;\r\n          margin-left: 5px; }\r\n\r\n      a {\r\n        color: #3498db;\r\n        text-decoration: underline; }\r\n\r\n      /* -------------------------------------\r\n          BUTTONS\r\n      ------------------------------------- */\r\n      .btn {\r\n        box-sizing: border-box;\r\n        width: 100%; }\r\n        .btn > tbody > tr > td {\r\n          padding-bottom: 15px; }\r\n        .btn table {\r\n          width: auto; }\r\n        .btn table td {\r\n          background-color: #ffffff;\r\n          border-radius: 5px;\r\n          text-align: center; }\r\n        .btn a {\r\n          background-color: #ffffff;\r\n          border: solid 1px #3498db;\r\n          border-radius: 5px;\r\n          box-sizing: border-box;\r\n          color: #3498db;\r\n          cursor: pointer;\r\n          display: inline-block;\r\n          font-size: 14px;\r\n          font-weight: bold;\r\n          margin: 0;\r\n          padding: 12px 25px;\r\n          text-decoration: none;\r\n          text-transform: capitalize; }\r\n\r\n      .btn-primary table td {\r\n        background-color: #3498db; }\r\n\r\n      .btn-primary a {\r\n        background-color: #3498db;\r\n        border-color: #3498db;\r\n        color: #ffffff; }\r\n\r\n      /* -------------------------------------\r\n          OTHER STYLES THAT MIGHT BE USEFUL\r\n      ------------------------------------- */\r\n      .last {\r\n        margin-bottom: 0; }\r\n\r\n      .first {\r\n        margin-top: 0; }\r\n\r\n      .align-center {\r\n        text-align: center; }\r\n\r\n      .align-right {\r\n        text-align: right; }\r\n\r\n      .align-left {\r\n        text-align: left; }\r\n\r\n      .clear {\r\n        clear: both; }\r\n\r\n      .mt0 {\r\n        margin-top: 0; }\r\n\r\n      .mb0 {\r\n        margin-bottom: 0; }\r\n\r\n      .preheader {\r\n        color: transparent;\r\n        display: none;\r\n        height: 0;\r\n        max-height: 0;\r\n        max-width: 0;\r\n        opacity: 0;\r\n        overflow: hidden;\r\n        mso-hide: all;\r\n        visibility: hidden;\r\n        width: 0; }\r\n\r\n      .powered-by a {\r\n        text-decoration: none; }\r\n\r\n      hr {\r\n        border: 0;\r\n        border-bottom: 1px solid #f6f6f6;\r\n        Margin: 20px 0; }\r\n\r\n      /* -------------------------------------\r\n          RESPONSIVE AND MOBILE FRIENDLY STYLES\r\n      ------------------------------------- */\r\n      @media only screen and (max-width: 620px) {\r\n        table[class=body] h1 {\r\n          font-size: 28px !important;\r\n          margin-bottom: 10px !important; }\r\n        table[class=body] p,\r\n        table[class=body] ul,\r\n        table[class=body] ol,\r\n        table[class=body] td,\r\n        table[class=body] span,\r\n        table[class=body] a {\r\n          font-size: 16px !important; }\r\n        table[class=body] .wrapper,\r\n        table[class=body] .article {\r\n          padding: 10px !important; }\r\n        table[class=body] .content {\r\n          padding: 0 !important; }\r\n        table[class=body] .container {\r\n          padding: 0 !important;\r\n          width: 100% !important; }\r\n        table[class=body] .main {\r\n          border-left-width: 0 !important;\r\n          border-radius: 0 !important;\r\n          border-right-width: 0 !important; }\r\n        table[class=body] .btn table {\r\n          width: 100% !important; }\r\n        table[class=body] .btn a {\r\n          width: 100% !important; }\r\n        table[class=body] .img-responsive {\r\n          height: auto !important;\r\n          max-width: 100% !important;\r\n          width: auto !important; }}\r\n\r\n      /* -------------------------------------\r\n          PRESERVE THESE STYLES IN THE HEAD\r\n      ------------------------------------- */\r\n      @media all {\r\n        .ExternalClass {\r\n          width: 100%; }\r\n        .ExternalClass,\r\n        .ExternalClass p,\r\n        .ExternalClass span,\r\n        .ExternalClass font,\r\n        .ExternalClass td,\r\n        .ExternalClass div {\r\n          line-height: 100%; }\r\n        .apple-link a {\r\n          color: inherit !important;\r\n          font-family: inherit !important;\r\n          font-size: inherit !important;\r\n          font-weight: inherit !important;\r\n          line-height: inherit !important;\r\n          text-decoration: none !important; }\r\n        .btn-primary table td:hover {\r\n          background-color: #34495e !important; }\r\n        .btn-primary a:hover {\r\n          background-color: #34495e !important;\r\n          border-color: #34495e !important; } }\r\n\r\n    </style>\r\n  </head>\r\n  <body class=\"\">\r\n    <table border=\"0\" cellpadding=\"0\" cellspacing=\"0\" class=\"body\">\r\n      <tr>\r\n        <td>&nbsp;</td>\r\n        <td class=\"container\">\r\n          <div class=\"content\">\r\n\r\n            <!-- START CENTERED WHITE CONTAINER -->\r\n            <span class=\"preheader\"></span>\r\n            <table class=\"main\">\r\n\r\n              <!-- START MAIN CONTENT AREA -->\r\n              <tr>\r\n                <td class=\"wrapper\">\r\n                  <table border=\"0\" cellpadding=\"0\" cellspacing=\"0\">\r\n                    <tr>\r\n                      <td>                        \r\n                        <p>Hi there,</p>\r\n                    <p>You told us to forget your password. If you really did, click here to choose a new one:</p>\r\n                    <table border=\"0\" cellpadding=\"0\" cellspacing=\"0\" class=\"btn btn-primary\">\r\n                    <tbody>\r\n                      <tr>\r\n                        <td align=\"left\">\r\n                          <table border=\"0\" cellpadding=\"0\" cellspacing=\"0\">\r\n                            <tbody>\r\n                              <tr>\r\n                                <td> <a href=\"{RESET_LINK}\" target=\"_blank\">Reset Password</a> </td>\r\n                              </tr>\r\n                            </tbody>\r\n                          </table>\r\n                        </td>\r\n                      </tr>\r\n                    </tbody>\r\n                    </table>\r\n                    <p>If you didn\'t mean to reset your password, then you can just ignore this email; your password will not change.</p>\r\n                      </td>\r\n                    </tr>\r\n                  </table>\r\n                </td>\r\n              </tr>\r\n\r\n            <!-- END MAIN CONTENT AREA -->\r\n            </table>\r\n\r\n            <!-- START FOOTER -->\r\n            <div class=\"footer\">\r\n              <table border=\"0\" cellpadding=\"0\" cellspacing=\"0\">\r\n                <tr>\r\n                  <td class=\"content-block\">\r\n                    <span class=\"apple-link\">Eyewear, Sri Lanka</span>\r\n                    <!--<br> Don\'t like these emails? <a href=\"http://i.imgur.com/CScmqnj.gif\">Unsubscribe</a>.-->\r\n                  </td>\r\n                </tr>\r\n                <tr>\r\n                  <td class=\"content-block powered-by\">\r\n                    Powered by <a target=\"_blank\" href=\"http://smartedesigners.com/\">Smart eDesigners</a>.\r\n                  </td>\r\n                </tr>\r\n              </table>\r\n            </div>\r\n            <!-- END FOOTER -->\r\n\r\n          <!-- END CENTERED WHITE CONTAINER -->\r\n          </div>\r\n        </td>\r\n        <td>&nbsp;</td>\r\n      </tr>\r\n    </table>\r\n  </body>\r\n</html>\r\n','Parameters: RESET_LINK','EMAIL',1,0,'2018-01-22 10:35:57',0,'2018-01-22 10:35:57'),(2,'Order Creation Email',NULL,'<!doctype html>\r   <html>\r     <head>\r       <meta name=\"viewport\" content=\"width=device-width\" />\r       <meta http-equiv=\"Content-Type\" content=\"text/html; charset=UTF-8\" />\r       <title>Simple Transactional Email</title>\r       <style>\r         /* -------------------------------------\r             GLOBAL RESETS\r         ------------------------------------- */\r         img {\r           border: none;\r           -ms-interpolation-mode: bicubic;\r           max-width: 100%; }\r   \r         body {\r           background-color: #f6f6f6;\r           font-family: sans-serif;\r           -webkit-font-smoothing: antialiased;\r           font-size: 14px;\r           line-height: 1.4;\r           margin: 0;\r           padding: 0;\r           -ms-text-size-adjust: 100%;\r           -webkit-text-size-adjust: 100%; }\r   \r         table {\r           border-collapse: separate;\r           mso-table-lspace: 0pt;\r           mso-table-rspace: 0pt;\r           width: 100%; }\r           table td {\r             font-family: sans-serif;\r             font-size: 14px;\r             vertical-align: top; }\r   \r         /* -------------------------------------\r             BODY & CONTAINER\r         ------------------------------------- */\r   \r         .body {\r           background-color: #f6f6f6;\r           width: 100%; }\r   \r         /* Set a max-width, and make it display as block so it will automatically stretch to that width, but will also shrink down on a phone or something */\r         .container {\r           display: block;\r           Margin: 0 auto !important;\r           /* makes it centered */\r           max-width: 580px;\r           padding: 10px;\r           width: 580px; }\r   \r         /* This should also be a block element, so that it will fill 100% of the .container */\r         .content {\r           box-sizing: border-box;\r           display: block;\r           Margin: 0 auto;\r           max-width: 580px;\r           padding: 10px; }\r   \r         /* -------------------------------------\r             HEADER, FOOTER, MAIN\r         ------------------------------------- */\r         .main {\r           background: #ffffff;\r           border-radius: 3px;\r           width: 100%; }\r   \r         .wrapper {\r           box-sizing: border-box;\r           padding: 20px; }\r   \r         .content-block {\r           padding-bottom: 10px;\r           padding-top: 10px;\r         }\r   \r         .footer {\r           clear: both;\r           Margin-top: 10px;\r           text-align: center;\r           width: 100%; }\r           .footer td,\r           .footer p,\r           .footer span,\r           .footer a {\r             color: #999999;\r             font-size: 12px;\r             text-align: center; }\r   \r         /* -------------------------------------\r             TYPOGRAPHY\r         ------------------------------------- */\r         h1,\r         h2,\r         h3,\r         h4 {\r           color: #000000;\r           font-family: sans-serif;\r           font-weight: 400;\r           line-height: 1.4;\r           margin: 0;\r           Margin-bottom: 30px; }\r   \r         h1 {\r           font-size: 35px;\r           font-weight: 300;\r           text-align: center;\r           text-transform: capitalize; }\r   \r         p,\r         ul,\r         ol {\r           font-family: sans-serif;\r           font-size: 14px;\r           font-weight: normal;\r           margin: 0;\r           Margin-bottom: 15px; }\r           p li,\r           ul li,\r           ol li {\r             list-style-position: inside;\r             margin-left: 5px; }\r   \r         a {\r           color: #3498db;\r           text-decoration: underline; }\r   \r         /* -------------------------------------\r             BUTTONS\r         ------------------------------------- */\r         .btn {\r           box-sizing: border-box;\r           width: 100%; }\r           .btn > tbody > tr > td {\r             padding-bottom: 15px; }\r           .btn table {\r             width: auto; }\r           .btn table td {\r             background-color: #ffffff;\r             border-radius: 5px;\r             text-align: center; }\r           .btn a {\r             background-color: #ffffff;\r             border: solid 1px #3498db;\r             border-radius: 5px;\r             box-sizing: border-box;\r             color: #3498db;\r             cursor: pointer;\r             display: inline-block;\r             font-size: 14px;\r             font-weight: bold;\r             margin: 0;\r             padding: 12px 25px;\r             text-decoration: none;\r             text-transform: capitalize; }\r   \r         .btn-primary table td {\r           background-color: #3498db; }\r   \r         .btn-primary a {\r           background-color: #3498db;\r           border-color: #3498db;\r           color: #ffffff; }\r   \r         /* -------------------------------------\r             OTHER STYLES THAT MIGHT BE USEFUL\r         ------------------------------------- */\r         .last {\r           margin-bottom: 0; }\r   \r         .first {\r           margin-top: 0; }\r   \r         .align-center {\r           text-align: center; }\r   \r         .align-right {\r           text-align: right; }\r   \r         .align-left {\r           text-align: left; }\r   \r         .clear {\r           clear: both; }\r   \r         .mt0 {\r           margin-top: 0; }\r   \r         .mb0 {\r           margin-bottom: 0; }\r   \r         .preheader {\r           color: transparent;\r           display: none;\r           height: 0;\r           max-height: 0;\r           max-width: 0;\r           opacity: 0;\r           overflow: hidden;\r           mso-hide: all;\r           visibility: hidden;\r           width: 0; }\r   \r         .powered-by a {\r           text-decoration: none; }\r   \r         hr {\r           border: 0;\r           border-bottom: 1px solid #f6f6f6;\r           Margin: 20px 0; }\r   \r         /* -------------------------------------\r             RESPONSIVE AND MOBILE FRIENDLY STYLES\r         ------------------------------------- */\r         @media only screen and (max-width: 620px) {\r           table[class=body] h1 {\r             font-size: 28px !important;\r             margin-bottom: 10px !important; }\r           table[class=body] p,\r           table[class=body] ul,\r           table[class=body] ol,\r           table[class=body] td,\r           table[class=body] span,\r           table[class=body] a {\r             font-size: 16px !important; }\r           table[class=body] .wrapper,\r           table[class=body] .article {\r             padding: 10px !important; }\r           table[class=body] .content {\r             padding: 0 !important; }\r           table[class=body] .container {\r             padding: 0 !important;\r             width: 100% !important; }\r           table[class=body] .main {\r             border-left-width: 0 !important;\r             border-radius: 0 !important;\r             border-right-width: 0 !important; }\r           table[class=body] .btn table {\r             width: 100% !important; }\r           table[class=body] .btn a {\r             width: 100% !important; }\r           table[class=body] .img-responsive {\r             height: auto !important;\r             max-width: 100% !important;\r             width: auto !important; }}\r   \r         /* -------------------------------------\r             PRESERVE THESE STYLES IN THE HEAD\r         ------------------------------------- */\r         @media all {\r           .ExternalClass {\r             width: 100%; }\r           .ExternalClass,\r           .ExternalClass p,\r           .ExternalClass span,\r           .ExternalClass font,\r           .ExternalClass td,\r           .ExternalClass div {\r             line-height: 100%; }\r           .apple-link a {\r             color: inherit !important;\r             font-family: inherit !important;\r             font-size: inherit !important;\r             font-weight: inherit !important;\r             line-height: inherit !important;\r             text-decoration: none !important; }\r           .btn-primary table td:hover {\r             background-color: #34495e !important; }\r           .btn-primary a:hover {\r             background-color: #34495e !important;\r             border-color: #34495e !important; } }\r   \r       </style>\r     </head>\r     <body class=\"\">\r       <table border=\"0\" cellpadding=\"0\" cellspacing=\"0\" class=\"body\">\r         <tr>\r           <td>&nbsp;</td>\r           <td class=\"container\">\r             <div class=\"content\">\r   \r               <!-- START CENTERED WHITE CONTAINER -->\r               <span class=\"preheader\"></span>\r               <table class=\"main\">\r   \r                 <!-- START MAIN CONTENT AREA -->\r                 <tr>\r                   <td class=\"wrapper\">\r                     <table border=\"0\" cellpadding=\"0\" cellspacing=\"0\">\r                       <tr>\r                         <td>                        \r                           <p>Hi {first_name} {last_name},</p>\r  						<p>You order ({order_number}) is confirm.</p>\r  						Order Number: {order_number}.<br>\r  						Order Date: {order_date}.<br>\r  						Invoice Code: {invoice_code}.<br>\r  						Invoice Amount: {amount}.<br>\r                         </td>\r                       </tr>\r 					  \r 					  <tr>\r 					  <td>\r 					  <br>\r 					  Go to Order Card,<br>\r 					  <a href=\"{order_card}\" target=\"_BLANK\">{order_card}</a>\r 					  </td>\r 					  </tr>\r                     </table>\r                   </td>\r                 </tr>\r   \r               <!-- END MAIN CONTENT AREA -->\r               </table>\r   \r               <!-- START FOOTER -->\r               <div class=\"footer\">\r                 <table border=\"0\" cellpadding=\"0\" cellspacing=\"0\">\r                   <tr>\r                     <td class=\"content-block\">\r                       <span class=\"apple-link\">Eyewear, Sri Lanka</span>\r                       <!--<br> Don\'t like these emails? <a href=\"http://i.imgur.com/CScmqnj.gif\">Unsubscribe</a>.-->\r                     </td>\r                   </tr>\r                   <tr>\r                     <td class=\"content-block powered-by\">\r                       Powered by <a target=\"_blank\" href=\"http://smartedesigners.com/\">Smart eDesigners</a>.\r                     </td>\r                   </tr>\r                 </table>\r               </div>\r               <!-- END FOOTER -->\r   \r             <!-- END CENTERED WHITE CONTAINER -->\r             </div>\r           </td>\r           <td>&nbsp;</td>\r         </tr>\r       </table>\r     </body>\r   </html>\r   ',NULL,'EMAIL',1,0,'2018-05-24 01:21:51',0,'2018-05-24 01:21:51'),(3,'Customer Invoice Mail',NULL,'<!doctype html>\n   <html>\n     <head>\n       <meta name=\"viewport\" content=\"width=device-width\" />\n       <meta http-equiv=\"Content-Type\" content=\"text/html; charset=UTF-8\" />\n       <title>Simple Transactional Email</title>\n       <style>\n         /* -------------------------------------\n             GLOBAL RESETS\n         ------------------------------------- */\n         img {\n           border: none;\n           -ms-interpolation-mode: bicubic;\n           max-width: 100%; }\n   \n         body {\n           background-color: #f6f6f6;\n           font-family: sans-serif;\n           -webkit-font-smoothing: antialiased;\n           font-size: 14px;\n           line-height: 1.4;\n           margin: 0;\n           padding: 0;\n           -ms-text-size-adjust: 100%;\n           -webkit-text-size-adjust: 100%; }\n   \n         table {\n           border-collapse: separate;\n           mso-table-lspace: 0pt;\n           mso-table-rspace: 0pt;\n           width: 100%; }\n           table td {\n             font-family: sans-serif;\n             font-size: 14px;\n             vertical-align: top; }\n   \n         /* -------------------------------------\n             BODY & CONTAINER\n         ------------------------------------- */\n   \n         .body {\n           background-color: #f6f6f6;\n           width: 100%; }\n   \n         /* Set a max-width, and make it display as block so it will automatically stretch to that width, but will also shrink down on a phone or something */\n         .container {\n           display: block;\n           Margin: 0 auto !important;\n           /* makes it centered */\n           max-width: 580px;\n           padding: 10px;\n           width: 580px; }\n   \n         /* This should also be a block element, so that it will fill 100% of the .container */\n         .content {\n           box-sizing: border-box;\n           display: block;\n           Margin: 0 auto;\n           max-width: 580px;\n           padding: 10px; }\n   \n         /* -------------------------------------\n             HEADER, FOOTER, MAIN\n         ------------------------------------- */\n         .main {\n           background: #ffffff;\n           border-radius: 3px;\n           width: 100%; }\n   \n         .wrapper {\n           box-sizing: border-box;\n           padding: 20px; }\n   \n         .content-block {\n           padding-bottom: 10px;\n           padding-top: 10px;\n         }\n   \n         .footer {\n           clear: both;\n           Margin-top: 10px;\n           text-align: center;\n           width: 100%; }\n           .footer td,\n           .footer p,\n           .footer span,\n           .footer a {\n             color: #999999;\n             font-size: 12px;\n             text-align: center; }\n   \n         /* -------------------------------------\n             TYPOGRAPHY\n         ------------------------------------- */\n         h1,\n         h2,\n         h3,\n         h4 {\n           color: #000000;\n           font-family: sans-serif;\n           font-weight: 400;\n           line-height: 1.4;\n           margin: 0;\n           Margin-bottom: 30px; }\n   \n         h1 {\n           font-size: 35px;\n           font-weight: 300;\n           text-align: center;\n           text-transform: capitalize; }\n   \n         p,\n         ul,\n         ol {\n           font-family: sans-serif;\n           font-size: 14px;\n           font-weight: normal;\n           margin: 0;\n           Margin-bottom: 15px; }\n           p li,\n           ul li,\n           ol li {\n             list-style-position: inside;\n             margin-left: 5px; }\n   \n         a {\n           color: #3498db;\n           text-decoration: underline; }\n   \n         /* -------------------------------------\n             BUTTONS\n         ------------------------------------- */\n         .btn {\n           box-sizing: border-box;\n           width: 100%; }\n           .btn > tbody > tr > td {\n             padding-bottom: 15px; }\n           .btn table {\n             width: auto; }\n           .btn table td {\n             background-color: #ffffff;\n             border-radius: 5px;\n             text-align: center; }\n           .btn a {\n             background-color: #ffffff;\n             border: solid 1px #3498db;\n             border-radius: 5px;\n             box-sizing: border-box;\n             color: #3498db;\n             cursor: pointer;\n             display: inline-block;\n             font-size: 14px;\n             font-weight: bold;\n             margin: 0;\n             padding: 12px 25px;\n             text-decoration: none;\n             text-transform: capitalize; }\n   \n         .btn-primary table td {\n           background-color: #3498db; }\n   \n         .btn-primary a {\n           background-color: #3498db;\n           border-color: #3498db;\n           color: #ffffff; }\n   \n         /* -------------------------------------\n             OTHER STYLES THAT MIGHT BE USEFUL\n         ------------------------------------- */\n         .last {\n           margin-bottom: 0; }\n   \n         .first {\n           margin-top: 0; }\n   \n         .align-center {\n           text-align: center; }\n   \n         .align-right {\n           text-align: right; }\n   \n         .align-left {\n           text-align: left; }\n   \n         .clear {\n           clear: both; }\n   \n         .mt0 {\n           margin-top: 0; }\n   \n         .mb0 {\n           margin-bottom: 0; }\n   \n         .preheader {\n           color: transparent;\n           display: none;\n           height: 0;\n           max-height: 0;\n           max-width: 0;\n           opacity: 0;\n           overflow: hidden;\n           mso-hide: all;\n           visibility: hidden;\n           width: 0; }\n   \n         .powered-by a {\n           text-decoration: none; }\n   \n         hr {\n           border: 0;\n           border-bottom: 1px solid #f6f6f6;\n           Margin: 20px 0; }\n   \n         /* -------------------------------------\n             RESPONSIVE AND MOBILE FRIENDLY STYLES\n         ------------------------------------- */\n         @media only screen and (max-width: 620px) {\n           table[class=body] h1 {\n             font-size: 28px !important;\n             margin-bottom: 10px !important; }\n           table[class=body] p,\n           table[class=body] ul,\n           table[class=body] ol,\n           table[class=body] td,\n           table[class=body] span,\n           table[class=body] a {\n             font-size: 16px !important; }\n           table[class=body] .wrapper,\n           table[class=body] .article {\n             padding: 10px !important; }\n           table[class=body] .content {\n             padding: 0 !important; }\n           table[class=body] .container {\n             padding: 0 !important;\n             width: 100% !important; }\n           table[class=body] .main {\n             border-left-width: 0 !important;\n             border-radius: 0 !important;\n             border-right-width: 0 !important; }\n           table[class=body] .btn table {\n             width: 100% !important; }\n           table[class=body] .btn a {\n             width: 100% !important; }\n           table[class=body] .img-responsive {\n             height: auto !important;\n             max-width: 100% !important;\n             width: auto !important; }}\n   \n         /* -------------------------------------\n             PRESERVE THESE STYLES IN THE HEAD\n         ------------------------------------- */\n         @media all {\n           .ExternalClass {\n             width: 100%; }\n           .ExternalClass,\n           .ExternalClass p,\n           .ExternalClass span,\n           .ExternalClass font,\n           .ExternalClass td,\n           .ExternalClass div {\n             line-height: 100%; }\n           .apple-link a {\n             color: inherit !important;\n             font-family: inherit !important;\n             font-size: inherit !important;\n             font-weight: inherit !important;\n             line-height: inherit !important;\n             text-decoration: none !important; }\n           .btn-primary table td:hover {\n             background-color: #34495e !important; }\n           .btn-primary a:hover {\n             background-color: #34495e !important;\n             border-color: #34495e !important; } }\n   \n       </style>\n     </head>\n     <body class=\"\">\n       <table border=\"0\" cellpadding=\"0\" cellspacing=\"0\" class=\"body\">\n         <tr>\n           <td>&nbsp;</td>\n           <td class=\"container\">\n             <div class=\"content\">\n   \n               <!-- START CENTERED WHITE CONTAINER -->\n               <span class=\"preheader\"></span>\n               <table class=\"main\">\n   \n                 <!-- START MAIN CONTENT AREA -->\n                 <tr>\n                   <td class=\"wrapper\">\n                     <table border=\"0\" cellpadding=\"0\" cellspacing=\"0\">\n                       <tr>\n                         <td>                        \n                           <p>Hi {first_name} {last_name},</p>\n  						<p>You order ({order_number}) is confirm.</p>\n  						Order Number: {order_number}.<br>\n  						Order Date: {order_date}.<br>\n  						Invoice Code: {invoice_code}.<br>\n  						Invoice Amount: {amount}.<br>\n                         </td>\n                       </tr>\n 					  \n 					  <!--<tr>\n 					  <td>\n 					  <br>\n 					  Go to Invoice Card,<br>\n 					  <a href=\"{invoice_card}\" target=\"_BLANK\">{invoice_card}</a>\n 					  </td>\n 					  </tr> -->\n                     </table>\n                   </td>\n                 </tr>\n   \n               <!-- END MAIN CONTENT AREA -->\n               </table>\n   \n               <!-- START FOOTER -->\n               <div class=\"footer\">\n                 <table border=\"0\" cellpadding=\"0\" cellspacing=\"0\">\n                   <tr>\n                     <td class=\"content-block\">\n                       <span class=\"apple-link\">Eyewear, Sri Lanka</span>\n                       <!--<br> Don\'t like these emails? <a href=\"http://i.imgur.com/CScmqnj.gif\">Unsubscribe</a>.-->\n                     </td>\n                   </tr>\n                   <tr>\n                     <td class=\"content-block powered-by\">\n                       Powered by <a target=\"_blank\" href=\"http://smartedesigners.com/\">Smart eDesigners</a>.\n                     </td>\n                   </tr>\n                 </table>\n               </div>\n               <!-- END FOOTER -->\n   \n             <!-- END CENTERED WHITE CONTAINER -->\n             </div>\n           </td>\n           <td>&nbsp;</td>\n         </tr>\n       </table>\n     </body>\n   </html>\n   ',NULL,'EMAIL',1,0,'0000-00-00 00:00:00',0,'0000-00-00 00:00:00');
/*!40000 ALTER TABLE `template` ENABLE KEYS */;
UNLOCK TABLES;

--
-- Table structure for table `unit`
--

DROP TABLE IF EXISTS `unit`;
/*!40101 SET @saved_cs_client     = @@character_set_client */;
/*!40101 SET character_set_client = utf8 */;
CREATE TABLE `unit` (
  `id` int(11) NOT NULL AUTO_INCREMENT,
  `unit` varchar(15) NOT NULL,
  `enabled` tinyint(1) NOT NULL DEFAULT '0',
  `created_by` int(11) NOT NULL DEFAULT '0',
  `created_on` datetime NOT NULL,
  `lastupdated_by` int(11) NOT NULL DEFAULT '0',
  `lastupdated_on` datetime NOT NULL,
  PRIMARY KEY (`id`)
) ENGINE=InnoDB AUTO_INCREMENT=11 DEFAULT CHARSET=utf8;
/*!40101 SET character_set_client = @saved_cs_client */;

--
-- Dumping data for table `unit`
--

LOCK TABLES `unit` WRITE;
/*!40000 ALTER TABLE `unit` DISABLE KEYS */;
INSERT INTO `unit` VALUES (1,'Nos',1,1,'2018-04-06 16:05:58',1,'2018-04-06 16:05:58'),(2,'g',1,1,'2018-04-06 16:05:58',1,'2018-04-06 16:05:58'),(3,'Kg',1,1,'2018-04-06 16:05:58',1,'2018-04-06 16:05:58'),(4,'L',1,1,'2018-04-06 16:05:58',1,'2018-04-06 16:05:58'),(5,'ml',1,1,'2018-04-06 16:05:58',1,'2018-04-06 16:05:58'),(6,'m',1,1,'2018-04-06 16:05:58',1,'2018-04-06 16:05:58'),(7,'cm',1,1,'2018-04-06 16:05:58',1,'2018-04-06 16:05:58'),(8,'Km',1,1,'2018-04-06 16:05:58',1,'2018-04-06 16:05:58'),(9,'Inch',1,1,'2018-04-06 16:05:58',1,'2018-04-06 16:05:58'),(10,'Feet',1,1,'2018-04-06 16:05:58',1,'2018-04-06 16:05:58');
/*!40000 ALTER TABLE `unit` ENABLE KEYS */;
UNLOCK TABLES;
/*!40103 SET TIME_ZONE=@OLD_TIME_ZONE */;

/*!40101 SET SQL_MODE=@OLD_SQL_MODE */;
/*!40014 SET FOREIGN_KEY_CHECKS=@OLD_FOREIGN_KEY_CHECKS */;
/*!40014 SET UNIQUE_CHECKS=@OLD_UNIQUE_CHECKS */;
/*!40101 SET CHARACTER_SET_CLIENT=@OLD_CHARACTER_SET_CLIENT */;
/*!40101 SET CHARACTER_SET_RESULTS=@OLD_CHARACTER_SET_RESULTS */;
/*!40101 SET COLLATION_CONNECTION=@OLD_COLLATION_CONNECTION */;
/*!40111 SET SQL_NOTES=@OLD_SQL_NOTES */;

-- Dump completed on 2018-09-05  9:29:23
